Arguments: 
  /home/pisang/.nvm/versions/node/v16.18.1/bin/node /home/pisang/.nvm/versions/node/v16.18.1/bin/yarn push

PATH: 
  /home/linuxbrew/.linuxbrew/bin:/home/linuxbrew/.linuxbrew/sbin:/home/pisang/.nix-profile/bin:/nix/var/nix/profiles/default/bin:/home/linuxbrew/.linuxbrew/bin:/home/linuxbrew/.linuxbrew/sbin:/home/pisang/.nvm/versions/node/v16.18.1/bin:/home/pisang/.nix-profile/bin:/nix/var/nix/profiles/default/bin:/home/linuxbrew/.linuxbrew/bin:/home/linuxbrew/.linuxbrew/sbin:/home/pisang/.nix-profile/bin:/nix/var/nix/profiles/default/bin:/usr/local/sbin:/usr/local/bin:/usr/sbin:/usr/bin:/sbin:/bin:/usr/games:/usr/local/games:/snap/bin:/home/pisang/android/sdk/tools/bin:/home/pisang/android/sdk/platform-tools:/home/pisang/android/sdk/emulator:/home/pisang/android/sdk/tools/bin:/home/pisang/android/sdk/platform-tools:/home/pisang/android/sdk/emulator

Yarn version: 
  1.22.19

Node version: 
  16.18.1

Platform: 
  linux x64

Trace: 
  Error: ENOSPC: no space left on device, mkdir '/tmp/yarn--1683519581763-0.42437692975642527'

npm manifest: 
  {
    "$schema": "https://json.schemastore.org/package",
    "name": "data-core",
    "version": "1.0.1-directus",
    "description": "",
    "scripts": {
      "start": "npx mv-data-core start",
      "build": "docker build -t \"mvdevops/data-core:$(sh version.sh)\" -f staging.dockerfile .",
      "push": "docker push \"mvdevops/data-core:$(sh version.sh)\"",
      "dev": "cross-env EXTENSIONS_AUTO_RELOAD=true npx mv-data-core start",
      "upgrade": "npm i mv-data-core",
      "bootstrap": "sh setup.sh"
    },
    "keywords": [],
    "author": "",
    "license": "ISC",
    "dependencies": {
      "mssql": "^7.3.0",
      "mv-data-core": "9.13.7",
      "rapidoc": "^9.3.3",
      "uuid": "^8.3.2"
    },
    "devDependencies": {
      "axios": "^0.25.0",
      "colors": "^1.4.0",
      "command-line-args": "^5.2.0",
      "cross-env": "^7.0.3",
      "swagger-ui-express": "^4.3.0"
    }
  }

yarn manifest: 
  No manifest

Lockfile: 
  # THIS IS AN AUTOGENERATED FILE. DO NOT EDIT THIS FILE DIRECTLY.
  # yarn lockfile v1
  
  
  "@apitools/openapi-parser@0.0.30":
    version "0.0.30"
    resolved "https://registry.yarnpkg.com/@apitools/openapi-parser/-/openapi-parser-0.0.30.tgz#9eaf3ea4b15a8385687d699171943ce9b7f061b1"
    integrity sha512-e8KttEjBSozuSO7IVeFTRvzqgsbxwFtGbwc1Yi/u8EgzDqtVpTOgZ5qfSwtzAdKNkx0x+oi+s/1imCAju0lhTA==
    dependencies:
      swagger-client "^3.18.5"
  
  "@aws-crypto/ie11-detection@^3.0.0":
    version "3.0.0"
    resolved "https://registry.yarnpkg.com/@aws-crypto/ie11-detection/-/ie11-detection-3.0.0.tgz#640ae66b4ec3395cee6a8e94ebcd9f80c24cd688"
    integrity sha512-341lBBkiY1DfDNKai/wXM3aujNBkXR7tq1URPQDL9wi3AUbI80NR74uF1TXHMm7po1AcnFk8iu2S2IeU/+/A+Q==
    dependencies:
      tslib "^1.11.1"
  
  "@aws-crypto/sha256-browser@3.0.0":
    version "3.0.0"
    resolved "https://registry.yarnpkg.com/@aws-crypto/sha256-browser/-/sha256-browser-3.0.0.tgz#05f160138ab893f1c6ba5be57cfd108f05827766"
    integrity sha512-8VLmW2B+gjFbU5uMeqtQM6Nj0/F1bro80xQXCW6CQBWgosFWXTx77aeOF5CAIAmbOK64SdMBJdNr6J41yP5mvQ==
    dependencies:
      "@aws-crypto/ie11-detection" "^3.0.0"
      "@aws-crypto/sha256-js" "^3.0.0"
      "@aws-crypto/supports-web-crypto" "^3.0.0"
      "@aws-crypto/util" "^3.0.0"
      "@aws-sdk/types" "^3.222.0"
      "@aws-sdk/util-locate-window" "^3.0.0"
      "@aws-sdk/util-utf8-browser" "^3.0.0"
      tslib "^1.11.1"
  
  "@aws-crypto/sha256-js@3.0.0", "@aws-crypto/sha256-js@^3.0.0":
    version "3.0.0"
    resolved "https://registry.yarnpkg.com/@aws-crypto/sha256-js/-/sha256-js-3.0.0.tgz#f06b84d550d25521e60d2a0e2a90139341e007c2"
    integrity sha512-PnNN7os0+yd1XvXAy23CFOmTbMaDxgxXtTKHybrJ39Y8kGzBATgBFibWJKH6BhytLI/Zyszs87xCOBNyBig6vQ==
    dependencies:
      "@aws-crypto/util" "^3.0.0"
      "@aws-sdk/types" "^3.222.0"
      tslib "^1.11.1"
  
  "@aws-crypto/supports-web-crypto@^3.0.0":
    version "3.0.0"
    resolved "https://registry.yarnpkg.com/@aws-crypto/supports-web-crypto/-/supports-web-crypto-3.0.0.tgz#5d1bf825afa8072af2717c3e455f35cda0103ec2"
    integrity sha512-06hBdMwUAb2WFTuGG73LSC0wfPu93xWwo5vL2et9eymgmu3Id5vFAHBbajVWiGhPO37qcsdCap/FqXvJGJWPIg==
    dependencies:
      tslib "^1.11.1"
  
  "@aws-crypto/util@^3.0.0":
    version "3.0.0"
    resolved "https://registry.yarnpkg.com/@aws-crypto/util/-/util-3.0.0.tgz#1c7ca90c29293f0883468ad48117937f0fe5bfb0"
    integrity sha512-2OJlpeJpCR48CC8r+uKVChzs9Iungj9wkZrl8Z041DWEWvyIHILYKCPNzJghKsivj+S3mLo6BVc7mBNzdxA46w==
    dependencies:
      "@aws-sdk/types" "^3.222.0"
      "@aws-sdk/util-utf8-browser" "^3.0.0"
      tslib "^1.11.1"
  
  "@aws-sdk/abort-controller@3.310.0":
    version "3.310.0"
    resolved "https://registry.yarnpkg.com/@aws-sdk/abort-controller/-/abort-controller-3.310.0.tgz#0da2d29b823daa03b7c1f0b43de1f030583b4f51"
    integrity sha512-v1zrRQxDLA1MdPim159Vx/CPHqsB4uybSxRi1CnfHO5ZjHryx3a5htW2gdGAykVCul40+yJXvfpufMrELVxH+g==
    dependencies:
      "@aws-sdk/types" "3.310.0"
      tslib "^2.5.0"
  
  "@aws-sdk/client-cognito-identity@3.312.0":
    version "3.312.0"
    resolved "https://registry.yarnpkg.com/@aws-sdk/client-cognito-identity/-/client-cognito-identity-3.312.0.tgz#1b837d72704851547fdeb6c30d302cbacdecb3ec"
    integrity sha512-I3kIpxCST+oWasGWB+aERzyFP0q4e2QGbacPTiz7VQOdiLZaeeeZ2kvy+kJc/EHLlDKpftELQAvgQw2GROP1pA==
    dependencies:
      "@aws-crypto/sha256-browser" "3.0.0"
      "@aws-crypto/sha256-js" "3.0.0"
      "@aws-sdk/client-sts" "3.312.0"
      "@aws-sdk/config-resolver" "3.310.0"
      "@aws-sdk/credential-provider-node" "3.310.0"
      "@aws-sdk/fetch-http-handler" "3.310.0"
      "@aws-sdk/hash-node" "3.310.0"
      "@aws-sdk/invalid-dependency" "3.310.0"
      "@aws-sdk/middleware-content-length" "3.310.0"
      "@aws-sdk/middleware-endpoint" "3.310.0"
      "@aws-sdk/middleware-host-header" "3.310.0"
      "@aws-sdk/middleware-logger" "3.310.0"
      "@aws-sdk/middleware-recursion-detection" "3.310.0"
      "@aws-sdk/middleware-retry" "3.310.0"
      "@aws-sdk/middleware-serde" "3.310.0"
      "@aws-sdk/middleware-signing" "3.310.0"
      "@aws-sdk/middleware-stack" "3.310.0"
      "@aws-sdk/middleware-user-agent" "3.310.0"
      "@aws-sdk/node-config-provider" "3.310.0"
      "@aws-sdk/node-http-handler" "3.310.0"
      "@aws-sdk/protocol-http" "3.310.0"
      "@aws-sdk/smithy-client" "3.310.0"
      "@aws-sdk/types" "3.310.0"
      "@aws-sdk/url-parser" "3.310.0"
      "@aws-sdk/util-base64" "3.310.0"
      "@aws-sdk/util-body-length-browser" "3.310.0"
      "@aws-sdk/util-body-length-node" "3.310.0"
      "@aws-sdk/util-defaults-mode-browser" "3.310.0"
      "@aws-sdk/util-defaults-mode-node" "3.310.0"
      "@aws-sdk/util-endpoints" "3.310.0"
      "@aws-sdk/util-retry" "3.310.0"
      "@aws-sdk/util-user-agent-browser" "3.310.0"
      "@aws-sdk/util-user-agent-node" "3.310.0"
      "@aws-sdk/util-utf8" "3.310.0"
      tslib "^2.5.0"
  
  "@aws-sdk/client-ses@^3.40.0":
    version "3.312.0"
    resolved "https://registry.yarnpkg.com/@aws-sdk/client-ses/-/client-ses-3.312.0.tgz#a61ff75be5ad8222f8dfd1dadc68839300c59cd0"
    integrity sha512-LcjSTwP4mz+A8iLHbN+9cMu6yxmxVjAwCKXPMCkiQtJ8svfgxeeJf/AdQcfQ/Akhga2XwQSVQkMeeRtXkVcv+Q==
    dependencies:
      "@aws-crypto/sha256-browser" "3.0.0"
      "@aws-crypto/sha256-js" "3.0.0"
      "@aws-sdk/client-sts" "3.312.0"
      "@aws-sdk/config-resolver" "3.310.0"
      "@aws-sdk/credential-provider-node" "3.310.0"
      "@aws-sdk/fetch-http-handler" "3.310.0"
      "@aws-sdk/hash-node" "3.310.0"
      "@aws-sdk/invalid-dependency" "3.310.0"
      "@aws-sdk/middleware-content-length" "3.310.0"
      "@aws-sdk/middleware-endpoint" "3.310.0"
      "@aws-sdk/middleware-host-header" "3.310.0"
      "@aws-sdk/middleware-logger" "3.310.0"
      "@aws-sdk/middleware-recursion-detection" "3.310.0"
      "@aws-sdk/middleware-retry" "3.310.0"
      "@aws-sdk/middleware-serde" "3.310.0"
      "@aws-sdk/middleware-signing" "3.310.0"
      "@aws-sdk/middleware-stack" "3.310.0"
      "@aws-sdk/middleware-user-agent" "3.310.0"
      "@aws-sdk/node-config-provider" "3.310.0"
      "@aws-sdk/node-http-handler" "3.310.0"
      "@aws-sdk/protocol-http" "3.310.0"
      "@aws-sdk/smithy-client" "3.310.0"
      "@aws-sdk/types" "3.310.0"
      "@aws-sdk/url-parser" "3.310.0"
      "@aws-sdk/util-base64" "3.310.0"
      "@aws-sdk/util-body-length-browser" "3.310.0"
      "@aws-sdk/util-body-length-node" "3.310.0"
      "@aws-sdk/util-defaults-mode-browser" "3.310.0"
      "@aws-sdk/util-defaults-mode-node" "3.310.0"
      "@aws-sdk/util-endpoints" "3.310.0"
      "@aws-sdk/util-retry" "3.310.0"
      "@aws-sdk/util-user-agent-browser" "3.310.0"
      "@aws-sdk/util-user-agent-node" "3.310.0"
      "@aws-sdk/util-utf8" "3.310.0"
      "@aws-sdk/util-waiter" "3.310.0"
      fast-xml-parser "4.1.2"
      tslib "^2.5.0"
  
  "@aws-sdk/client-sso-oidc@3.310.0":
    version "3.310.0"
    resolved "https://registry.yarnpkg.com/@aws-sdk/client-sso-oidc/-/client-sso-oidc-3.310.0.tgz#f71eeb9cc73c13661728cf88d8513b0209b6d265"
    integrity sha512-3GKaRSfMD3OiYWGa+qg5KvJw0nLV0Vu7zRiulLuKDvgmWw3SNJKn3frWlmq/bKFUKahLsV8zozbeJItxtKAD6g==
    dependencies:
      "@aws-crypto/sha256-browser" "3.0.0"
      "@aws-crypto/sha256-js" "3.0.0"
      "@aws-sdk/config-resolver" "3.310.0"
      "@aws-sdk/fetch-http-handler" "3.310.0"
      "@aws-sdk/hash-node" "3.310.0"
      "@aws-sdk/invalid-dependency" "3.310.0"
      "@aws-sdk/middleware-content-length" "3.310.0"
      "@aws-sdk/middleware-endpoint" "3.310.0"
      "@aws-sdk/middleware-host-header" "3.310.0"
      "@aws-sdk/middleware-logger" "3.310.0"
      "@aws-sdk/middleware-recursion-detection" "3.310.0"
      "@aws-sdk/middleware-retry" "3.310.0"
      "@aws-sdk/middleware-serde" "3.310.0"
      "@aws-sdk/middleware-stack" "3.310.0"
      "@aws-sdk/middleware-user-agent" "3.310.0"
      "@aws-sdk/node-config-provider" "3.310.0"
      "@aws-sdk/node-http-handler" "3.310.0"
      "@aws-sdk/protocol-http" "3.310.0"
      "@aws-sdk/smithy-client" "3.310.0"
      "@aws-sdk/types" "3.310.0"
      "@aws-sdk/url-parser" "3.310.0"
      "@aws-sdk/util-base64" "3.310.0"
      "@aws-sdk/util-body-length-browser" "3.310.0"
      "@aws-sdk/util-body-length-node" "3.310.0"
      "@aws-sdk/util-defaults-mode-browser" "3.310.0"
      "@aws-sdk/util-defaults-mode-node" "3.310.0"
      "@aws-sdk/util-endpoints" "3.310.0"
      "@aws-sdk/util-retry" "3.310.0"
      "@aws-sdk/util-user-agent-browser" "3.310.0"
      "@aws-sdk/util-user-agent-node" "3.310.0"
      "@aws-sdk/util-utf8" "3.310.0"
      tslib "^2.5.0"
  
  "@aws-sdk/client-sso@3.310.0":
    version "3.310.0"
    resolved "https://registry.yarnpkg.com/@aws-sdk/client-sso/-/client-sso-3.310.0.tgz#1ead31442c34ed660479ea9317faab4f1fa47130"
    integrity sha512-netFap3Mp9I7bzAjsswHPA5WEbQtNMmXvW9/IVb7tmf85/esXCWindtyI43e/Xerut9ZVyEACPBFn30CLLE2xQ==
    dependencies:
      "@aws-crypto/sha256-browser" "3.0.0"
      "@aws-crypto/sha256-js" "3.0.0"
      "@aws-sdk/config-resolver" "3.310.0"
      "@aws-sdk/fetch-http-handler" "3.310.0"
      "@aws-sdk/hash-node" "3.310.0"
      "@aws-sdk/invalid-dependency" "3.310.0"
      "@aws-sdk/middleware-content-length" "3.310.0"
      "@aws-sdk/middleware-endpoint" "3.310.0"
      "@aws-sdk/middleware-host-header" "3.310.0"
      "@aws-sdk/middleware-logger" "3.310.0"
      "@aws-sdk/middleware-recursion-detection" "3.310.0"
      "@aws-sdk/middleware-retry" "3.310.0"
      "@aws-sdk/middleware-serde" "3.310.0"
      "@aws-sdk/middleware-stack" "3.310.0"
      "@aws-sdk/middleware-user-agent" "3.310.0"
      "@aws-sdk/node-config-provider" "3.310.0"
      "@aws-sdk/node-http-handler" "3.310.0"
      "@aws-sdk/protocol-http" "3.310.0"
      "@aws-sdk/smithy-client" "3.310.0"
      "@aws-sdk/types" "3.310.0"
      "@aws-sdk/url-parser" "3.310.0"
      "@aws-sdk/util-base64" "3.310.0"
      "@aws-sdk/util-body-length-browser" "3.310.0"
      "@aws-sdk/util-body-length-node" "3.310.0"
      "@aws-sdk/util-defaults-mode-browser" "3.310.0"
      "@aws-sdk/util-defaults-mode-node" "3.310.0"
      "@aws-sdk/util-endpoints" "3.310.0"
      "@aws-sdk/util-retry" "3.310.0"
      "@aws-sdk/util-user-agent-browser" "3.310.0"
      "@aws-sdk/util-user-agent-node" "3.310.0"
      "@aws-sdk/util-utf8" "3.310.0"
      tslib "^2.5.0"
  
  "@aws-sdk/client-sts@3.312.0":
    version "3.312.0"
    resolved "https://registry.yarnpkg.com/@aws-sdk/client-sts/-/client-sts-3.312.0.tgz#7b49a04bab2d12a8ca566ef579fd887b71986498"
    integrity sha512-t0U7vRvWaMjrzBUo6tPrHe6HE97Blqx+b4GOjFbcbLtzxLlcRfhnWJik0Lp8hJtVqzNoN5mL4OeYgK7CRpL/Sw==
    dependencies:
      "@aws-crypto/sha256-browser" "3.0.0"
      "@aws-crypto/sha256-js" "3.0.0"
      "@aws-sdk/config-resolver" "3.310.0"
      "@aws-sdk/credential-provider-node" "3.310.0"
      "@aws-sdk/fetch-http-handler" "3.310.0"
      "@aws-sdk/hash-node" "3.310.0"
      "@aws-sdk/invalid-dependency" "3.310.0"
      "@aws-sdk/middleware-content-length" "3.310.0"
      "@aws-sdk/middleware-endpoint" "3.310.0"
      "@aws-sdk/middleware-host-header" "3.310.0"
      "@aws-sdk/middleware-logger" "3.310.0"
      "@aws-sdk/middleware-recursion-detection" "3.310.0"
      "@aws-sdk/middleware-retry" "3.310.0"
      "@aws-sdk/middleware-sdk-sts" "3.310.0"
      "@aws-sdk/middleware-serde" "3.310.0"
      "@aws-sdk/middleware-signing" "3.310.0"
      "@aws-sdk/middleware-stack" "3.310.0"
      "@aws-sdk/middleware-user-agent" "3.310.0"
      "@aws-sdk/node-config-provider" "3.310.0"
      "@aws-sdk/node-http-handler" "3.310.0"
      "@aws-sdk/protocol-http" "3.310.0"
      "@aws-sdk/smithy-client" "3.310.0"
      "@aws-sdk/types" "3.310.0"
      "@aws-sdk/url-parser" "3.310.0"
      "@aws-sdk/util-base64" "3.310.0"
      "@aws-sdk/util-body-length-browser" "3.310.0"
      "@aws-sdk/util-body-length-node" "3.310.0"
      "@aws-sdk/util-defaults-mode-browser" "3.310.0"
      "@aws-sdk/util-defaults-mode-node" "3.310.0"
      "@aws-sdk/util-endpoints" "3.310.0"
      "@aws-sdk/util-retry" "3.310.0"
      "@aws-sdk/util-user-agent-browser" "3.310.0"
      "@aws-sdk/util-user-agent-node" "3.310.0"
      "@aws-sdk/util-utf8" "3.310.0"
      fast-xml-parser "4.1.2"
      tslib "^2.5.0"
  
  "@aws-sdk/config-resolver@3.310.0":
    version "3.310.0"
    resolved "https://registry.yarnpkg.com/@aws-sdk/config-resolver/-/config-resolver-3.310.0.tgz#c02dce96546d5cd25551bc89907b27224e16ca7f"
    integrity sha512-8vsT+/50lOqfDxka9m/rRt6oxv1WuGZoP8oPMk0Dt+TxXMbAzf4+rejBgiB96wshI1k3gLokYRjSQZn+dDtT8g==
    dependencies:
      "@aws-sdk/types" "3.310.0"
      "@aws-sdk/util-config-provider" "3.310.0"
      "@aws-sdk/util-middleware" "3.310.0"
      tslib "^2.5.0"
  
  "@aws-sdk/credential-provider-cognito-identity@3.312.0":
    version "3.312.0"
    resolved "https://registry.yarnpkg.com/@aws-sdk/credential-provider-cognito-identity/-/credential-provider-cognito-identity-3.312.0.tgz#e219d10feacc9407d7cef2682971d3028aeb50fe"
    integrity sha512-/qRQzZjidUsLX35L+acAvlwzd9yBuNx4niw6Hd5YYYBDr64yc659mMcejlVouEYat7PcUvbpPyZ3QYenO1V44Q==
    dependencies:
      "@aws-sdk/client-cognito-identity" "3.312.0"
      "@aws-sdk/property-provider" "3.310.0"
      "@aws-sdk/types" "3.310.0"
      tslib "^2.5.0"
  
  "@aws-sdk/credential-provider-env@3.310.0":
    version "3.310.0"
    resolved "https://registry.yarnpkg.com/@aws-sdk/credential-provider-env/-/credential-provider-env-3.310.0.tgz#c52694fb276341db6ce4e816cf9ca90fa5830dad"
    integrity sha512-vvIPQpI16fj95xwS7M3D48F7QhZJBnnCgB5lR+b7So+vsG9ibm1mZRVGzVpdxCvgyOhHFbvrby9aalNJmmIP1A==
    dependencies:
      "@aws-sdk/property-provider" "3.310.0"
      "@aws-sdk/types" "3.310.0"
      tslib "^2.5.0"
  
  "@aws-sdk/credential-provider-imds@3.310.0":
    version "3.310.0"
    resolved "https://registry.yarnpkg.com/@aws-sdk/credential-provider-imds/-/credential-provider-imds-3.310.0.tgz#d8fb1223fee7e289a81e28177fe55dedf4d2745e"
    integrity sha512-baxK7Zp6dai5AGW01FIW27xS2KAaPUmKLIXv5SvFYsUgXXvNW55im4uG3b+2gA0F7V+hXvVBH08OEqmwW6we5w==
    dependencies:
      "@aws-sdk/node-config-provider" "3.310.0"
      "@aws-sdk/property-provider" "3.310.0"
      "@aws-sdk/types" "3.310.0"
      "@aws-sdk/url-parser" "3.310.0"
      tslib "^2.5.0"
  
  "@aws-sdk/credential-provider-ini@3.310.0":
    version "3.310.0"
    resolved "https://registry.yarnpkg.com/@aws-sdk/credential-provider-ini/-/credential-provider-ini-3.310.0.tgz#c317c803b78d6b322a440de15069b35b88c737e5"
    integrity sha512-gtRz7I+4BBpwZ3tc6UIt5lQuiAFnkpOibxHh95x1M6HDxBjm+uqD6RPZYVH+dULZPYXOtOTsHV0IGjrcV0sSRg==
    dependencies:
      "@aws-sdk/credential-provider-env" "3.310.0"
      "@aws-sdk/credential-provider-imds" "3.310.0"
      "@aws-sdk/credential-provider-process" "3.310.0"
      "@aws-sdk/credential-provider-sso" "3.310.0"
      "@aws-sdk/credential-provider-web-identity" "3.310.0"
      "@aws-sdk/property-provider" "3.310.0"
      "@aws-sdk/shared-ini-file-loader" "3.310.0"
      "@aws-sdk/types" "3.310.0"
      tslib "^2.5.0"
  
  "@aws-sdk/credential-provider-node@3.310.0":
    version "3.310.0"
    resolved "https://registry.yarnpkg.com/@aws-sdk/credential-provider-node/-/credential-provider-node-3.310.0.tgz#e4f69cf95e839c626c41e23b1d8b3cd24c667d8e"
    integrity sha512-FrOztUcOq2Sp32xGtJvxfvdlmuAeoxIu/AElHzV1bkx6Pzo9DkQBhXrSQ+JFSpI++weOD4ZGFhAvgbgUOT4VAg==
    dependencies:
      "@aws-sdk/credential-provider-env" "3.310.0"
      "@aws-sdk/credential-provider-imds" "3.310.0"
      "@aws-sdk/credential-provider-ini" "3.310.0"
      "@aws-sdk/credential-provider-process" "3.310.0"
      "@aws-sdk/credential-provider-sso" "3.310.0"
      "@aws-sdk/credential-provider-web-identity" "3.310.0"
      "@aws-sdk/property-provider" "3.310.0"
      "@aws-sdk/shared-ini-file-loader" "3.310.0"
      "@aws-sdk/types" "3.310.0"
      tslib "^2.5.0"
  
  "@aws-sdk/credential-provider-process@3.310.0":
    version "3.310.0"
    resolved "https://registry.yarnpkg.com/@aws-sdk/credential-provider-process/-/credential-provider-process-3.310.0.tgz#0b2ee77f0c48262442d2768044d72332a4ad8884"
    integrity sha512-h73sg6GPMUWC+3zMCbA1nZ2O03nNJt7G96JdmnantiXBwHpRKWW8nBTLzx5uhXn6hTuTaoQRP/P+oxQJKYdMmA==
    dependencies:
      "@aws-sdk/property-provider" "3.310.0"
      "@aws-sdk/shared-ini-file-loader" "3.310.0"
      "@aws-sdk/types" "3.310.0"
      tslib "^2.5.0"
  
  "@aws-sdk/credential-provider-sso@3.310.0":
    version "3.310.0"
    resolved "https://registry.yarnpkg.com/@aws-sdk/credential-provider-sso/-/credential-provider-sso-3.310.0.tgz#86ab095ede5024a4e16aabaf3b2fa92d61656b8d"
    integrity sha512-nXkpT8mrM/wRqSiz/a4p9U2UrOKyfZXhbPHIHyQj8K+uLjsYS+WPuH287J4A5Q57A6uarTrj5RjHmVeZVLaHmg==
    dependencies:
      "@aws-sdk/client-sso" "3.310.0"
      "@aws-sdk/property-provider" "3.310.0"
      "@aws-sdk/shared-ini-file-loader" "3.310.0"
      "@aws-sdk/token-providers" "3.310.0"
      "@aws-sdk/types" "3.310.0"
      tslib "^2.5.0"
  
  "@aws-sdk/credential-provider-web-identity@3.310.0":
    version "3.310.0"
    resolved "https://registry.yarnpkg.com/@aws-sdk/credential-provider-web-identity/-/credential-provider-web-identity-3.310.0.tgz#c9fa09b0068027e58d31178e3fa06bf4e9ae9d36"
    integrity sha512-H4SzuZXILNhK6/IR1uVvsUDZvzc051hem7GLyYghBCu8mU+tq28YhKE8MfSroi6eL2e5Vujloij1OM2EQQkPkw==
    dependencies:
      "@aws-sdk/property-provider" "3.310.0"
      "@aws-sdk/types" "3.310.0"
      tslib "^2.5.0"
  
  "@aws-sdk/credential-providers@^3.186.0":
    version "3.312.0"
    resolved "https://registry.yarnpkg.com/@aws-sdk/credential-providers/-/credential-providers-3.312.0.tgz#270981cc9af3f398be134dfc2c2a12fdc2848a06"
    integrity sha512-jCTGQpEQZqtlqpx03Elt59h67UvldBrQ/MVL0Lz9Zp00cNsFdcVgRllvqdmxHtKb2PIma/4wNRkREQLpS6smeQ==
    dependencies:
      "@aws-sdk/client-cognito-identity" "3.312.0"
      "@aws-sdk/client-sso" "3.310.0"
      "@aws-sdk/client-sts" "3.312.0"
      "@aws-sdk/credential-provider-cognito-identity" "3.312.0"
      "@aws-sdk/credential-provider-env" "3.310.0"
      "@aws-sdk/credential-provider-imds" "3.310.0"
      "@aws-sdk/credential-provider-ini" "3.310.0"
      "@aws-sdk/credential-provider-node" "3.310.0"
      "@aws-sdk/credential-provider-process" "3.310.0"
      "@aws-sdk/credential-provider-sso" "3.310.0"
      "@aws-sdk/credential-provider-web-identity" "3.310.0"
      "@aws-sdk/property-provider" "3.310.0"
      "@aws-sdk/types" "3.310.0"
      tslib "^2.5.0"
  
  "@aws-sdk/fetch-http-handler@3.310.0":
    version "3.310.0"
    resolved "https://registry.yarnpkg.com/@aws-sdk/fetch-http-handler/-/fetch-http-handler-3.310.0.tgz#f31006b7b3103683d72e177cd27d80354f7a37c4"
    integrity sha512-Bi9vIwzdkw1zMcvi/zGzlWS9KfIEnAq4NNhsnCxbQ4OoIRU9wvU+WGZdBBhxg0ZxZmpp1j1aZhU53lLjA07MHw==
    dependencies:
      "@aws-sdk/protocol-http" "3.310.0"
      "@aws-sdk/querystring-builder" "3.310.0"
      "@aws-sdk/types" "3.310.0"
      "@aws-sdk/util-base64" "3.310.0"
      tslib "^2.5.0"
  
  "@aws-sdk/hash-node@3.310.0":
    version "3.310.0"
    resolved "https://registry.yarnpkg.com/@aws-sdk/hash-node/-/hash-node-3.310.0.tgz#4c1c89b9a2da3bb9783de84f0b762cc055b90d67"
    integrity sha512-NvE2fhRc8GRwCXBfDehxVAWCmVwVMILliAKVPAEr4yz2CkYs0tqU51S48x23dtna07H4qHtgpeNqVTthcIQOEQ==
    dependencies:
      "@aws-sdk/types" "3.310.0"
      "@aws-sdk/util-buffer-from" "3.310.0"
      "@aws-sdk/util-utf8" "3.310.0"
      tslib "^2.5.0"
  
  "@aws-sdk/invalid-dependency@3.310.0":
    version "3.310.0"
    resolved "https://registry.yarnpkg.com/@aws-sdk/invalid-dependency/-/invalid-dependency-3.310.0.tgz#b96da9b9f63b12d1c390f9a06eeb28840fcb5b3c"
    integrity sha512-1s5RG5rSPXoa/aZ/Kqr5U/7lqpx+Ry81GprQ2bxWqJvWQIJ0IRUwo5pk8XFxbKVr/2a+4lZT/c3OGoBOM1yRRA==
    dependencies:
      "@aws-sdk/types" "3.310.0"
      tslib "^2.5.0"
  
  "@aws-sdk/is-array-buffer@3.310.0":
    version "3.310.0"
    resolved "https://registry.yarnpkg.com/@aws-sdk/is-array-buffer/-/is-array-buffer-3.310.0.tgz#f87a79f1b858c88744f07e8d8d0a791df204017e"
    integrity sha512-urnbcCR+h9NWUnmOtet/s4ghvzsidFmspfhYaHAmSRdy9yDjdjBJMFjjsn85A1ODUktztm+cVncXjQ38WCMjMQ==
    dependencies:
      tslib "^2.5.0"
  
  "@aws-sdk/middleware-content-length@3.310.0":
    version "3.310.0"
    resolved "https://registry.yarnpkg.com/@aws-sdk/middleware-content-length/-/middleware-content-length-3.310.0.tgz#cc9b6c25c10736cec41d0219c94b57cfdb4582a3"
    integrity sha512-P8tQZxgDt6CAh1wd/W6WPzjc+uWPJwQkm+F7rAwRlM+k9q17HrhnksGDKcpuuLyIhPQYdmOMIkpKVgXGa4avhQ==
    dependencies:
      "@aws-sdk/protocol-http" "3.310.0"
      "@aws-sdk/types" "3.310.0"
      tslib "^2.5.0"
  
  "@aws-sdk/middleware-endpoint@3.310.0":
    version "3.310.0"
    resolved "https://registry.yarnpkg.com/@aws-sdk/middleware-endpoint/-/middleware-endpoint-3.310.0.tgz#d4bf8ac3cd4800af789d6bcb469b7e8cfa10badb"
    integrity sha512-Z+N2vOL8K354/lstkClxLLsr6hCpVRh+0tCMXrVj66/NtKysCEZ/0b9LmqOwD9pWHNiI2mJqXwY0gxNlKAroUg==
    dependencies:
      "@aws-sdk/middleware-serde" "3.310.0"
      "@aws-sdk/types" "3.310.0"
      "@aws-sdk/url-parser" "3.310.0"
      "@aws-sdk/util-middleware" "3.310.0"
      tslib "^2.5.0"
  
  "@aws-sdk/middleware-host-header@3.310.0":
    version "3.310.0"
    resolved "https://registry.yarnpkg.com/@aws-sdk/middleware-host-header/-/middleware-host-header-3.310.0.tgz#bdd4fbffb58b331bda517df8340aa8b44ce55550"
    integrity sha512-QWSA+46/hXorXyWa61ic2K7qZzwHTiwfk2e9mRRjeIRepUgI3qxFjsYqrWtrOGBjmFmq0pYIY8Bb/DCJuQqcoA==
    dependencies:
      "@aws-sdk/protocol-http" "3.310.0"
      "@aws-sdk/types" "3.310.0"
      tslib "^2.5.0"
  
  "@aws-sdk/middleware-logger@3.310.0":
    version "3.310.0"
    resolved "https://registry.yarnpkg.com/@aws-sdk/middleware-logger/-/middleware-logger-3.310.0.tgz#8cc6381f49ef867cae1364b8517f939629e4dd9d"
    integrity sha512-Lurm8XofrASBRnAVtiSNuDSRsRqPNg27RIFLLsLp/pqog9nFJ0vz0kgdb9S5Z+zw83Mm+UlqOe6D8NTUNp4fVg==
    dependencies:
      "@aws-sdk/types" "3.310.0"
      tslib "^2.5.0"
  
  "@aws-sdk/middleware-recursion-detection@3.310.0":
    version "3.310.0"
    resolved "https://registry.yarnpkg.com/@aws-sdk/middleware-recursion-detection/-/middleware-recursion-detection-3.310.0.tgz#020c986ed8da751bd613fd84c8c8a805c89e0952"
    integrity sha512-SuB75/xk/gyue24gkriTwO2jFd7YcUGZDClQYuRejgbXSa3CO0lWyawQtfLcSSEBp9izrEVXuFH24K1eAft5nQ==
    dependencies:
      "@aws-sdk/protocol-http" "3.310.0"
      "@aws-sdk/types" "3.310.0"
      tslib "^2.5.0"
  
  "@aws-sdk/middleware-retry@3.310.0":
    version "3.310.0"
    resolved "https://registry.yarnpkg.com/@aws-sdk/middleware-retry/-/middleware-retry-3.310.0.tgz#12e95e962875d44af4acbdebe02db337a1ad5c35"
    integrity sha512-oTPsRy2W4s+dfxbJPW7Km+hHtv/OMsNsVfThAq8DDYKC13qlr1aAyOqGLD+dpBy2aKe7ss517Sy2HcHtHqm7/g==
    dependencies:
      "@aws-sdk/protocol-http" "3.310.0"
      "@aws-sdk/service-error-classification" "3.310.0"
      "@aws-sdk/types" "3.310.0"
      "@aws-sdk/util-middleware" "3.310.0"
      "@aws-sdk/util-retry" "3.310.0"
      tslib "^2.5.0"
      uuid "^8.3.2"
  
  "@aws-sdk/middleware-sdk-sts@3.310.0":
    version "3.310.0"
    resolved "https://registry.yarnpkg.com/@aws-sdk/middleware-sdk-sts/-/middleware-sdk-sts-3.310.0.tgz#2001b421f317404ca98d4a1cfea408b7a64c35f5"
    integrity sha512-+5PFwlYNLvLLIfw0ASAoWV/iIF8Zv6R6QGtyP0CclhRSvNjgbQDVnV0g95MC5qvh+GB/Yjlkt8qAjLSPjHfsrQ==
    dependencies:
      "@aws-sdk/middleware-signing" "3.310.0"
      "@aws-sdk/types" "3.310.0"
      tslib "^2.5.0"
  
  "@aws-sdk/middleware-serde@3.310.0":
    version "3.310.0"
    resolved "https://registry.yarnpkg.com/@aws-sdk/middleware-serde/-/middleware-serde-3.310.0.tgz#e334031b66a1a155375ec901478b26570fbe1783"
    integrity sha512-RNeeTVWSLTaentUeCgQKZhAl+C6hxtwD78cQWS10UymWpQFwbaxztzKUu4UQS5xA2j6PxwPRRUjqa4jcFjfLsg==
    dependencies:
      "@aws-sdk/types" "3.310.0"
      tslib "^2.5.0"
  
  "@aws-sdk/middleware-signing@3.310.0":
    version "3.310.0"
    resolved "https://registry.yarnpkg.com/@aws-sdk/middleware-signing/-/middleware-signing-3.310.0.tgz#bd62d5623c80f6318b0d738c44780875500c911a"
    integrity sha512-f9mKq+XMdW207Af3hKjdTnpNhdtwqWuvFs/ZyXoOkp/g1MY1O6L23Jy6i52m29LxbT4AuNRG1oKODfXM0vYVjQ==
    dependencies:
      "@aws-sdk/property-provider" "3.310.0"
      "@aws-sdk/protocol-http" "3.310.0"
      "@aws-sdk/signature-v4" "3.310.0"
      "@aws-sdk/types" "3.310.0"
      "@aws-sdk/util-middleware" "3.310.0"
      tslib "^2.5.0"
  
  "@aws-sdk/middleware-stack@3.310.0":
    version "3.310.0"
    resolved "https://registry.yarnpkg.com/@aws-sdk/middleware-stack/-/middleware-stack-3.310.0.tgz#06c83963998fbdc83e99b67a7a138529312a6224"
    integrity sha512-010O1PD+UAcZVKRvqEusE1KJqN96wwrf6QsqbRM0ywsKQ21NDweaHvEDlds2VHpgmofxkRLRu/IDrlPkKRQrRg==
    dependencies:
      tslib "^2.5.0"
  
  "@aws-sdk/middleware-user-agent@3.310.0":
    version "3.310.0"
    resolved "https://registry.yarnpkg.com/@aws-sdk/middleware-user-agent/-/middleware-user-agent-3.310.0.tgz#2aa3982cbc5e9c137024cec47914e86610ab0a09"
    integrity sha512-x3IOwSwSbwKidlxRk3CNVHVUb06SRuaELxggCaR++QVI8NU6qD/l4VHXKVRvbTHiC/cYxXE/GaBDgQVpDR7V/g==
    dependencies:
      "@aws-sdk/protocol-http" "3.310.0"
      "@aws-sdk/types" "3.310.0"
      "@aws-sdk/util-endpoints" "3.310.0"
      tslib "^2.5.0"
  
  "@aws-sdk/node-config-provider@3.310.0":
    version "3.310.0"
    resolved "https://registry.yarnpkg.com/@aws-sdk/node-config-provider/-/node-config-provider-3.310.0.tgz#ba8fb41af2db0316291ba9002267627553ec65ac"
    integrity sha512-T/Pp6htc6hq/Cq+MLNDSyiwWCMVF6GqbBbXKVlO5L8rdHx4sq9xPdoPveZhGWrxvkanjA6eCwUp6E0riBOSVng==
    dependencies:
      "@aws-sdk/property-provider" "3.310.0"
      "@aws-sdk/shared-ini-file-loader" "3.310.0"
      "@aws-sdk/types" "3.310.0"
      tslib "^2.5.0"
  
  "@aws-sdk/node-http-handler@3.310.0":
    version "3.310.0"
    resolved "https://registry.yarnpkg.com/@aws-sdk/node-http-handler/-/node-http-handler-3.310.0.tgz#bd8e72c1c7cf4b48c2a21851f638ad5e63001787"
    integrity sha512-irv9mbcM9xC2xYjArQF5SYmHBMu4ciMWtGsoHII1nRuFOl9FoT4ffTvEPuLlfC6pznzvKt9zvnm6xXj7gDChKg==
    dependencies:
      "@aws-sdk/abort-controller" "3.310.0"
      "@aws-sdk/protocol-http" "3.310.0"
      "@aws-sdk/querystring-builder" "3.310.0"
      "@aws-sdk/types" "3.310.0"
      tslib "^2.5.0"
  
  "@aws-sdk/property-provider@3.310.0":
    version "3.310.0"
    resolved "https://registry.yarnpkg.com/@aws-sdk/property-provider/-/property-provider-3.310.0.tgz#5fae8a4c11bda052afa9747d47b031f1c4f0f246"
    integrity sha512-3lxDb0akV6BBzmFe4nLPaoliQbAifyWJhuvuDOu7e8NzouvpQXs0275w9LePhhcgjKAEVXUIse05ZW2DLbxo/g==
    dependencies:
      "@aws-sdk/types" "3.310.0"
      tslib "^2.5.0"
  
  "@aws-sdk/protocol-http@3.310.0":
    version "3.310.0"
    resolved "https://registry.yarnpkg.com/@aws-sdk/protocol-http/-/protocol-http-3.310.0.tgz#855c3314cba7ff3024a9a9701ca3c641691d997e"
    integrity sha512-fgZ1aw/irQtnrsR58pS8ThKOWo57Py3xX6giRvwSgZDEcxHfVzuQjy9yPuV++v04fdmdtgpbGf8WfvAAJ11yXQ==
    dependencies:
      "@aws-sdk/types" "3.310.0"
      tslib "^2.5.0"
  
  "@aws-sdk/querystring-builder@3.310.0":
    version "3.310.0"
    resolved "https://registry.yarnpkg.com/@aws-sdk/querystring-builder/-/querystring-builder-3.310.0.tgz#5307ea52c3a4a1ae6818bbb6987cc6fce68b043f"
    integrity sha512-ZHH8GV/80+pWGo7DzsvwvXR5xVxUHXUvPJPFAkhr6nCf78igdoF8gR10ScFoEKbtEapoNTaZlKHPXxpD8aPG7A==
    dependencies:
      "@aws-sdk/types" "3.310.0"
      "@aws-sdk/util-uri-escape" "3.310.0"
      tslib "^2.5.0"
  
  "@aws-sdk/querystring-parser@3.310.0":
    version "3.310.0"
    resolved "https://registry.yarnpkg.com/@aws-sdk/querystring-parser/-/querystring-parser-3.310.0.tgz#438183927e0b06e7c2ee004a1681b8d37c22e104"
    integrity sha512-YkIznoP6lsiIUHinx++/lbb3tlMURGGqMpo0Pnn32zYzGrJXA6eC3D0as2EcMjo55onTfuLcIiX4qzXes2MYOA==
    dependencies:
      "@aws-sdk/types" "3.310.0"
      tslib "^2.5.0"
  
  "@aws-sdk/service-error-classification@3.310.0":
    version "3.310.0"
    resolved "https://registry.yarnpkg.com/@aws-sdk/service-error-classification/-/service-error-classification-3.310.0.tgz#352c1db426dcf54a44393bc9a0607dde796b2abb"
    integrity sha512-PuyC7k3qfIKeH2LCnDwbttMOKq3qAx4buvg0yfnJtQOz6t1AR8gsnAq0CjKXXyfkXwNKWTqCpE6lVNUIkXgsMw==
  
  "@aws-sdk/shared-ini-file-loader@3.310.0":
    version "3.310.0"
    resolved "https://registry.yarnpkg.com/@aws-sdk/shared-ini-file-loader/-/shared-ini-file-loader-3.310.0.tgz#07e9c8e8e8bb0de7ed19b8cea908c920a493c9c9"
    integrity sha512-N0q9pG0xSjQwc690YQND5bofm+4nfUviQ/Ppgan2kU6aU0WUq8KwgHJBto/YEEI+VlrME30jZJnxtOvcZJc2XA==
    dependencies:
      "@aws-sdk/types" "3.310.0"
      tslib "^2.5.0"
  
  "@aws-sdk/signature-v4@3.310.0":
    version "3.310.0"
    resolved "https://registry.yarnpkg.com/@aws-sdk/signature-v4/-/signature-v4-3.310.0.tgz#ad26426d3f72fa18e6808a36f827beb72d12bf2d"
    integrity sha512-1M60P1ZBNAjCFv9sYW29OF6okktaeibWyW3lMXqzoHF70lHBZh+838iUchznXUA5FLabfn4jBFWMRxlAXJUY2Q==
    dependencies:
      "@aws-sdk/is-array-buffer" "3.310.0"
      "@aws-sdk/types" "3.310.0"
      "@aws-sdk/util-hex-encoding" "3.310.0"
      "@aws-sdk/util-middleware" "3.310.0"
      "@aws-sdk/util-uri-escape" "3.310.0"
      "@aws-sdk/util-utf8" "3.310.0"
      tslib "^2.5.0"
  
  "@aws-sdk/smithy-client@3.310.0":
    version "3.310.0"
    resolved "https://registry.yarnpkg.com/@aws-sdk/smithy-client/-/smithy-client-3.310.0.tgz#04fca042ffc120c35eeea1335fa055d39f1bd7bd"
    integrity sha512-UHMFvhoB2RLzsTb0mQe1ofvBUg/+/JEu1uptavxf/hEpEKZnRAaHH5FNkTG+mbFd/olay/QFjqNcMD6t8LcsNQ==
    dependencies:
      "@aws-sdk/middleware-stack" "3.310.0"
      "@aws-sdk/types" "3.310.0"
      tslib "^2.5.0"
  
  "@aws-sdk/token-providers@3.310.0":
    version "3.310.0"
    resolved "https://registry.yarnpkg.com/@aws-sdk/token-providers/-/token-providers-3.310.0.tgz#2d0b0d3ef729f6cdc6a0cc859e80bb9efea2d8fa"
    integrity sha512-G1JvB+2v8k900VJFkKVQXgLGF50ShOEIPxfK1gSQLkSU85vPwGIAANs1KvnlW08FsNbWp3+sKca4kfYKsooXMw==
    dependencies:
      "@aws-sdk/client-sso-oidc" "3.310.0"
      "@aws-sdk/property-provider" "3.310.0"
      "@aws-sdk/shared-ini-file-loader" "3.310.0"
      "@aws-sdk/types" "3.310.0"
      tslib "^2.5.0"
  
  "@aws-sdk/types@3.310.0", "@aws-sdk/types@^3.222.0":
    version "3.310.0"
    resolved "https://registry.yarnpkg.com/@aws-sdk/types/-/types-3.310.0.tgz#b83a0580feb38b58417abb8b4ed3eae1a0cb7bc1"
    integrity sha512-j8eamQJ7YcIhw7fneUfs8LYl3t01k4uHi4ZDmNRgtbmbmTTG3FZc2MotStZnp3nZB6vLiPF1o5aoJxWVvkzS6A==
    dependencies:
      tslib "^2.5.0"
  
  "@aws-sdk/url-parser@3.310.0":
    version "3.310.0"
    resolved "https://registry.yarnpkg.com/@aws-sdk/url-parser/-/url-parser-3.310.0.tgz#928c9eac2e3d74c3c5db4c6e364a1de00185dcaa"
    integrity sha512-mCLnCaSB9rQvAgx33u0DujLvr4d5yEm/W5r789GblwwQnlNXedVu50QRizMLTpltYWyAUoXjJgQnJHmJMaKXhw==
    dependencies:
      "@aws-sdk/querystring-parser" "3.310.0"
      "@aws-sdk/types" "3.310.0"
      tslib "^2.5.0"
  
  "@aws-sdk/util-base64@3.310.0":
    version "3.310.0"
    resolved "https://registry.yarnpkg.com/@aws-sdk/util-base64/-/util-base64-3.310.0.tgz#d0fd49aff358c5a6e771d0001c63b1f97acbe34c"
    integrity sha512-v3+HBKQvqgdzcbL+pFswlx5HQsd9L6ZTlyPVL2LS9nNXnCcR3XgGz9jRskikRUuUvUXtkSG1J88GAOnJ/apTPg==
    dependencies:
      "@aws-sdk/util-buffer-from" "3.310.0"
      tslib "^2.5.0"
  
  "@aws-sdk/util-body-length-browser@3.310.0":
    version "3.310.0"
    resolved "https://registry.yarnpkg.com/@aws-sdk/util-body-length-browser/-/util-body-length-browser-3.310.0.tgz#3fca9d2f73c058edf1907e4a1d99a392fdd23eca"
    integrity sha512-sxsC3lPBGfpHtNTUoGXMQXLwjmR0zVpx0rSvzTPAuoVILVsp5AU/w5FphNPxD5OVIjNbZv9KsKTuvNTiZjDp9g==
    dependencies:
      tslib "^2.5.0"
  
  "@aws-sdk/util-body-length-node@3.310.0":
    version "3.310.0"
    resolved "https://registry.yarnpkg.com/@aws-sdk/util-body-length-node/-/util-body-length-node-3.310.0.tgz#4846ae72834ab0636f29f89fc1878520f6543fed"
    integrity sha512-2tqGXdyKhyA6w4zz7UPoS8Ip+7sayOg9BwHNidiGm2ikbDxm1YrCfYXvCBdwaJxa4hJfRVz+aL9e+d3GqPI9pQ==
    dependencies:
      tslib "^2.5.0"
  
  "@aws-sdk/util-buffer-from@3.310.0":
    version "3.310.0"
    resolved "https://registry.yarnpkg.com/@aws-sdk/util-buffer-from/-/util-buffer-from-3.310.0.tgz#7a72cb965984d3c6a7e256ae6cf1621f52e54a57"
    integrity sha512-i6LVeXFtGih5Zs8enLrt+ExXY92QV25jtEnTKHsmlFqFAuL3VBeod6boeMXkN2p9lbSVVQ1sAOOYZOHYbYkntw==
    dependencies:
      "@aws-sdk/is-array-buffer" "3.310.0"
      tslib "^2.5.0"
  
  "@aws-sdk/util-config-provider@3.310.0":
    version "3.310.0"
    resolved "https://registry.yarnpkg.com/@aws-sdk/util-config-provider/-/util-config-provider-3.310.0.tgz#ff21f73d4774cfd7bd16ae56f905828600dda95f"
    integrity sha512-xIBaYo8dwiojCw8vnUcIL4Z5tyfb1v3yjqyJKJWV/dqKUFOOS0U591plmXbM+M/QkXyML3ypon1f8+BoaDExrg==
    dependencies:
      tslib "^2.5.0"
  
  "@aws-sdk/util-defaults-mode-browser@3.310.0":
    version "3.310.0"
    resolved "https://registry.yarnpkg.com/@aws-sdk/util-defaults-mode-browser/-/util-defaults-mode-browser-3.310.0.tgz#db82bfdf339eea0bc8b1b059dfe9b62e5d3adbf4"
    integrity sha512-Mr2AoQsjAYNM5oAS2YJlYJqhiCvkFV/hu48slOZgbY4G7ueW4cM0DPkR16wqjcRCGqZ4JmAZB8Q5R0DMrLjhOQ==
    dependencies:
      "@aws-sdk/property-provider" "3.310.0"
      "@aws-sdk/types" "3.310.0"
      bowser "^2.11.0"
      tslib "^2.5.0"
  
  "@aws-sdk/util-defaults-mode-node@3.310.0":
    version "3.310.0"
    resolved "https://registry.yarnpkg.com/@aws-sdk/util-defaults-mode-node/-/util-defaults-mode-node-3.310.0.tgz#aee459c2da09e2c6e85c6db0406565312f45ccbb"
    integrity sha512-JyBlvhQGR8w8NpFRZZXRVTDesafFKTu/gTWjcoxP7twa+fYHSIgPPFGnlcJ/iHaucjamSaWi5EQ+YQmnSZ8yHA==
    dependencies:
      "@aws-sdk/config-resolver" "3.310.0"
      "@aws-sdk/credential-provider-imds" "3.310.0"
      "@aws-sdk/node-config-provider" "3.310.0"
      "@aws-sdk/property-provider" "3.310.0"
      "@aws-sdk/types" "3.310.0"
      tslib "^2.5.0"
  
  "@aws-sdk/util-endpoints@3.310.0":
    version "3.310.0"
    resolved "https://registry.yarnpkg.com/@aws-sdk/util-endpoints/-/util-endpoints-3.310.0.tgz#fea8757038b62d49dacd653061ba04a2ea102a36"
    integrity sha512-zG+/d/O5KPmAaeOMPd6bW1abifdT0H03f42keLjYEoRZzYtHPC5DuPE0UayiWGckI6BCDgy0sRKXCYS49UNFaQ==
    dependencies:
      "@aws-sdk/types" "3.310.0"
      tslib "^2.5.0"
  
  "@aws-sdk/util-hex-encoding@3.310.0":
    version "3.310.0"
    resolved "https://registry.yarnpkg.com/@aws-sdk/util-hex-encoding/-/util-hex-encoding-3.310.0.tgz#19294c78986c90ae33f04491487863dc1d33bd87"
    integrity sha512-sVN7mcCCDSJ67pI1ZMtk84SKGqyix6/0A1Ab163YKn+lFBQRMKexleZzpYzNGxYzmQS6VanP/cfU7NiLQOaSfA==
    dependencies:
      tslib "^2.5.0"
  
  "@aws-sdk/util-locate-window@^3.0.0":
    version "3.310.0"
    resolved "https://registry.yarnpkg.com/@aws-sdk/util-locate-window/-/util-locate-window-3.310.0.tgz#b071baf050301adee89051032bd4139bba32cc40"
    integrity sha512-qo2t/vBTnoXpjKxlsC2e1gBrRm80M3bId27r0BRB2VniSSe7bL1mmzM+/HFtujm0iAxtPM+aLEflLJlJeDPg0w==
    dependencies:
      tslib "^2.5.0"
  
  "@aws-sdk/util-middleware@3.310.0":
    version "3.310.0"
    resolved "https://registry.yarnpkg.com/@aws-sdk/util-middleware/-/util-middleware-3.310.0.tgz#713c5bfa296f4cf707150a0a1e911afd50dcf939"
    integrity sha512-FTSUKL/eRb9X6uEZClrTe27QFXUNNp7fxYrPndZwk1hlaOP5ix+MIHBcI7pIiiY/JPfOUmPyZOu+HetlFXjWog==
    dependencies:
      tslib "^2.5.0"
  
  "@aws-sdk/util-retry@3.310.0":
    version "3.310.0"
    resolved "https://registry.yarnpkg.com/@aws-sdk/util-retry/-/util-retry-3.310.0.tgz#4cdc35e2dfdacf2d928ab474ba8b67bbadd6be3c"
    integrity sha512-FwWGhCBLfoivTMUHu1LIn4NjrN9JLJ/aX5aZmbcPIOhZVFJj638j0qDgZXyfvVqBuBZh7M8kGq0Oahy3dp69OA==
    dependencies:
      "@aws-sdk/service-error-classification" "3.310.0"
      tslib "^2.5.0"
  
  "@aws-sdk/util-uri-escape@3.310.0":
    version "3.310.0"
    resolved "https://registry.yarnpkg.com/@aws-sdk/util-uri-escape/-/util-uri-escape-3.310.0.tgz#9f942f09a715d8278875013a416295746b6085ba"
    integrity sha512-drzt+aB2qo2LgtDoiy/3sVG8w63cgLkqFIa2NFlGpUgHFWTXkqtbgf4L5QdjRGKWhmZsnqkbtL7vkSWEcYDJ4Q==
    dependencies:
      tslib "^2.5.0"
  
  "@aws-sdk/util-user-agent-browser@3.310.0":
    version "3.310.0"
    resolved "https://registry.yarnpkg.com/@aws-sdk/util-user-agent-browser/-/util-user-agent-browser-3.310.0.tgz#48d463a93351b78b678df324f3518a9798029c44"
    integrity sha512-yU/4QnHHuQ5z3vsUqMQVfYLbZGYwpYblPiuZx4Zo9+x0PBkNjYMqctdDcrpoH9Z2xZiDN16AmQGK1tix117ZKw==
    dependencies:
      "@aws-sdk/types" "3.310.0"
      bowser "^2.11.0"
      tslib "^2.5.0"
  
  "@aws-sdk/util-user-agent-node@3.310.0":
    version "3.310.0"
    resolved "https://registry.yarnpkg.com/@aws-sdk/util-user-agent-node/-/util-user-agent-node-3.310.0.tgz#ebefbedc5a4759adc958885741628ec0de1ab197"
    integrity sha512-Ra3pEl+Gn2BpeE7KiDGpi4zj7WJXZA5GXnGo3mjbi9+Y3zrbuhJAbdZO3mO/o7xDgMC6ph4xCTbaSGzU6b6EDg==
    dependencies:
      "@aws-sdk/node-config-provider" "3.310.0"
      "@aws-sdk/types" "3.310.0"
      tslib "^2.5.0"
  
  "@aws-sdk/util-utf8-browser@^3.0.0":
    version "3.259.0"
    resolved "https://registry.yarnpkg.com/@aws-sdk/util-utf8-browser/-/util-utf8-browser-3.259.0.tgz#3275a6f5eb334f96ca76635b961d3c50259fd9ff"
    integrity sha512-UvFa/vR+e19XookZF8RzFZBrw2EUkQWxiBW0yYQAhvk3C+QVGl0H3ouca8LDBlBfQKXwmW3huo/59H8rwb1wJw==
    dependencies:
      tslib "^2.3.1"
  
  "@aws-sdk/util-utf8@3.310.0":
    version "3.310.0"
    resolved "https://registry.yarnpkg.com/@aws-sdk/util-utf8/-/util-utf8-3.310.0.tgz#4a7b9dcebb88e830d3811aeb21e9a6df4273afb4"
    integrity sha512-DnLfFT8uCO22uOJc0pt0DsSNau1GTisngBCDw8jQuWT5CqogMJu4b/uXmwEqfj8B3GX6Xsz8zOd6JpRlPftQoA==
    dependencies:
      "@aws-sdk/util-buffer-from" "3.310.0"
      tslib "^2.5.0"
  
  "@aws-sdk/util-waiter@3.310.0":
    version "3.310.0"
    resolved "https://registry.yarnpkg.com/@aws-sdk/util-waiter/-/util-waiter-3.310.0.tgz#a410739cfc637af9ccea21de079d00652e9b8363"
    integrity sha512-AV5j3guH/Y4REu+Qh3eXQU9igljHuU4XjX2sADAgf54C0kkhcCCkkiuzk3IsX089nyJCqIcj5idbjdvpnH88Vw==
    dependencies:
      "@aws-sdk/abort-controller" "3.310.0"
      "@aws-sdk/types" "3.310.0"
      tslib "^2.5.0"
  
  "@azure/abort-controller@^1.0.0", "@azure/abort-controller@^1.0.4":
    version "1.1.0"
    resolved "https://registry.yarnpkg.com/@azure/abort-controller/-/abort-controller-1.1.0.tgz#788ee78457a55af8a1ad342acb182383d2119249"
    integrity sha512-TrRLIoSQVzfAJX9H1JeFjzAoDGcoK1IYX1UImfceTZpsyYfWr09Ss1aHW1y5TrrR3iq6RZLBwJ3E24uwPhwahw==
    dependencies:
      tslib "^2.2.0"
  
  "@azure/core-auth@^1.1.4", "@azure/core-auth@^1.3.0", "@azure/core-auth@^1.4.0":
    version "1.4.0"
    resolved "https://registry.yarnpkg.com/@azure/core-auth/-/core-auth-1.4.0.tgz#6fa9661c1705857820dbc216df5ba5665ac36a9e"
    integrity sha512-HFrcTgmuSuukRf/EdPmqBrc5l6Q5Uu+2TbuhaKbgaCpP2TfAeiNaQPAadxO+CYBRHGUzIDteMAjFspFLDLnKVQ==
    dependencies:
      "@azure/abort-controller" "^1.0.0"
      tslib "^2.2.0"
  
  "@azure/core-client@^1.0.0", "@azure/core-client@^1.3.0", "@azure/core-client@^1.5.0":
    version "1.7.2"
    resolved "https://registry.yarnpkg.com/@azure/core-client/-/core-client-1.7.2.tgz#e1e0670c9a5086dd62fd0080d2fd8b426babad9e"
    integrity sha512-ye5554gnVnXdfZ64hptUtETgacXoRWxYv1JF5MctoAzTSH5dXhDPZd9gOjDPyWMcLIk58pnP5+p5vGX6PYn1ag==
    dependencies:
      "@azure/abort-controller" "^1.0.0"
      "@azure/core-auth" "^1.4.0"
      "@azure/core-rest-pipeline" "^1.9.1"
      "@azure/core-tracing" "^1.0.0"
      "@azure/core-util" "^1.0.0"
      "@azure/logger" "^1.0.0"
      tslib "^2.2.0"
  
  "@azure/core-http-compat@^1.3.0":
    version "1.3.0"
    resolved "https://registry.yarnpkg.com/@azure/core-http-compat/-/core-http-compat-1.3.0.tgz#bf3d8ae1e310103f2b82550f36fd2a99c9b4d3f4"
    integrity sha512-ZN9avruqbQ5TxopzG3ih3KRy52n8OAbitX3fnZT5go4hzu0J+KVPSzkL+Wt3hpJpdG8WIfg1sBD1tWkgUdEpBA==
    dependencies:
      "@azure/abort-controller" "^1.0.4"
      "@azure/core-client" "^1.3.0"
      "@azure/core-rest-pipeline" "^1.3.0"
  
  "@azure/core-http@^3.0.0":
    version "3.0.1"
    resolved "https://registry.yarnpkg.com/@azure/core-http/-/core-http-3.0.1.tgz#2177f3abb64afa8ca101dc34f67cc789888f9f7b"
    integrity sha512-A3x+um3cAPgQe42Lu7Iv/x8/fNjhL/nIoEfqFxfn30EyxK6zC13n+OUxzZBRC0IzQqssqIbt4INf5YG7lYYFtw==
    dependencies:
      "@azure/abort-controller" "^1.0.0"
      "@azure/core-auth" "^1.3.0"
      "@azure/core-tracing" "1.0.0-preview.13"
      "@azure/core-util" "^1.1.1"
      "@azure/logger" "^1.0.0"
      "@types/node-fetch" "^2.5.0"
      "@types/tunnel" "^0.0.3"
      form-data "^4.0.0"
      node-fetch "^2.6.7"
      process "^0.11.10"
      tslib "^2.2.0"
      tunnel "^0.0.6"
      uuid "^8.3.0"
      xml2js "^0.5.0"
  
  "@azure/core-lro@^2.2.0":
    version "2.5.2"
    resolved "https://registry.yarnpkg.com/@azure/core-lro/-/core-lro-2.5.2.tgz#712439f12b39ade7576f55780a4e005472c67b19"
    integrity sha512-tucUutPhBwCPu6v16KEFYML81npEL6gnT+iwewXvK5ZD55sr0/Vw2jfQETMiKVeARRrXHB2QQ3SpxxGi1zAUWg==
    dependencies:
      "@azure/abort-controller" "^1.0.0"
      "@azure/core-util" "^1.2.0"
      "@azure/logger" "^1.0.0"
      tslib "^2.2.0"
  
  "@azure/core-paging@^1.1.1":
    version "1.5.0"
    resolved "https://registry.yarnpkg.com/@azure/core-paging/-/core-paging-1.5.0.tgz#5a5b09353e636072e6a7fc38f7879e11d0afb15f"
    integrity sha512-zqWdVIt+2Z+3wqxEOGzR5hXFZ8MGKK52x4vFLw8n58pR6ZfKRx3EXYTxTaYxYHc/PexPUTyimcTWFJbji9Z6Iw==
    dependencies:
      tslib "^2.2.0"
  
  "@azure/core-rest-pipeline@^1.1.0", "@azure/core-rest-pipeline@^1.3.0", "@azure/core-rest-pipeline@^1.8.0", "@azure/core-rest-pipeline@^1.9.1":
    version "1.10.3"
    resolved "https://registry.yarnpkg.com/@azure/core-rest-pipeline/-/core-rest-pipeline-1.10.3.tgz#7603afd71ff3c290351dbeeab2c814832e47b8ef"
    integrity sha512-AMQb0ttiGJ0MIV/r+4TVra6U4+90mPeOveehFnrqKlo7dknPJYdJ61wOzYJXJjDxF8LcCtSogfRelkq+fCGFTw==
    dependencies:
      "@azure/abort-controller" "^1.0.0"
      "@azure/core-auth" "^1.4.0"
      "@azure/core-tracing" "^1.0.1"
      "@azure/core-util" "^1.3.0"
      "@azure/logger" "^1.0.0"
      form-data "^4.0.0"
      http-proxy-agent "^5.0.0"
      https-proxy-agent "^5.0.0"
      tslib "^2.2.0"
  
  "@azure/core-tracing@1.0.0-preview.12":
    version "1.0.0-preview.12"
    resolved "https://registry.yarnpkg.com/@azure/core-tracing/-/core-tracing-1.0.0-preview.12.tgz#f53ff452c0742ad981c244f97d93d37ca2b5e139"
    integrity sha512-nvo2Wc4EKZGN6eFu9n3U7OXmASmL8VxoPIH7xaD6OlQqi44bouF0YIi9ID5rEsKLiAU59IYx6M297nqWVMWPDg==
    dependencies:
      "@opentelemetry/api" "^1.0.0"
      tslib "^2.2.0"
  
  "@azure/core-tracing@1.0.0-preview.13":
    version "1.0.0-preview.13"
    resolved "https://registry.yarnpkg.com/@azure/core-tracing/-/core-tracing-1.0.0-preview.13.tgz#55883d40ae2042f6f1e12b17dd0c0d34c536d644"
    integrity sha512-KxDlhXyMlh2Jhj2ykX6vNEU0Vou4nHr025KoSEiz7cS3BNiHNaZcdECk/DmLkEB0as5T7b/TpRcehJ5yV6NeXQ==
    dependencies:
      "@opentelemetry/api" "^1.0.1"
      tslib "^2.2.0"
  
  "@azure/core-tracing@^1.0.0", "@azure/core-tracing@^1.0.1":
    version "1.0.1"
    resolved "https://registry.yarnpkg.com/@azure/core-tracing/-/core-tracing-1.0.1.tgz#352a38cbea438c4a83c86b314f48017d70ba9503"
    integrity sha512-I5CGMoLtX+pI17ZdiFJZgxMJApsK6jjfm85hpgp3oazCdq5Wxgh4wMr7ge/TTWW1B5WBuvIOI1fMU/FrOAMKrw==
    dependencies:
      tslib "^2.2.0"
  
  "@azure/core-util@^1.0.0", "@azure/core-util@^1.1.1", "@azure/core-util@^1.2.0", "@azure/core-util@^1.3.0":
    version "1.3.0"
    resolved "https://registry.yarnpkg.com/@azure/core-util/-/core-util-1.3.0.tgz#ea736a0cb0437ac0d049d57ff627c240b41479ec"
    integrity sha512-ANP0Er7R2KHHHjwmKzPF9wbd0gXvOX7yRRHeYL1eNd/OaNrMLyfZH/FQasHRVAf6rMXX+EAUpvYwLMFDHDI5Gw==
    dependencies:
      "@azure/abort-controller" "^1.0.0"
      tslib "^2.2.0"
  
  "@azure/identity@^1.3.0", "@azure/identity@^1.5.2":
    version "1.5.2"
    resolved "https://registry.yarnpkg.com/@azure/identity/-/identity-1.5.2.tgz#09da6aa8e14f2dace3dd8f66de7d7d56bfee5db7"
    integrity sha512-vqyeRbd2i0h9F4mqW5JbkP1xfabqKQ21l/81osKhpOQ2LtwaJW6nw4+0PsVYnxcbPHFCIZt6EWAk74a3OGYZJA==
    dependencies:
      "@azure/core-auth" "^1.3.0"
      "@azure/core-client" "^1.0.0"
      "@azure/core-rest-pipeline" "^1.1.0"
      "@azure/core-tracing" "1.0.0-preview.12"
      "@azure/logger" "^1.0.0"
      "@azure/msal-node" "1.0.0-beta.6"
      "@types/stoppable" "^1.1.0"
      axios "^0.21.1"
      events "^3.0.0"
      jws "^4.0.0"
      msal "^1.0.2"
      open "^7.0.0"
      qs "^6.7.0"
      stoppable "^1.1.0"
      tslib "^2.0.0"
      uuid "^8.3.0"
    optionalDependencies:
      keytar "^7.3.0"
  
  "@azure/keyvault-keys@^4.1.0", "@azure/keyvault-keys@^4.3.0":
    version "4.7.0"
    resolved "https://registry.yarnpkg.com/@azure/keyvault-keys/-/keyvault-keys-4.7.0.tgz#a117935fc3a87ff2f9a5393352a96814c2f33c01"
    integrity sha512-HScWdORbRCKi1vdKI6EChe/t/P/zV7jcGZWfj18BOyeensk5d1/Ynfx1t6xfAy5zUIQvAWVU97hXdCznDpULbQ==
    dependencies:
      "@azure/abort-controller" "^1.0.0"
      "@azure/core-auth" "^1.3.0"
      "@azure/core-client" "^1.5.0"
      "@azure/core-http-compat" "^1.3.0"
      "@azure/core-lro" "^2.2.0"
      "@azure/core-paging" "^1.1.1"
      "@azure/core-rest-pipeline" "^1.8.0"
      "@azure/core-tracing" "^1.0.0"
      "@azure/core-util" "^1.0.0"
      "@azure/logger" "^1.0.0"
      tslib "^2.2.0"
  
  "@azure/logger@^1.0.0":
    version "1.0.4"
    resolved "https://registry.yarnpkg.com/@azure/logger/-/logger-1.0.4.tgz#28bc6d0e5b3c38ef29296b32d35da4e483593fa1"
    integrity sha512-ustrPY8MryhloQj7OWGe+HrYx+aoiOxzbXTtgblbV3xwCqpzUK36phH3XNHQKj3EPonyFUuDTfR3qFhTEAuZEg==
    dependencies:
      tslib "^2.2.0"
  
  "@azure/ms-rest-azure-env@^2.0.0":
    version "2.0.0"
    resolved "https://registry.yarnpkg.com/@azure/ms-rest-azure-env/-/ms-rest-azure-env-2.0.0.tgz#45809f89763a480924e21d3c620cd40866771625"
    integrity sha512-dG76W7ElfLi+fbTjnZVGj+M9e0BIEJmRxU6fHaUQ12bZBe8EJKYb2GV50YWNaP2uJiVQ5+7nXEVj1VN1UQtaEw==
  
  "@azure/ms-rest-js@^2.0.4":
    version "2.6.6"
    resolved "https://registry.yarnpkg.com/@azure/ms-rest-js/-/ms-rest-js-2.6.6.tgz#a2ae4a515565ae1b73729b52b25875853bb3240a"
    integrity sha512-WYIda8VvrkZE68xHgOxUXvjThxNf1nnGPPe0rAljqK5HJHIZ12Pi3YhEDOn3Ge7UnwaaM3eFO0VtAy4nGVI27Q==
    dependencies:
      "@azure/core-auth" "^1.1.4"
      abort-controller "^3.0.0"
      form-data "^2.5.0"
      node-fetch "^2.6.7"
      tough-cookie "^3.0.1"
      tslib "^1.10.0"
      tunnel "0.0.6"
      uuid "^8.3.2"
      xml2js "^0.5.0"
  
  "@azure/ms-rest-nodeauth@^3.0.6":
    version "3.1.1"
    resolved "https://registry.yarnpkg.com/@azure/ms-rest-nodeauth/-/ms-rest-nodeauth-3.1.1.tgz#2624222f0685ae580801d6f1abeab20923814693"
    integrity sha512-UA/8dgLy3+ZiwJjAZHxL4MUB14fFQPkaAOZ94jsTW/Z6WmoOeny2+cLk0+dyIX/iH6qSrEWKwbStEeB970B9pA==
    dependencies:
      "@azure/ms-rest-azure-env" "^2.0.0"
      "@azure/ms-rest-js" "^2.0.4"
      adal-node "^0.2.2"
  
  "@azure/msal-common@^4.0.0":
    version "4.5.1"
    resolved "https://registry.yarnpkg.com/@azure/msal-common/-/msal-common-4.5.1.tgz#f35af8b634ae24aebd0906deb237c0db1afa5826"
    integrity sha512-/i5dXM+QAtO+6atYd5oHGBAx48EGSISkXNXViheliOQe+SIFMDo3gSq3lL54W0suOSAsVPws3XnTaIHlla0PIQ==
    dependencies:
      debug "^4.1.1"
  
  "@azure/msal-node@1.0.0-beta.6":
    version "1.0.0-beta.6"
    resolved "https://registry.yarnpkg.com/@azure/msal-node/-/msal-node-1.0.0-beta.6.tgz#da6bc3a3a861057c85586055960e069f162548ee"
    integrity sha512-ZQI11Uz1j0HJohb9JZLRD8z0moVcPks1AFW4Q/Gcl67+QvH4aKEJti7fjCcipEEZYb/qzLSO8U6IZgPYytsiJQ==
    dependencies:
      "@azure/msal-common" "^4.0.0"
      axios "^0.21.1"
      jsonwebtoken "^8.5.1"
      uuid "^8.3.0"
  
  "@azure/storage-blob@^12.6.0":
    version "12.13.0"
    resolved "https://registry.yarnpkg.com/@azure/storage-blob/-/storage-blob-12.13.0.tgz#9209cbb5c2cd463fb967a0f2ae144ace20879160"
    integrity sha512-t3Q2lvBMJucgTjQcP5+hvEJMAsJSk0qmAnjDLie2td017IiduZbbC9BOcFfmwzR6y6cJdZOuewLCNFmEx9IrXA==
    dependencies:
      "@azure/abort-controller" "^1.0.0"
      "@azure/core-http" "^3.0.0"
      "@azure/core-lro" "^2.2.0"
      "@azure/core-paging" "^1.1.1"
      "@azure/core-tracing" "1.0.0-preview.13"
      "@azure/logger" "^1.0.0"
      events "^3.0.0"
      tslib "^2.2.0"
  
  "@babel/code-frame@^7.0.0", "@babel/code-frame@^7.10.4":
    version "7.21.4"
    resolved "https://registry.yarnpkg.com/@babel/code-frame/-/code-frame-7.21.4.tgz#d0fa9e4413aca81f2b23b9442797bda1826edb39"
    integrity sha512-LYvhNKfwWSPpocw8GI7gpK2nq3HSDuEPC/uSYaALSJu9xjsalaaYFOq0Pwt5KmVqwEbZlDu81aLXwBOmD/Fv9g==
    dependencies:
      "@babel/highlight" "^7.18.6"
  
  "@babel/helper-validator-identifier@^7.18.6":
    version "7.19.1"
    resolved "https://registry.yarnpkg.com/@babel/helper-validator-identifier/-/helper-validator-identifier-7.19.1.tgz#7eea834cf32901ffdc1a7ee555e2f9c27e249ca2"
    integrity sha512-awrNfaMtnHUr653GgGEs++LlAvW6w+DcPrOliSMXWCKo597CwL5Acf/wWdNkf/tfEQE3mjkeD1YOVZOUV/od1w==
  
  "@babel/highlight@^7.18.6":
    version "7.18.6"
    resolved "https://registry.yarnpkg.com/@babel/highlight/-/highlight-7.18.6.tgz#81158601e93e2563795adcbfbdf5d64be3f2ecdf"
    integrity sha512-u7stbOuYjaPezCuLj29hNW1v64M2Md2qupEKP1fHc7WdOA3DgLh37suiSrZYY7haUB7iBeQZ9P1uiRF359do3g==
    dependencies:
      "@babel/helper-validator-identifier" "^7.18.6"
      chalk "^2.0.0"
      js-tokens "^4.0.0"
  
  "@babel/parser@^7.16.4":
    version "7.21.4"
    resolved "https://registry.yarnpkg.com/@babel/parser/-/parser-7.21.4.tgz#94003fdfc520bbe2875d4ae557b43ddb6d880f17"
    integrity sha512-alVJj7k7zIxqBZ7BTRhz0IqJFxW1VJbm6N8JbcYhQ186df9ZBPbZBmWSqAMXwHGsCJdYks7z/voa3ibiS5bCIw==
  
  "@babel/runtime-corejs3@^7.20.13", "@babel/runtime-corejs3@^7.20.7":
    version "7.21.0"
    resolved "https://registry.yarnpkg.com/@babel/runtime-corejs3/-/runtime-corejs3-7.21.0.tgz#6e4939d9d9789ff63e2dc58e88f13a3913a24eba"
    integrity sha512-TDD4UJzos3JJtM+tHX+w2Uc+KWj7GV+VKKFdMVd2Rx8sdA19hcc3P3AHFYd5LVOw+pYuSd5lICC3gm52B6Rwxw==
    dependencies:
      core-js-pure "^3.25.1"
      regenerator-runtime "^0.13.11"
  
  "@directus/app@npm:@mv-data-core/app@9.13.1":
    version "9.13.1"
    resolved "https://registry.yarnpkg.com/@mv-data-core/app/-/app-9.13.1.tgz#55811b1f28d1dc467d606fe1724eeea3220dfa93"
    integrity sha512-3MwWQXwJC25iNWu5mRjTcRsnUgsZh4IEkb3/KYxGKXf9yvc8zGFWv05/siA9TGXujb2LkUCzYfBafipTcxfs9g==
    dependencies:
      bytes "^3.1.2"
      color "^4.2.3"
      diff "^5.0.0"
      dotenv "^10.0.0"
      geojson "^0.5.0"
      highlight.js "^11.4.0"
      markdown-it-anchor "^8.4.1"
      markdown-it-container "^3.0.0"
      markdown-it-table-of-contents "^0.6.0"
      v-viewer "^3.0.10"
  
  "@directus/drive-azure@npm:@mv-data-core/drive-azure@9.12.1":
    version "9.12.1"
    resolved "https://registry.yarnpkg.com/@mv-data-core/drive-azure/-/drive-azure-9.12.1.tgz#55b8ff904852c56582c7405f4076eb1129105b4c"
    integrity sha512-m9ZTA/XJkerf7xG4JVIzbPd1FmABfYRim0XgSii/1Z8bvBkZcxoKWzP3w1evPP+ah0IZJ0UxK3/1cGusvyy+9A==
    dependencies:
      "@azure/storage-blob" "^12.6.0"
      "@directus/drive" "npm:@mv-data-core/drive@9.12.0"
      normalize-path "^3.0.0"
  
  "@directus/drive-gcs@npm:@mv-data-core/drive-gcs@9.12.0":
    version "9.12.0"
    resolved "https://registry.yarnpkg.com/@mv-data-core/drive-gcs/-/drive-gcs-9.12.0.tgz#267b3ac14b7d4c8792dfe88c8c344a7cd5cedb48"
    integrity sha512-+35X0C4Qej6Rdw7p2ni2/44sqUwJJ911IDuUJC0XinEDqiSL6VeJv/ST5SkR/WFBo0fQaXqSBoJu69H7Xfu6wg==
    dependencies:
      "@directus/drive" "npm:@mv-data-core/drive@9.12.0"
      "@google-cloud/storage" "^5.8.5"
      lodash "4.17.21"
      normalize-path "^3.0.0"
  
  "@directus/drive-s3@npm:@mv-data-core/drive-s3@9.12.0":
    version "9.12.0"
    resolved "https://registry.yarnpkg.com/@mv-data-core/drive-s3/-/drive-s3-9.12.0.tgz#99972367a3257080058e68366664849d32b1582e"
    integrity sha512-88jZ7De6VMDmPMF6wUJx00tC5pkRVf46K5+YoOs0ShqmO2josUGMrbSz0PmZEI9hk1GLfqw5r8gKGYbCsztdGA==
    dependencies:
      "@directus/drive" "npm:@mv-data-core/drive@9.12.0"
      aws-sdk "^2.928.0"
      normalize-path "^3.0.0"
  
  "@directus/drive@npm:@mv-data-core/drive@9.12.0":
    version "9.12.0"
    resolved "https://registry.yarnpkg.com/@mv-data-core/drive/-/drive-9.12.0.tgz#593eda8fa6f94906b8c96dad72684959cd35da59"
    integrity sha512-AMxxeIG8wOild5mUZrea9GD0VrGBX95p4+Za8L6P9c7HZvdnJdsSF2jVoqAcOMLOMS9rdba0YFIL13KC0jYmYA==
    dependencies:
      fs-extra "^10.0.0"
      node-exceptions "^4.0.1"
  
  "@directus/extensions-sdk@npm:@mv-data-core/extensions-sdk@9.12.0":
    version "9.12.0"
    resolved "https://registry.yarnpkg.com/@mv-data-core/extensions-sdk/-/extensions-sdk-9.12.0.tgz#22004c76897ee2b62b94bba102d2d3a4cb7154f2"
    integrity sha512-+w+UjZdIeaFO3/0RWr4LlzD0hCVtRMs2kZmN8hPAIJ5NNCnGQjJ1xQorCRiQE+rqog2lO3zxlRx462m0O6q0nQ==
    dependencies:
      "@directus/shared" "npm:@mv-data-core/shared@9.12.0"
      "@rollup/plugin-commonjs" "^21.0.1"
      "@rollup/plugin-json" "^4.1.0"
      "@rollup/plugin-node-resolve" "^13.1.3"
      "@rollup/plugin-replace" "^3.1.0"
      "@vue/compiler-sfc" "^3.1.1"
      chalk "^4.1.1"
      commander "^8.0.0"
      execa "^5.1.1"
      fs-extra "^10.0.0"
      ora "^5.4.0"
      rollup "^2.67.3"
      rollup-plugin-styles "^4.0.0"
      rollup-plugin-terser "^7.0.2"
      rollup-plugin-typescript2 "^0.31.2"
      rollup-plugin-vue "^6.0.0"
  
  "@directus/format-title@npm:@mv-data-core/format-title@9.12.0":
    version "9.12.0"
    resolved "https://registry.yarnpkg.com/@mv-data-core/format-title/-/format-title-9.12.0.tgz#dfcb6e72145242eaebed2b3fa1c0ede45caa9034"
    integrity sha512-AeSmvOigTLRXa3dtrFCslsjmZX0aEk+H1h/gryAn9SC33CvcV5wgMZi+MdMnm444Xl3XV+c9DXbAz9hh/oNrHg==
  
  "@directus/schema@npm:@mv-data-core/schema@9.12.0":
    version "9.12.0"
    resolved "https://registry.yarnpkg.com/@mv-data-core/schema/-/schema-9.12.0.tgz#437a9b1cf59a567810c6c8762fb16ba27b063147"
    integrity sha512-Dy4oA2ZLk56bKcFX6c1/rSX5L/SGx9FZzS2NzckK4n6WEY3OJTVb8eHuNHApLYAFRvNPZUutO+bRoD8dpW4KBQ==
    dependencies:
      knex-schema-inspector "1.7.3"
      lodash "^4.17.21"
  
  "@directus/shared@npm:@mv-data-core/shared@9.12.0":
    version "9.12.0"
    resolved "https://registry.yarnpkg.com/@mv-data-core/shared/-/shared-9.12.0.tgz#ae0fd6a15a584438d044e063163dca1df6a473c3"
    integrity sha512-395G7fdm645IqP/TzW3VK0L2tBsaTBv6hlKmZDWWKkJH8pGhEgLwQz+5jWA8GMZAslajeciQwpDuTxZbomc2xg==
    dependencies:
      axios "*"
      date-fns "2.24.0"
      express "^4.17.1"
      fs-extra "10.0.0"
      geojson "^0.5.0"
      joi "17.4.2"
      keyv "^4.0.3"
      knex "^2.1.0"
      knex-schema-inspector "1.7.3"
      lodash "4.17.21"
      pino "6.13.3"
      vue "*"
      vue-i18n "*"
      vue-router "*"
  
  "@directus/shared@npm:@mv-data-core/shared@9.12.4":
    version "9.12.4"
    resolved "https://registry.yarnpkg.com/@mv-data-core/shared/-/shared-9.12.4.tgz#cc524b816b131324c6ce37381bc45ae4496bab27"
    integrity sha512-qlr5AKJfcuNOyAakEdRJzOLJQjHvv1s0VL1DsI/Vbt1wZPcZvMIDlkpMLF76ho/eS9zJCz7DV1UkBm8V1Sgdsw==
    dependencies:
      axios "*"
      date-fns "2.24.0"
      express "^4.17.1"
      fs-extra "10.0.0"
      geojson "^0.5.0"
      joi "17.4.2"
      keyv "^4.0.3"
      knex "^2.1.0"
      knex-schema-inspector "1.7.3"
      lodash "4.17.21"
      pino "6.13.3"
      vue "*"
      vue-i18n "*"
      vue-router "*"
  
  "@directus/specs@npm:@mv-data-core/specs@9.12.1":
    version "9.12.1"
    resolved "https://registry.yarnpkg.com/@mv-data-core/specs/-/specs-9.12.1.tgz#ccf1dd1e38ec20836dde5965db45911d2fb7d2a6"
    integrity sha512-4W6uPmvq1kwotStX5MH8EIeocyGFpAdLkk5KZcobtyEt+M2f5IdpPp4+6cv4wbkjcQw1NuOXrACYmijFc/+tWA==
    dependencies:
      openapi3-ts "^2.0.1"
  
  "@gar/promisify@^1.0.1":
    version "1.1.3"
    resolved "https://registry.yarnpkg.com/@gar/promisify/-/promisify-1.1.3.tgz#555193ab2e3bb3b6adc3d551c9c030d9e860daf6"
    integrity sha512-k2Ty1JcVojjJFwrg/ThKi2ujJ7XNLYaFGNB/bWT9wGR+oSMJHMa5w+CUq6p/pVrKeNNgA7pCqEcjSnHVoqJQFw==
  
  "@godaddy/terminus@^4.9.0":
    version "4.11.2"
    resolved "https://registry.yarnpkg.com/@godaddy/terminus/-/terminus-4.11.2.tgz#86e8e0c40ad64eb62f5e2c3ee5c20beff97d9a2d"
    integrity sha512-e/kbOWpGKME42eltM/wXM3RxSUOrfureZxEd6Dt6NXyFoJ7E8lnmm7znXydJsL3B7ky4HRFZI+eHrep54NZbeQ==
    dependencies:
      stoppable "^1.1.0"
  
  "@google-cloud/paginator@^3.0.7":
    version "3.0.7"
    resolved "https://registry.yarnpkg.com/@google-cloud/paginator/-/paginator-3.0.7.tgz#fb6f8e24ec841f99defaebf62c75c2e744dd419b"
    integrity sha512-jJNutk0arIQhmpUUQJPJErsojqo834KcyB6X7a1mxuic8i1tKXxde8E69IZxNZawRIlZdIK2QY4WALvlK5MzYQ==
    dependencies:
      arrify "^2.0.0"
      extend "^3.0.2"
  
  "@google-cloud/projectify@^2.0.0":
    version "2.1.1"
    resolved "https://registry.yarnpkg.com/@google-cloud/projectify/-/projectify-2.1.1.tgz#ae6af4fee02d78d044ae434699a630f8df0084ef"
    integrity sha512-+rssMZHnlh0twl122gXY4/aCrk0G1acBqkHFfYddtsqpYXGxA29nj9V5V9SfC+GyOG00l650f6lG9KL+EpFEWQ==
  
  "@google-cloud/promisify@^2.0.0":
    version "2.0.4"
    resolved "https://registry.yarnpkg.com/@google-cloud/promisify/-/promisify-2.0.4.tgz#9d8705ecb2baa41b6b2673f3a8e9b7b7e1abc52a"
    integrity sha512-j8yRSSqswWi1QqUGKVEKOG03Q7qOoZP6/h2zN2YO+F5h2+DHU0bSrHCK9Y7lo2DI9fBd8qGAw795sf+3Jva4yA==
  
  "@google-cloud/storage@^5.8.5":
    version "5.20.5"
    resolved "https://registry.yarnpkg.com/@google-cloud/storage/-/storage-5.20.5.tgz#1de71fc88d37934a886bc815722c134b162d335d"
    integrity sha512-lOs/dCyveVF8TkVFnFSF7IGd0CJrTm91qiK6JLu+Z8qiT+7Ag0RyVhxZIWkhiACqwABo7kSHDm8FdH8p2wxSSw==
    dependencies:
      "@google-cloud/paginator" "^3.0.7"
      "@google-cloud/projectify" "^2.0.0"
      "@google-cloud/promisify" "^2.0.0"
      abort-controller "^3.0.0"
      arrify "^2.0.0"
      async-retry "^1.3.3"
      compressible "^2.0.12"
      configstore "^5.0.0"
      duplexify "^4.0.0"
      ent "^2.2.0"
      extend "^3.0.2"
      gaxios "^4.0.0"
      google-auth-library "^7.14.1"
      hash-stream-validation "^0.2.2"
      mime "^3.0.0"
      mime-types "^2.0.8"
      p-limit "^3.0.1"
      pumpify "^2.0.0"
      retry-request "^4.2.2"
      stream-events "^1.0.4"
      teeny-request "^7.1.3"
      uuid "^8.0.0"
      xdg-basedir "^4.0.0"
  
  "@hapi/hoek@^9.0.0":
    version "9.3.0"
    resolved "https://registry.yarnpkg.com/@hapi/hoek/-/hoek-9.3.0.tgz#8368869dcb735be2e7f5cb7647de78e167a251fb"
    integrity sha512-/c6rf4UJlmHlC9b5BaNvzAcFv7HZ2QHaV0D4/HNlBdvFnvQq8RI4kYdhyPCl7Xj+oWvTWQ8ujhqS53LIgAe6KQ==
  
  "@hapi/topo@^5.0.0":
    version "5.1.0"
    resolved "https://registry.yarnpkg.com/@hapi/topo/-/topo-5.1.0.tgz#dc448e332c6c6e37a4dc02fd84ba8d44b9afb012"
    integrity sha512-foQZKJig7Ob0BMAYBfcJk8d77QtOe7Wo4ox7ff1lQYoNNAb6jwcY1ncdoy2e9wQZzvNy7ODZCYJkK8kzmcAnAg==
    dependencies:
      "@hapi/hoek" "^9.0.0"
  
  "@intlify/core-base@9.2.2":
    version "9.2.2"
    resolved "https://registry.yarnpkg.com/@intlify/core-base/-/core-base-9.2.2.tgz#5353369b05cc9fe35cab95fe20afeb8a4481f939"
    integrity sha512-JjUpQtNfn+joMbrXvpR4hTF8iJQ2sEFzzK3KIESOx+f+uwIjgw20igOyaIdhfsVVBCds8ZM64MoeNSx+PHQMkA==
    dependencies:
      "@intlify/devtools-if" "9.2.2"
      "@intlify/message-compiler" "9.2.2"
      "@intlify/shared" "9.2.2"
      "@intlify/vue-devtools" "9.2.2"
  
  "@intlify/devtools-if@9.2.2":
    version "9.2.2"
    resolved "https://registry.yarnpkg.com/@intlify/devtools-if/-/devtools-if-9.2.2.tgz#b13d9ac4b4e2fe6d2e7daa556517a8061fe8bd39"
    integrity sha512-4ttr/FNO29w+kBbU7HZ/U0Lzuh2cRDhP8UlWOtV9ERcjHzuyXVZmjyleESK6eVP60tGC9QtQW9yZE+JeRhDHkg==
    dependencies:
      "@intlify/shared" "9.2.2"
  
  "@intlify/message-compiler@9.2.2":
    version "9.2.2"
    resolved "https://registry.yarnpkg.com/@intlify/message-compiler/-/message-compiler-9.2.2.tgz#e42ab6939b8ae5b3d21faf6a44045667a18bba1c"
    integrity sha512-IUrQW7byAKN2fMBe8z6sK6riG1pue95e5jfokn8hA5Q3Bqy4MBJ5lJAofUsawQJYHeoPJ7svMDyBaVJ4d0GTtA==
    dependencies:
      "@intlify/shared" "9.2.2"
      source-map "0.6.1"
  
  "@intlify/shared@9.2.2":
    version "9.2.2"
    resolved "https://registry.yarnpkg.com/@intlify/shared/-/shared-9.2.2.tgz#5011be9ca2b4ab86f8660739286e2707f9abb4a5"
    integrity sha512-wRwTpsslgZS5HNyM7uDQYZtxnbI12aGiBZURX3BTR9RFIKKRWpllTsgzHWvj3HKm3Y2Sh5LPC1r0PDCKEhVn9Q==
  
  "@intlify/vue-devtools@9.2.2":
    version "9.2.2"
    resolved "https://registry.yarnpkg.com/@intlify/vue-devtools/-/vue-devtools-9.2.2.tgz#b95701556daf7ebb3a2d45aa3ae9e6415aed8317"
    integrity sha512-+dUyqyCHWHb/UcvY1MlIpO87munedm3Gn6E9WWYdWrMuYLcoIoOEVDWSS8xSwtlPU+kA+MEQTP6Q1iI/ocusJg==
    dependencies:
      "@intlify/core-base" "9.2.2"
      "@intlify/shared" "9.2.2"
  
  "@ioredis/commands@^1.1.1":
    version "1.2.0"
    resolved "https://registry.yarnpkg.com/@ioredis/commands/-/commands-1.2.0.tgz#6d61b3097470af1fdbbe622795b8921d42018e11"
    integrity sha512-Sx1pU8EM64o2BrqNpEO1CNLtKQwyhuXuqyfH7oGKCk+1a33d2r5saW8zNwm3j6BTExtjrv2BxTgzzkMwts6vGg==
  
  "@jridgewell/gen-mapping@^0.3.0":
    version "0.3.3"
    resolved "https://registry.yarnpkg.com/@jridgewell/gen-mapping/-/gen-mapping-0.3.3.tgz#7e02e6eb5df901aaedb08514203b096614024098"
    integrity sha512-HLhSWOLRi875zjjMG/r+Nv0oCW8umGb0BgEhyX3dDX3egwZtB8PqLnjz3yedt8R5StBrzcg4aBpnh8UA9D1BoQ==
    dependencies:
      "@jridgewell/set-array" "^1.0.1"
      "@jridgewell/sourcemap-codec" "^1.4.10"
      "@jridgewell/trace-mapping" "^0.3.9"
  
  "@jridgewell/resolve-uri@3.1.0":
    version "3.1.0"
    resolved "https://registry.yarnpkg.com/@jridgewell/resolve-uri/-/resolve-uri-3.1.0.tgz#2203b118c157721addfe69d47b70465463066d78"
    integrity sha512-F2msla3tad+Mfht5cJq7LSXcdudKTWCVYUgw6pLFOOHSTtZlj6SWNYAp+AhuqLmWdBO2X5hPrLcu8cVP8fy28w==
  
  "@jridgewell/set-array@^1.0.1":
    version "1.1.2"
    resolved "https://registry.yarnpkg.com/@jridgewell/set-array/-/set-array-1.1.2.tgz#7c6cf998d6d20b914c0a55a91ae928ff25965e72"
    integrity sha512-xnkseuNADM0gt2bs+BvhO0p78Mk762YnZdsuzFV018NoG1Sj1SCQvpSqa7XUaTam5vAGasABV9qXASMKnFMwMw==
  
  "@jridgewell/source-map@^0.3.2":
    version "0.3.3"
    resolved "https://registry.yarnpkg.com/@jridgewell/source-map/-/source-map-0.3.3.tgz#8108265659d4c33e72ffe14e33d6cc5eb59f2fda"
    integrity sha512-b+fsZXeLYi9fEULmfBrhxn4IrPlINf8fiNarzTof004v3lFdntdwa9PF7vFJqm3mg7s+ScJMxXaE3Acp1irZcg==
    dependencies:
      "@jridgewell/gen-mapping" "^0.3.0"
      "@jridgewell/trace-mapping" "^0.3.9"
  
  "@jridgewell/sourcemap-codec@1.4.14":
    version "1.4.14"
    resolved "https://registry.yarnpkg.com/@jridgewell/sourcemap-codec/-/sourcemap-codec-1.4.14.tgz#add4c98d341472a289190b424efbdb096991bb24"
    integrity sha512-XPSJHWmi394fuUuzDnGz1wiKqWfo1yXecHQMRf2l6hztTO+nPru658AyDngaBe7isIxEkRsPR3FZh+s7iVa4Uw==
  
  "@jridgewell/sourcemap-codec@^1.4.10":
    version "1.4.15"
    resolved "https://registry.yarnpkg.com/@jridgewell/sourcemap-codec/-/sourcemap-codec-1.4.15.tgz#d7c6e6755c78567a951e04ab52ef0fd26de59f32"
    integrity sha512-eF2rxCRulEKXHTRiDrDy6erMYWqNw4LPdQ8UQA4huuxaQsVeRPFl2oM8oDGxMFhJUWZf9McpLtJasDDZb/Bpeg==
  
  "@jridgewell/trace-mapping@^0.3.9":
    version "0.3.18"
    resolved "https://registry.yarnpkg.com/@jridgewell/trace-mapping/-/trace-mapping-0.3.18.tgz#25783b2086daf6ff1dcb53c9249ae480e4dd4cd6"
    integrity sha512-w+niJYzMHdd7USdiH2U6869nqhD2nbfZXND5Yp93qIbEmnDNk7PD48o+YchRVpzMU7M6jVCbenTR7PA1FLQ9pA==
    dependencies:
      "@jridgewell/resolve-uri" "3.1.0"
      "@jridgewell/sourcemap-codec" "1.4.14"
  
  "@js-joda/core@^3.2.0":
    version "3.2.0"
    resolved "https://registry.yarnpkg.com/@js-joda/core/-/core-3.2.0.tgz#3e61e21b7b2b8a6be746df1335cf91d70db2a273"
    integrity sha512-PMqgJ0sw5B7FKb2d5bWYIoxjri+QlW/Pys7+Rw82jSH0QN3rB05jZ/VrrsUdh1w4+i2kw9JOejXGq/KhDOX7Kg==
  
  "@js-joda/core@^4.0.0":
    version "4.3.1"
    resolved "https://registry.yarnpkg.com/@js-joda/core/-/core-4.3.1.tgz#1df9f197d060f1eb087a895a5e33adb7f12b58fc"
    integrity sha512-oeaetlodcqVsiZDxnEcqsbs+sXBkASxua0mXs5OXuPQXz3/wdPTMlxwfQ4z2HKcOik3S9voW3QJkp/KLWDhvRQ==
  
  "@keyv/redis@^2.1.2":
    version "2.5.7"
    resolved "https://registry.yarnpkg.com/@keyv/redis/-/redis-2.5.7.tgz#203e5132d57284dc70390afbd0c0ad02d488508d"
    integrity sha512-WFDjJ1rXOytwnE56vjunrl+AR/p2T3qG6OK9rfCPR7+GUNlu8DfuNYjnvWeklKmK1FSe7zAYdD1C+MbJt5FJXg==
    dependencies:
      ioredis "^5.3.1"
  
  "@lit-labs/ssr-dom-shim@^1.0.0", "@lit-labs/ssr-dom-shim@^1.1.0":
    version "1.1.0"
    resolved "https://registry.yarnpkg.com/@lit-labs/ssr-dom-shim/-/ssr-dom-shim-1.1.0.tgz#3361d6b8c4cb2ac426d5794ac7cd9776cd2f0814"
    integrity sha512-92uQ5ARf7UXYrzaFcAX3T2rTvaS9Z1//ukV+DqjACM4c8s0ZBQd7ayJU5Dh2AFLD/Ayuyz4uMmxQec8q3U4Ong==
  
  "@lit/reactive-element@^1.3.0", "@lit/reactive-element@^1.6.0":
    version "1.6.1"
    resolved "https://registry.yarnpkg.com/@lit/reactive-element/-/reactive-element-1.6.1.tgz#0d958b6d479d0e3db5fc1132ecc4fa84be3f0b93"
    integrity sha512-va15kYZr7KZNNPZdxONGQzpUr+4sxVu7V/VG7a8mRfPPXUyhEYj5RzXCQmGrlP3tAh0L3HHm5AjBMFYRqlM9SA==
    dependencies:
      "@lit-labs/ssr-dom-shim" "^1.0.0"
  
  "@mapbox/node-pre-gyp@^1.0.0", "@mapbox/node-pre-gyp@^1.0.9":
    version "1.0.10"
    resolved "https://registry.yarnpkg.com/@mapbox/node-pre-gyp/-/node-pre-gyp-1.0.10.tgz#8e6735ccebbb1581e5a7e652244cadc8a844d03c"
    integrity sha512-4ySo4CjzStuprMwk35H5pPbkymjv1SF3jGLj6rAHp/xT/RF7TL7bd9CTm1xDY49K2qF7jmR/g7k+SkLETP6opA==
    dependencies:
      detect-libc "^2.0.0"
      https-proxy-agent "^5.0.0"
      make-dir "^3.1.0"
      node-fetch "^2.6.7"
      nopt "^5.0.0"
      npmlog "^5.0.1"
      rimraf "^3.0.2"
      semver "^7.3.5"
      tar "^6.1.11"
  
  "@msgpackr-extract/msgpackr-extract-darwin-arm64@3.0.2":
    version "3.0.2"
    resolved "https://registry.yarnpkg.com/@msgpackr-extract/msgpackr-extract-darwin-arm64/-/msgpackr-extract-darwin-arm64-3.0.2.tgz#44d752c1a2dc113f15f781b7cc4f53a307e3fa38"
    integrity sha512-9bfjwDxIDWmmOKusUcqdS4Rw+SETlp9Dy39Xui9BEGEk19dDwH0jhipwFzEff/pFg95NKymc6TOTbRKcWeRqyQ==
  
  "@msgpackr-extract/msgpackr-extract-darwin-x64@3.0.2":
    version "3.0.2"
    resolved "https://registry.yarnpkg.com/@msgpackr-extract/msgpackr-extract-darwin-x64/-/msgpackr-extract-darwin-x64-3.0.2.tgz#f954f34355712212a8e06c465bc06c40852c6bb3"
    integrity sha512-lwriRAHm1Yg4iDf23Oxm9n/t5Zpw1lVnxYU3HnJPTi2lJRkKTrps1KVgvL6m7WvmhYVt/FIsssWay+k45QHeuw==
  
  "@msgpackr-extract/msgpackr-extract-linux-arm64@3.0.2":
    version "3.0.2"
    resolved "https://registry.yarnpkg.com/@msgpackr-extract/msgpackr-extract-linux-arm64/-/msgpackr-extract-linux-arm64-3.0.2.tgz#45c63037f045c2b15c44f80f0393fa24f9655367"
    integrity sha512-FU20Bo66/f7He9Fp9sP2zaJ1Q8L9uLPZQDub/WlUip78JlPeMbVL8546HbZfcW9LNciEXc8d+tThSJjSC+tmsg==
  
  "@msgpackr-extract/msgpackr-extract-linux-arm@3.0.2":
    version "3.0.2"
    resolved "https://registry.yarnpkg.com/@msgpackr-extract/msgpackr-extract-linux-arm/-/msgpackr-extract-linux-arm-3.0.2.tgz#35707efeafe6d22b3f373caf9e8775e8920d1399"
    integrity sha512-MOI9Dlfrpi2Cuc7i5dXdxPbFIgbDBGgKR5F2yWEa6FVEtSWncfVNKW5AKjImAQ6CZlBK9tympdsZJ2xThBiWWA==
  
  "@msgpackr-extract/msgpackr-extract-linux-x64@3.0.2":
    version "3.0.2"
    resolved "https://registry.yarnpkg.com/@msgpackr-extract/msgpackr-extract-linux-x64/-/msgpackr-extract-linux-x64-3.0.2.tgz#091b1218b66c341f532611477ef89e83f25fae4f"
    integrity sha512-gsWNDCklNy7Ajk0vBBf9jEx04RUxuDQfBse918Ww+Qb9HCPoGzS+XJTLe96iN3BVK7grnLiYghP/M4L8VsaHeA==
  
  "@msgpackr-extract/msgpackr-extract-win32-x64@3.0.2":
    version "3.0.2"
    resolved "https://registry.yarnpkg.com/@msgpackr-extract/msgpackr-extract-win32-x64/-/msgpackr-extract-win32-x64-3.0.2.tgz#0f164b726869f71da3c594171df5ebc1c4b0a407"
    integrity sha512-O+6Gs8UeDbyFpbSh2CPEz/UOrrdWPTBYNblZK5CxxLisYt4kGX3Sc+czffFonyjiGSq3jWLwJS/CCJc7tBr4sQ==
  
  "@nodelib/fs.scandir@2.1.5":
    version "2.1.5"
    resolved "https://registry.yarnpkg.com/@nodelib/fs.scandir/-/fs.scandir-2.1.5.tgz#7619c2eb21b25483f6d167548b4cfd5a7488c3d5"
    integrity sha512-vq24Bq3ym5HEQm2NKCr3yXDwjc7vTsEThRDnkp2DK9p1uqLR+DHurm/NOTo0KG7HYHU7eppKZj3MyqYuMBf62g==
    dependencies:
      "@nodelib/fs.stat" "2.0.5"
      run-parallel "^1.1.9"
  
  "@nodelib/fs.stat@2.0.5", "@nodelib/fs.stat@^2.0.2":
    version "2.0.5"
    resolved "https://registry.yarnpkg.com/@nodelib/fs.stat/-/fs.stat-2.0.5.tgz#5bd262af94e9d25bd1e71b05deed44876a222e8b"
    integrity sha512-RkhPPp2zrqDAQA/2jNhnztcPAlv64XdhIp7a7454A5ovI7Bukxgt7MX7udwAu3zg1DcpPU0rz3VV1SeaqvY4+A==
  
  "@nodelib/fs.walk@^1.2.3":
    version "1.2.8"
    resolved "https://registry.yarnpkg.com/@nodelib/fs.walk/-/fs.walk-1.2.8.tgz#e95737e8bb6746ddedf69c556953494f196fe69a"
    integrity sha512-oGB+UxlgWcgQkgwo8GcEGwemoTFt3FIO9ababBmaGwXIoBKZ+GTy0pP185beGg7Llih/NSHSV2XAs1lnznocSg==
    dependencies:
      "@nodelib/fs.scandir" "2.1.5"
      fastq "^1.6.0"
  
  "@npmcli/fs@^1.0.0":
    version "1.1.1"
    resolved "https://registry.yarnpkg.com/@npmcli/fs/-/fs-1.1.1.tgz#72f719fe935e687c56a4faecf3c03d06ba593257"
    integrity sha512-8KG5RD0GVP4ydEzRn/I4BNDuxDtqVbOdm8675T49OIG/NGhaK0pjPX7ZcDlvKYbA+ulvVK3ztfcF4uBdOxuJbQ==
    dependencies:
      "@gar/promisify" "^1.0.1"
      semver "^7.3.5"
  
  "@npmcli/move-file@^1.0.1":
    version "1.1.2"
    resolved "https://registry.yarnpkg.com/@npmcli/move-file/-/move-file-1.1.2.tgz#1a82c3e372f7cae9253eb66d72543d6b8685c674"
    integrity sha512-1SUf/Cg2GzGDyaf15aR9St9TWlb+XvbZXWpDx8YKs7MLzMH/BCeopv+y9vzrzgkfykCGuWOlSu3mZhj2+FQcrg==
    dependencies:
      mkdirp "^1.0.4"
      rimraf "^3.0.2"
  
  "@opentelemetry/api@^1.0.0", "@opentelemetry/api@^1.0.1":
    version "1.4.1"
    resolved "https://registry.yarnpkg.com/@opentelemetry/api/-/api-1.4.1.tgz#ff22eb2e5d476fbc2450a196e40dd243cc20c28f"
    integrity sha512-O2yRJce1GOc6PAy3QxFM4NzFiWzvScDC1/5ihYBL6BUEVdq0XMWN01sppE+H6bBXbaFYipjwFLEWLg5PaSOThA==
  
  "@otplib/core@^12.0.1":
    version "12.0.1"
    resolved "https://registry.yarnpkg.com/@otplib/core/-/core-12.0.1.tgz#73720a8cedce211fe5b3f683cd5a9c098eaf0f8d"
    integrity sha512-4sGntwbA/AC+SbPhbsziRiD+jNDdIzsZ3JUyfZwjtKyc/wufl1pnSIaG4Uqx8ymPagujub0o92kgBnB89cuAMA==
  
  "@otplib/plugin-crypto@^12.0.1":
    version "12.0.1"
    resolved "https://registry.yarnpkg.com/@otplib/plugin-crypto/-/plugin-crypto-12.0.1.tgz#2b42c624227f4f9303c1c041fca399eddcbae25e"
    integrity sha512-qPuhN3QrT7ZZLcLCyKOSNhuijUi9G5guMRVrxq63r9YNOxxQjPm59gVxLM+7xGnHnM6cimY57tuKsjK7y9LM1g==
    dependencies:
      "@otplib/core" "^12.0.1"
  
  "@otplib/plugin-thirty-two@^12.0.1":
    version "12.0.1"
    resolved "https://registry.yarnpkg.com/@otplib/plugin-thirty-two/-/plugin-thirty-two-12.0.1.tgz#5cc9b56e6e89f2a1fe4a2b38900ca4e11c87aa9e"
    integrity sha512-MtT+uqRso909UkbrrYpJ6XFjj9D+x2Py7KjTO9JDPhL0bJUYVu5kFP4TFZW4NFAywrAtFRxOVY261u0qwb93gA==
    dependencies:
      "@otplib/core" "^12.0.1"
      thirty-two "^1.0.2"
  
  "@otplib/preset-default@^12.0.1":
    version "12.0.1"
    resolved "https://registry.yarnpkg.com/@otplib/preset-default/-/preset-default-12.0.1.tgz#cb596553c08251e71b187ada4a2246ad2a3165ba"
    integrity sha512-xf1v9oOJRyXfluBhMdpOkr+bsE+Irt+0D5uHtvg6x1eosfmHCsCC6ej/m7FXiWqdo0+ZUI6xSKDhJwc8yfiOPQ==
    dependencies:
      "@otplib/core" "^12.0.1"
      "@otplib/plugin-crypto" "^12.0.1"
      "@otplib/plugin-thirty-two" "^12.0.1"
  
  "@otplib/preset-v11@^12.0.1":
    version "12.0.1"
    resolved "https://registry.yarnpkg.com/@otplib/preset-v11/-/preset-v11-12.0.1.tgz#4c7266712e7230500b421ba89252963c838fc96d"
    integrity sha512-9hSetMI7ECqbFiKICrNa4w70deTUfArtwXykPUvSHWOdzOlfa9ajglu7mNCntlvxycTiOAXkQGwjQCzzDEMRMg==
    dependencies:
      "@otplib/core" "^12.0.1"
      "@otplib/plugin-crypto" "^12.0.1"
      "@otplib/plugin-thirty-two" "^12.0.1"
  
  "@phc/format@^1.0.0":
    version "1.0.0"
    resolved "https://registry.yarnpkg.com/@phc/format/-/format-1.0.0.tgz#b5627003b3216dc4362125b13f48a4daa76680e4"
    integrity sha512-m7X9U6BG2+J+R1lSOdCiITLLrxm+cWlNI3HUFA92oLO77ObGNzaKdh8pMLqdZcshtkKuV84olNNXDfMc4FezBQ==
  
  "@rollup/plugin-alias@^3.1.9":
    version "3.1.9"
    resolved "https://registry.yarnpkg.com/@rollup/plugin-alias/-/plugin-alias-3.1.9.tgz#a5d267548fe48441f34be8323fb64d1d4a1b3fdf"
    integrity sha512-QI5fsEvm9bDzt32k39wpOwZhVzRcL5ydcffUHMyLVaVaLeC70I8TJZ17F1z1eMoLu4E/UOcH9BWVkKpIKdrfiw==
    dependencies:
      slash "^3.0.0"
  
  "@rollup/plugin-commonjs@^21.0.1":
    version "21.1.0"
    resolved "https://registry.yarnpkg.com/@rollup/plugin-commonjs/-/plugin-commonjs-21.1.0.tgz#45576d7b47609af2db87f55a6d4b46e44fc3a553"
    integrity sha512-6ZtHx3VHIp2ReNNDxHjuUml6ur+WcQ28N1yHgCQwsbNkQg2suhxGMDQGJOn/KuDxKtd1xuZP5xSTwBA4GQ8hbA==
    dependencies:
      "@rollup/pluginutils" "^3.1.0"
      commondir "^1.0.1"
      estree-walker "^2.0.1"
      glob "^7.1.6"
      is-reference "^1.2.1"
      magic-string "^0.25.7"
      resolve "^1.17.0"
  
  "@rollup/plugin-json@^4.1.0":
    version "4.1.0"
    resolved "https://registry.yarnpkg.com/@rollup/plugin-json/-/plugin-json-4.1.0.tgz#54e09867ae6963c593844d8bd7a9c718294496f3"
    integrity sha512-yfLbTdNS6amI/2OpmbiBoW12vngr5NW2jCJVZSBEz+H5KfUJZ2M7sDjk0U6GOOdCWFVScShte29o9NezJ53TPw==
    dependencies:
      "@rollup/pluginutils" "^3.0.8"
  
  "@rollup/plugin-node-resolve@^13.1.3":
    version "13.3.0"
    resolved "https://registry.yarnpkg.com/@rollup/plugin-node-resolve/-/plugin-node-resolve-13.3.0.tgz#da1c5c5ce8316cef96a2f823d111c1e4e498801c"
    integrity sha512-Lus8rbUo1eEcnS4yTFKLZrVumLPY+YayBdWXgFSHYhTT2iJbMhoaaBL3xl5NCdeRytErGr8tZ0L71BMRmnlwSw==
    dependencies:
      "@rollup/pluginutils" "^3.1.0"
      "@types/resolve" "1.17.1"
      deepmerge "^4.2.2"
      is-builtin-module "^3.1.0"
      is-module "^1.0.0"
      resolve "^1.19.0"
  
  "@rollup/plugin-replace@^3.1.0":
    version "3.1.0"
    resolved "https://registry.yarnpkg.com/@rollup/plugin-replace/-/plugin-replace-3.1.0.tgz#d31e3a90c6b47064f3c9f2ce0ded5bcf0d3b82f6"
    integrity sha512-pA3XRUrSKybVYqmH5TqWNZpGxF+VV+1GrYchKgCNIj2vsSOX7CVm2RCtx8p2nrC7xvkziYyK+lSi74T93MU3YA==
    dependencies:
      "@rollup/pluginutils" "^3.1.0"
      magic-string "^0.25.7"
  
  "@rollup/plugin-virtual@^2.0.0":
    version "2.1.0"
    resolved "https://registry.yarnpkg.com/@rollup/plugin-virtual/-/plugin-virtual-2.1.0.tgz#a77bfd0dff74f0203401c75287ff4d1a1cfbc816"
    integrity sha512-CPPAtlKT53HFqC8jFHb/V5WErpU8Hrq2TyCR0A7kPQMlF2wNUf0o1xuAc+Qxj8NCZM0Z3Yvl+FbUXfJjVWqDwA==
  
  "@rollup/pluginutils@^3.0.8", "@rollup/pluginutils@^3.1.0":
    version "3.1.0"
    resolved "https://registry.yarnpkg.com/@rollup/pluginutils/-/pluginutils-3.1.0.tgz#706b4524ee6dc8b103b3c995533e5ad680c02b9b"
    integrity sha512-GksZ6pr6TpIjHm8h9lSQ8pi8BE9VeubNT0OMJ3B5uZJ8pz73NPiqOtCog/x2/QzM1ENChPKxMDhiQuRHsqc+lg==
    dependencies:
      "@types/estree" "0.0.39"
      estree-walker "^1.0.1"
      picomatch "^2.2.2"
  
  "@rollup/pluginutils@^4.1.2":
    version "4.2.1"
    resolved "https://registry.yarnpkg.com/@rollup/pluginutils/-/pluginutils-4.2.1.tgz#e6c6c3aba0744edce3fb2074922d3776c0af2a6d"
    integrity sha512-iKnFXr7NkdZAIHiIWE+BX5ULi/ucVFYWD6TbAV+rZctiRTY2PL6tsIKhoIOaoskiWAkgu+VsbXgUVDNLHf+InQ==
    dependencies:
      estree-walker "^2.0.1"
      picomatch "^2.2.2"
  
  "@sideway/address@^4.1.0", "@sideway/address@^4.1.3":
    version "4.1.4"
    resolved "https://registry.yarnpkg.com/@sideway/address/-/address-4.1.4.tgz#03dccebc6ea47fdc226f7d3d1ad512955d4783f0"
    integrity sha512-7vwq+rOHVWjyXxVlR76Agnvhy8I9rpzjosTESvmhNeXOXdZZB15Fl+TI9x1SiHZH5Jv2wTGduSxFDIaq0m3DUw==
    dependencies:
      "@hapi/hoek" "^9.0.0"
  
  "@sideway/formula@^3.0.0", "@sideway/formula@^3.0.1":
    version "3.0.1"
    resolved "https://registry.yarnpkg.com/@sideway/formula/-/formula-3.0.1.tgz#80fcbcbaf7ce031e0ef2dd29b1bfc7c3f583611f"
    integrity sha512-/poHZJJVjx3L+zVD6g9KgHfYnb443oi7wLu/XKojDviHy6HOEOA6z1Trk5aR1dGcmPenJEgb2sK2I80LeS3MIg==
  
  "@sideway/pinpoint@^2.0.0":
    version "2.0.0"
    resolved "https://registry.yarnpkg.com/@sideway/pinpoint/-/pinpoint-2.0.0.tgz#cff8ffadc372ad29fd3f78277aeb29e632cc70df"
    integrity sha512-RNiOoTPkptFtSVzQevY/yWtZwf/RxyVnPy/OcA9HBM3MlGDnBEYL5B41H0MTn0Uec8Hi+2qUtTfG2WWZBmMejQ==
  
  "@socket.io/component-emitter@~3.1.0":
    version "3.1.0"
    resolved "https://registry.yarnpkg.com/@socket.io/component-emitter/-/component-emitter-3.1.0.tgz#96116f2a912e0c02817345b3c10751069920d553"
    integrity sha512-+9jVqKhRSpsc591z5vX+X5Yyw+he/HCB4iQ/RYxw35CEPaY1gnsNE43nf9n9AaYjAQrTiI/mOwKUKdUs9vf7Xg==
  
  "@swagger-api/apidom-ast@^0.69.0":
    version "0.69.0"
    resolved "https://registry.yarnpkg.com/@swagger-api/apidom-ast/-/apidom-ast-0.69.0.tgz#5b1ca845c3d237c3785c78c725a3a556129e8989"
    integrity sha512-JsRyi1Ir3VeNSSWmIFqgaFOQCIUvCoKcfmOcU/h4Jz1IOkQij1vj3qEFln4J9sByOWHrhA8zD1Cf+LnXkbGVZg==
    dependencies:
      "@babel/runtime-corejs3" "^7.20.7"
      "@types/ramda" "=0.28.23"
      ramda "=0.28.0"
      ramda-adjunct "=3.4.0"
      stampit "=4.3.2"
      unraw "=2.0.1"
  
  "@swagger-api/apidom-core@>=0.69.2 <1.0.0", "@swagger-api/apidom-core@^0.69.2":
    version "0.69.2"
    resolved "https://registry.yarnpkg.com/@swagger-api/apidom-core/-/apidom-core-0.69.2.tgz#37df0b8f21be1d81d1f7145fed3ba5e464925431"
    integrity sha512-av9vS1SbXxGJvCt4QggrIvS8dr3ZfL6jxrNQGr4cq1wFY/n5ruj0RsXix208c3Zp1Kua3QVOUaJvA+7RdT1VJA==
    dependencies:
      "@babel/runtime-corejs3" "^7.20.7"
      "@swagger-api/apidom-ast" "^0.69.0"
      "@types/ramda" "=0.28.23"
      minim "=0.23.8"
      ramda "=0.28.0"
      ramda-adjunct "=3.4.0"
      short-unique-id "=4.4.4"
      stampit "=4.3.2"
  
  "@swagger-api/apidom-json-pointer@>=0.69.2 <1.0.0", "@swagger-api/apidom-json-pointer@^0.69.2":
    version "0.69.2"
    resolved "https://registry.yarnpkg.com/@swagger-api/apidom-json-pointer/-/apidom-json-pointer-0.69.2.tgz#b830ba9de425f36ceafc14bd850f56633d303ce0"
    integrity sha512-ipu94QNw8ZKWC+pfie5IyIzVImR5N0PANXkUSfFon5L4aMAtggKpZn7aUv/2Cxn51JsCvjZwkXT7PaJ8RddpxA==
    dependencies:
      "@babel/runtime-corejs3" "^7.20.7"
      "@swagger-api/apidom-core" "^0.69.2"
      "@types/ramda" "=0.28.23"
      ramda "=0.28.0"
      ramda-adjunct "=3.4.0"
  
  "@swagger-api/apidom-ns-api-design-systems@^0.69.2":
    version "0.69.2"
    resolved "https://registry.yarnpkg.com/@swagger-api/apidom-ns-api-design-systems/-/apidom-ns-api-design-systems-0.69.2.tgz#4062943a03225de95a91b2f6f09a6f2558f26565"
    integrity sha512-JnOPiDvPfNH/6WWVBqBwK0oIHscHECtL1iZDUE9nB4NSbyoV10oulkuhHNAO9BImqtU4rxtWbXyTL1MEuUdHHQ==
    dependencies:
      "@babel/runtime-corejs3" "^7.20.7"
      "@swagger-api/apidom-core" "^0.69.2"
      "@swagger-api/apidom-ns-openapi-3-1" "^0.69.2"
      "@types/ramda" "=0.28.23"
      ramda "=0.28.0"
      ramda-adjunct "=3.4.0"
      stampit "=4.3.2"
  
  "@swagger-api/apidom-ns-asyncapi-2@^0.69.2":
    version "0.69.2"
    resolved "https://registry.yarnpkg.com/@swagger-api/apidom-ns-asyncapi-2/-/apidom-ns-asyncapi-2-0.69.2.tgz#b4d0fef1dee9c0ccef551b429157e8c737402fc2"
    integrity sha512-SOg9P4rM5Aj2jabt4njmFbZTRMX8/vRHgiDL9vE+uz7s6j64B9QBSFF42j17cEVq6ToqQ7jtu40f1D7K62puQA==
    dependencies:
      "@babel/runtime-corejs3" "^7.20.7"
      "@swagger-api/apidom-core" "^0.69.2"
      "@swagger-api/apidom-ns-json-schema-draft-7" "^0.69.2"
      "@types/ramda" "=0.28.23"
      ramda "=0.28.0"
      ramda-adjunct "=3.4.0"
      stampit "=4.3.2"
  
  "@swagger-api/apidom-ns-json-schema-draft-4@^0.69.2":
    version "0.69.2"
    resolved "https://registry.yarnpkg.com/@swagger-api/apidom-ns-json-schema-draft-4/-/apidom-ns-json-schema-draft-4-0.69.2.tgz#d558c276b83389d4bf20bb3bacd57955c256596b"
    integrity sha512-8yB4afGBAX+vN5oNRxZMWWS/2G0Q9VUzlL2AOu0Q70FQkscbjQcsb6QX9LbHFMrwi3MgOgE0ewMncpcwskuoXA==
    dependencies:
      "@babel/runtime-corejs3" "^7.20.7"
      "@swagger-api/apidom-core" "^0.69.2"
      "@types/ramda" "=0.28.23"
      ramda "=0.28.0"
      ramda-adjunct "=3.4.0"
      stampit "=4.3.2"
  
  "@swagger-api/apidom-ns-json-schema-draft-6@^0.69.2":
    version "0.69.2"
    resolved "https://registry.yarnpkg.com/@swagger-api/apidom-ns-json-schema-draft-6/-/apidom-ns-json-schema-draft-6-0.69.2.tgz#c86f17e9cbdea97a1d70b4d9f3584465e5e8f2e9"
    integrity sha512-RPazXv7L37vrdqHeFy/ZrKVz+vnVOqEFrHFefaq2L5avnzInVTRsTJm+61q0jqnckozz426Gbg5wJgq+Yvpbqg==
    dependencies:
      "@babel/runtime-corejs3" "^7.20.7"
      "@swagger-api/apidom-core" "^0.69.2"
      "@swagger-api/apidom-ns-json-schema-draft-4" "^0.69.2"
      "@types/ramda" "=0.28.23"
      ramda "=0.28.0"
      ramda-adjunct "=3.4.0"
      stampit "=4.3.2"
  
  "@swagger-api/apidom-ns-json-schema-draft-7@^0.69.2":
    version "0.69.2"
    resolved "https://registry.yarnpkg.com/@swagger-api/apidom-ns-json-schema-draft-7/-/apidom-ns-json-schema-draft-7-0.69.2.tgz#af2661cb3dfec302f3caba07e25437a35b49d0a7"
    integrity sha512-pQQE85xjv+UaObQzkhpOPochQ8GhWETAUuzDxHrgKmw20Ca03QAC7RV3tbSnkIbI5cy9wpb4gRM0T5/PzZnBYA==
    dependencies:
      "@babel/runtime-corejs3" "^7.20.7"
      "@swagger-api/apidom-core" "^0.69.2"
      "@swagger-api/apidom-ns-json-schema-draft-6" "^0.69.2"
      "@types/ramda" "=0.28.23"
      ramda "=0.28.0"
      ramda-adjunct "=3.4.0"
      stampit "=4.3.2"
  
  "@swagger-api/apidom-ns-openapi-3-0@^0.69.2":
    version "0.69.2"
    resolved "https://registry.yarnpkg.com/@swagger-api/apidom-ns-openapi-3-0/-/apidom-ns-openapi-3-0-0.69.2.tgz#97385359da3bbfe5b51eddeba7cf9879fec9132e"
    integrity sha512-OroXRC+Q1btrpuQ3+ZbMi9XGYiab3YQMg/Rx1wpszbW5C5IPtaa2/FtMcBGYWR5IIdxi+bAT8itbMBGSCcz/Ew==
    dependencies:
      "@babel/runtime-corejs3" "^7.20.7"
      "@swagger-api/apidom-core" "^0.69.2"
      "@swagger-api/apidom-ns-json-schema-draft-4" "^0.69.2"
      "@types/ramda" "=0.28.23"
      ramda "=0.28.0"
      ramda-adjunct "=3.4.0"
      stampit "=4.3.2"
  
  "@swagger-api/apidom-ns-openapi-3-1@>=0.69.2 <1.0.0", "@swagger-api/apidom-ns-openapi-3-1@^0.69.2":
    version "0.69.2"
    resolved "https://registry.yarnpkg.com/@swagger-api/apidom-ns-openapi-3-1/-/apidom-ns-openapi-3-1-0.69.2.tgz#58abda9ca82af4cfc49d9aa61c5a87629e40cbe9"
    integrity sha512-2yyUmdbvkDnZuOGDduvlp4dtLL/8a1PCR+Ajk9+PR4ZTdbMFtZWcr/knGc33Rtr8eXQwd4NPypFHhTLCEHiGwg==
    dependencies:
      "@babel/runtime-corejs3" "^7.20.7"
      "@swagger-api/apidom-core" "^0.69.2"
      "@swagger-api/apidom-ns-openapi-3-0" "^0.69.2"
      "@types/ramda" "=0.28.23"
      ramda "=0.28.0"
      ramda-adjunct "=3.4.0"
      stampit "=4.3.2"
  
  "@swagger-api/apidom-parser-adapter-api-design-systems-json@^0.69.2":
    version "0.69.2"
    resolved "https://registry.yarnpkg.com/@swagger-api/apidom-parser-adapter-api-design-systems-json/-/apidom-parser-adapter-api-design-systems-json-0.69.2.tgz#779c3dd2e36e576513432d1683aa6663b29b9292"
    integrity sha512-qVL8JrnsjuD3uS1PTNoBTKd5YXPs2SfxRGyKwcmrUXFS+jJmbyYF04xmCgXkwI6TZYjY6KlNb8vmOt4Xr8FqnA==
    dependencies:
      "@babel/runtime-corejs3" "^7.20.7"
      "@swagger-api/apidom-core" "^0.69.2"
      "@swagger-api/apidom-ns-api-design-systems" "^0.69.2"
      "@swagger-api/apidom-parser-adapter-json" "^0.69.2"
      "@types/ramda" "=0.28.23"
      ramda "=0.28.0"
      ramda-adjunct "=3.4.0"
  
  "@swagger-api/apidom-parser-adapter-api-design-systems-yaml@^0.69.2":
    version "0.69.2"
    resolved "https://registry.yarnpkg.com/@swagger-api/apidom-parser-adapter-api-design-systems-yaml/-/apidom-parser-adapter-api-design-systems-yaml-0.69.2.tgz#0e4a6843330a9871d189e16a43f18e441fcb92b6"
    integrity sha512-vMWfQiXcSeo9XSJJ1Yny4BAUw/3RBbBTsPBbNSsnMtpcDhBbodxdko1CeYkGc8sKM0QyeTFPJuiVhb3kGidbcQ==
    dependencies:
      "@babel/runtime-corejs3" "^7.20.7"
      "@swagger-api/apidom-core" "^0.69.2"
      "@swagger-api/apidom-ns-api-design-systems" "^0.69.2"
      "@swagger-api/apidom-parser-adapter-yaml-1-2" "^0.69.2"
      "@types/ramda" "=0.28.23"
      ramda "=0.28.0"
      ramda-adjunct "=3.4.0"
  
  "@swagger-api/apidom-parser-adapter-asyncapi-json-2@^0.69.2":
    version "0.69.2"
    resolved "https://registry.yarnpkg.com/@swagger-api/apidom-parser-adapter-asyncapi-json-2/-/apidom-parser-adapter-asyncapi-json-2-0.69.2.tgz#7d319ae39c10758b63b32b3dafb85a55651e8642"
    integrity sha512-/WDVzOcGFxSgBVCiXHVnfiOeYIWtn2RG/Bnn8leUmWRN9oRBiCS3Lh60qWVpvs4BOVntL7SYJnC+buicKD1iJA==
    dependencies:
      "@babel/runtime-corejs3" "^7.20.7"
      "@swagger-api/apidom-core" "^0.69.2"
      "@swagger-api/apidom-ns-asyncapi-2" "^0.69.2"
      "@swagger-api/apidom-parser-adapter-json" "^0.69.2"
      "@types/ramda" "=0.28.23"
      ramda "=0.28.0"
      ramda-adjunct "=3.4.0"
  
  "@swagger-api/apidom-parser-adapter-asyncapi-yaml-2@^0.69.2":
    version "0.69.2"
    resolved "https://registry.yarnpkg.com/@swagger-api/apidom-parser-adapter-asyncapi-yaml-2/-/apidom-parser-adapter-asyncapi-yaml-2-0.69.2.tgz#13ccfc09e36ccb7e9280bafa85a2112936823c81"
    integrity sha512-qr5epdayokdYyPIJITyqWmUxdknhgPbXhWpSxdEvM8UHgtyutvvvFenFM5pXD1ft8I/uv9oj2WNZxCH2mpsR1g==
    dependencies:
      "@babel/runtime-corejs3" "^7.20.7"
      "@swagger-api/apidom-core" "^0.69.2"
      "@swagger-api/apidom-ns-asyncapi-2" "^0.69.2"
      "@swagger-api/apidom-parser-adapter-yaml-1-2" "^0.69.2"
      "@types/ramda" "=0.28.23"
      ramda "=0.28.0"
      ramda-adjunct "=3.4.0"
  
  "@swagger-api/apidom-parser-adapter-json@^0.69.2":
    version "0.69.2"
    resolved "https://registry.yarnpkg.com/@swagger-api/apidom-parser-adapter-json/-/apidom-parser-adapter-json-0.69.2.tgz#178d0c84db723ce05f0e159b2731c57dba7c1660"
    integrity sha512-mRXrf9bz2lxf9DY2n2WkB3GlQ8MXRqKBwpXLwjDqqve25Wf6X8QNzfz5ykYORQMuyDIgPq/8aMet7yjHRNtcUQ==
    dependencies:
      "@babel/runtime-corejs3" "^7.20.7"
      "@swagger-api/apidom-ast" "^0.69.0"
      "@swagger-api/apidom-core" "^0.69.2"
      "@types/ramda" "=0.28.23"
      ramda "=0.28.0"
      ramda-adjunct "=3.4.0"
      stampit "=4.3.2"
      tree-sitter "=0.20.1"
      tree-sitter-json "=0.20.0"
      web-tree-sitter "=0.20.7"
  
  "@swagger-api/apidom-parser-adapter-openapi-json-3-0@^0.69.2":
    version "0.69.2"
    resolved "https://registry.yarnpkg.com/@swagger-api/apidom-parser-adapter-openapi-json-3-0/-/apidom-parser-adapter-openapi-json-3-0-0.69.2.tgz#33aeb3315bbec6b8460ea8eaf25659d66299e0b5"
    integrity sha512-NGOX9NcrAy1RX1f+uA2rLZbgVWte6O4HRVk0eVjuR3NKjJzuXFdfaYJUpT8IGJx2cW6HsQtJU+BpR+LMfZnM9A==
    dependencies:
      "@babel/runtime-corejs3" "^7.20.7"
      "@swagger-api/apidom-core" "^0.69.2"
      "@swagger-api/apidom-ns-openapi-3-0" "^0.69.2"
      "@swagger-api/apidom-parser-adapter-json" "^0.69.2"
      "@types/ramda" "=0.28.23"
      ramda "=0.28.0"
      ramda-adjunct "=3.4.0"
  
  "@swagger-api/apidom-parser-adapter-openapi-json-3-1@^0.69.2":
    version "0.69.2"
    resolved "https://registry.yarnpkg.com/@swagger-api/apidom-parser-adapter-openapi-json-3-1/-/apidom-parser-adapter-openapi-json-3-1-0.69.2.tgz#4b5daff23257cb1523255739c3fe3b376840b33c"
    integrity sha512-agafo94Uru42/nnydZ2wEt3ENAB6LWAd9l4d8wZL0ifAkjx8fv8rfH601LpFBQq3iD2DlGm0+UpFZXLfBuuQbQ==
    dependencies:
      "@babel/runtime-corejs3" "^7.20.7"
      "@swagger-api/apidom-core" "^0.69.2"
      "@swagger-api/apidom-ns-openapi-3-1" "^0.69.2"
      "@swagger-api/apidom-parser-adapter-json" "^0.69.2"
      "@types/ramda" "=0.28.23"
      ramda "=0.28.0"
      ramda-adjunct "=3.4.0"
  
  "@swagger-api/apidom-parser-adapter-openapi-yaml-3-0@^0.69.2":
    version "0.69.2"
    resolved "https://registry.yarnpkg.com/@swagger-api/apidom-parser-adapter-openapi-yaml-3-0/-/apidom-parser-adapter-openapi-yaml-3-0-0.69.2.tgz#2b22bcb7ed376c4612a1157420cb039649fd46c4"
    integrity sha512-p7Wqk7vCgh9mkXQmk9I/uXri2+1MLCQ14NHfrVowey4ntH4LzBf0NtvxgfCryzzLb2RpdUwIxoh+uf4ibTzyyA==
    dependencies:
      "@babel/runtime-corejs3" "^7.20.7"
      "@swagger-api/apidom-core" "^0.69.2"
      "@swagger-api/apidom-ns-openapi-3-0" "^0.69.2"
      "@swagger-api/apidom-parser-adapter-yaml-1-2" "^0.69.2"
      "@types/ramda" "=0.28.23"
      ramda "=0.28.0"
      ramda-adjunct "=3.4.0"
  
  "@swagger-api/apidom-parser-adapter-openapi-yaml-3-1@^0.69.2":
    version "0.69.2"
    resolved "https://registry.yarnpkg.com/@swagger-api/apidom-parser-adapter-openapi-yaml-3-1/-/apidom-parser-adapter-openapi-yaml-3-1-0.69.2.tgz#9fc15e0e6024d7ffaaa6f77c5b64781e83a37e47"
    integrity sha512-Dq914JCnOqmRl6DyxeaP91MlZvIn62hax4RsANeiHIm2ICwwCQLNM9RNUkWq3iimHZpvTz+etM3QkKMakXUnqQ==
    dependencies:
      "@babel/runtime-corejs3" "^7.20.7"
      "@swagger-api/apidom-core" "^0.69.2"
      "@swagger-api/apidom-ns-openapi-3-1" "^0.69.2"
      "@swagger-api/apidom-parser-adapter-yaml-1-2" "^0.69.2"
      "@types/ramda" "=0.28.23"
      ramda "=0.28.0"
      ramda-adjunct "=3.4.0"
  
  "@swagger-api/apidom-parser-adapter-yaml-1-2@^0.69.2":
    version "0.69.2"
    resolved "https://registry.yarnpkg.com/@swagger-api/apidom-parser-adapter-yaml-1-2/-/apidom-parser-adapter-yaml-1-2-0.69.2.tgz#d558b9a54f31508d8ec4e17148822180ad37d13d"
    integrity sha512-5sWKGF/phSd+kvOD8xfB2W26QeN2U6LOoLy6eYvf8DP5q4doiLoEcVIunpcVjl04IWVet+VFH9XFGEMlKk7qKQ==
    dependencies:
      "@babel/runtime-corejs3" "^7.20.7"
      "@swagger-api/apidom-ast" "^0.69.0"
      "@swagger-api/apidom-core" "^0.69.2"
      "@types/ramda" "=0.28.23"
      ramda "=0.28.0"
      ramda-adjunct "=3.4.0"
      stampit "=4.3.2"
      tree-sitter "=0.20.1"
      tree-sitter-yaml "=0.5.0"
      web-tree-sitter "=0.20.7"
  
  "@swagger-api/apidom-reference@>=0.69.2 <1.0.0":
    version "0.69.2"
    resolved "https://registry.yarnpkg.com/@swagger-api/apidom-reference/-/apidom-reference-0.69.2.tgz#dfb0986d440fef7543a5a2569d513cc1751d6f45"
    integrity sha512-aJsgtCP71t8a+frS+qn1FW9MqjjK60c3AnB2G3cUXGVwzmEPEkvBFF0LGlPmHftVvzzBvI7AsMC7+HZPM/t7rQ==
    dependencies:
      "@babel/runtime-corejs3" "^7.20.7"
      "@swagger-api/apidom-core" "^0.69.2"
      "@types/ramda" "=0.28.23"
      axios "=1.3.4"
      minimatch "=7.4.3"
      process "=0.11.10"
      ramda "=0.28.0"
      ramda-adjunct "=3.4.0"
      stampit "=4.3.2"
    optionalDependencies:
      "@swagger-api/apidom-json-pointer" "^0.69.2"
      "@swagger-api/apidom-ns-asyncapi-2" "^0.69.2"
      "@swagger-api/apidom-ns-openapi-3-0" "^0.69.2"
      "@swagger-api/apidom-ns-openapi-3-1" "^0.69.2"
      "@swagger-api/apidom-parser-adapter-api-design-systems-json" "^0.69.2"
      "@swagger-api/apidom-parser-adapter-api-design-systems-yaml" "^0.69.2"
      "@swagger-api/apidom-parser-adapter-asyncapi-json-2" "^0.69.2"
      "@swagger-api/apidom-parser-adapter-asyncapi-yaml-2" "^0.69.2"
      "@swagger-api/apidom-parser-adapter-json" "^0.69.2"
      "@swagger-api/apidom-parser-adapter-openapi-json-3-0" "^0.69.2"
      "@swagger-api/apidom-parser-adapter-openapi-json-3-1" "^0.69.2"
      "@swagger-api/apidom-parser-adapter-openapi-yaml-3-0" "^0.69.2"
      "@swagger-api/apidom-parser-adapter-openapi-yaml-3-1" "^0.69.2"
      "@swagger-api/apidom-parser-adapter-yaml-1-2" "^0.69.2"
  
  "@tediousjs/connection-string@^0.3.0":
    version "0.3.0"
    resolved "https://registry.yarnpkg.com/@tediousjs/connection-string/-/connection-string-0.3.0.tgz#23f7af793a365cc3b6a149ec1320f1e28c4242ff"
    integrity sha512-d/keJiNKfpHo+GmSB8QcsAwBx8h+V1UbdozA5TD+eSLXprNY53JAYub47J9evsSKWDdNG5uVj0FiMozLKuzowQ==
  
  "@tokenizer/token@^0.3.0":
    version "0.3.0"
    resolved "https://registry.yarnpkg.com/@tokenizer/token/-/token-0.3.0.tgz#fe98a93fe789247e998c75e74e9c7c63217aa276"
    integrity sha512-OvjF+z51L3ov0OyAU0duzsYuvO01PH7x4t6DJx+guahgTnBHkhJdG7soQeTSFLWN3efnHyibZ4Z8l2EuWwJN3A==
  
  "@tootallnate/once@1":
    version "1.1.2"
    resolved "https://registry.yarnpkg.com/@tootallnate/once/-/once-1.1.2.tgz#ccb91445360179a04e7fe6aff78c00ffc1eeaf82"
    integrity sha512-RbzJvlNzmRq5c3O09UipeuXno4tA1FE6ikOjxZK0tuxVv3412l64l5t1W5pj4+rJq9vpkm/kwiR07aZXnsKPxw==
  
  "@tootallnate/once@2":
    version "2.0.0"
    resolved "https://registry.yarnpkg.com/@tootallnate/once/-/once-2.0.0.tgz#f544a148d3ab35801c1f633a7441fd87c2e484bf"
    integrity sha512-XCuKFP5PS55gnMVu3dty8KPatLqUoy/ZYzDzAGCQ8JNFCkLXzmI7vNHCR+XpbZaMWQK/vQubr7PkYq8g470J/A==
  
  "@trysound/sax@0.2.0":
    version "0.2.0"
    resolved "https://registry.yarnpkg.com/@trysound/sax/-/sax-0.2.0.tgz#cccaab758af56761eb7bf37af6f03f326dd798ad"
    integrity sha512-L7z9BgrNEcYyUYtF+HaEfiS5ebkh9jXqbszz7pC0hRBPaatV0XjSD3+eHrpqFemQfgwiFF0QPIarnIihIDn7OA==
  
  "@types/cookie@^0.4.1":
    version "0.4.1"
    resolved "https://registry.yarnpkg.com/@types/cookie/-/cookie-0.4.1.tgz#bfd02c1f2224567676c1545199f87c3a861d878d"
    integrity sha512-XW/Aa8APYr6jSVVA1y/DEIZX0/GMKLEVekNG727R8cs56ahETkRAy/3DR7+fJyh7oUgGwNQaRfXCun0+KbWY7Q==
  
  "@types/cors@^2.8.12":
    version "2.8.13"
    resolved "https://registry.yarnpkg.com/@types/cors/-/cors-2.8.13.tgz#b8ade22ba455a1b8cb3b5d3f35910fd204f84f94"
    integrity sha512-RG8AStHlUiV5ysZQKq97copd2UmVYw3/pRMLefISZ3S1hK104Cwm7iLQ3fTKx+lsUH2CE8FlLaYeEA2LSeqYUA==
    dependencies:
      "@types/node" "*"
  
  "@types/cssnano@^5.0.0":
    version "5.1.0"
    resolved "https://registry.yarnpkg.com/@types/cssnano/-/cssnano-5.1.0.tgz#a83529c148dccc984bccbe33563941f0fa6bd1e9"
    integrity sha512-ikR+18UpFGgvaWSur4og6SJYF/6QEYHXvrIt36dp81p1MG3cAPTYDMBJGeyWa3LCnqEbgNMHKRb+FP0NrXtoWQ==
    dependencies:
      cssnano "*"
  
  "@types/estree@*":
    version "1.0.0"
    resolved "https://registry.yarnpkg.com/@types/estree/-/estree-1.0.0.tgz#5fb2e536c1ae9bf35366eed879e827fa59ca41c2"
    integrity sha512-WulqXMDUTYAXCjZnk6JtIHPigp55cVtDgDrO2gHRwhyJto21+1zbVCtOYB2L1F9w4qCQ0rOGWBnBe0FNTiEJIQ==
  
  "@types/estree@0.0.39":
    version "0.0.39"
    resolved "https://registry.yarnpkg.com/@types/estree/-/estree-0.0.39.tgz#e177e699ee1b8c22d23174caaa7422644389509f"
    integrity sha512-EYNwp3bU+98cpU4lAWYYL7Zz+2gryWH1qbdDTidVd6hkiR6weksdbMadyXKXNPEkQFhXM+hVO9ZygomHXp+AIw==
  
  "@types/node-fetch@^2.5.0":
    version "2.6.3"
    resolved "https://registry.yarnpkg.com/@types/node-fetch/-/node-fetch-2.6.3.tgz#175d977f5e24d93ad0f57602693c435c57ad7e80"
    integrity sha512-ETTL1mOEdq/sxUtgtOhKjyB2Irra4cjxksvcMUR5Zr4n+PxVhsCD9WS46oPbHL3et9Zde7CNRr+WUNlcHvsX+w==
    dependencies:
      "@types/node" "*"
      form-data "^3.0.0"
  
  "@types/node@*", "@types/node@>=10.0.0":
    version "18.15.11"
    resolved "https://registry.yarnpkg.com/@types/node/-/node-18.15.11.tgz#b3b790f09cb1696cffcec605de025b088fa4225f"
    integrity sha512-E5Kwq2n4SbMzQOn6wnmBjuK9ouqlURrcZDVfbo9ftDDTFt3nk7ZKK4GMOzoYgnpQJKcxwQw+lGaBvvlMo0qN/Q==
  
  "@types/parse-json@^4.0.0":
    version "4.0.0"
    resolved "https://registry.yarnpkg.com/@types/parse-json/-/parse-json-4.0.0.tgz#2f8bb441434d163b35fb8ffdccd7138927ffb8c0"
    integrity sha512-//oorEZjL6sbPcKUaCdIGlIUeH26mgzimjBB77G6XRgnDl/L5wOnpyBGRe/Mmf5CVW3PwEBE1NjiMZ/ssFh4wA==
  
  "@types/ramda@=0.28.23":
    version "0.28.23"
    resolved "https://registry.yarnpkg.com/@types/ramda/-/ramda-0.28.23.tgz#d04279865a86c330c03c99ac61161d9905f276f5"
    integrity sha512-9TYWiwkew+mCMsL7jZ+kkzy6QXn8PL5/SKmBPmjgUlTpkokZWTBr+OhiIUDztpAEbslWyt24NNfEmZUBFmnXig==
    dependencies:
      ts-toolbelt "^6.15.1"
  
  "@types/resolve@1.17.1":
    version "1.17.1"
    resolved "https://registry.yarnpkg.com/@types/resolve/-/resolve-1.17.1.tgz#3afd6ad8967c77e4376c598a82ddd58f46ec45d6"
    integrity sha512-yy7HuzQhj0dhGpD8RLXSZWEkLsV9ibvxvi6EiJ3bkqLAO1RGo0WbkWQiwpRlSFymTJRz0d3k5LM3kkx8ArDbLw==
    dependencies:
      "@types/node" "*"
  
  "@types/stoppable@^1.1.0":
    version "1.1.1"
    resolved "https://registry.yarnpkg.com/@types/stoppable/-/stoppable-1.1.1.tgz#a6f1f280e29f8f3c743277534425e0a75041d2f9"
    integrity sha512-b8N+fCADRIYYrGZOcmOR8ZNBOqhktWTB/bMUl5LvGtT201QKJZOOH5UsFyI3qtteM6ZAJbJqZoBcLqqxKIwjhw==
    dependencies:
      "@types/node" "*"
  
  "@types/trusted-types@^2.0.2":
    version "2.0.3"
    resolved "https://registry.yarnpkg.com/@types/trusted-types/-/trusted-types-2.0.3.tgz#a136f83b0758698df454e328759dbd3d44555311"
    integrity sha512-NfQ4gyz38SL8sDNrSixxU2Os1a5xcdFxipAFxYEuLUlvU2uDwS4NUpsImcf1//SlWItCVMMLiylsxbmNMToV/g==
  
  "@types/tunnel@^0.0.3":
    version "0.0.3"
    resolved "https://registry.yarnpkg.com/@types/tunnel/-/tunnel-0.0.3.tgz#f109e730b072b3136347561fc558c9358bb8c6e9"
    integrity sha512-sOUTGn6h1SfQ+gbgqC364jLFBw2lnFqkgF3q0WovEHRLMrVD1sd5aufqi/aJObLekJO+Aq5z646U4Oxy6shXMA==
    dependencies:
      "@types/node" "*"
  
  "@types/webidl-conversions@*":
    version "7.0.0"
    resolved "https://registry.yarnpkg.com/@types/webidl-conversions/-/webidl-conversions-7.0.0.tgz#2b8e60e33906459219aa587e9d1a612ae994cfe7"
    integrity sha512-xTE1E+YF4aWPJJeUzaZI5DRntlkY3+BCVJi0axFptnjGmAoWxkyREIh/XMrfxVLejwQxMCfDXdICo0VLxThrog==
  
  "@types/whatwg-url@^8.2.1":
    version "8.2.2"
    resolved "https://registry.yarnpkg.com/@types/whatwg-url/-/whatwg-url-8.2.2.tgz#749d5b3873e845897ada99be4448041d4cc39e63"
    integrity sha512-FtQu10RWgn3D9U4aazdwIE2yzphmTJREDqNdODHrbrZmmMqI0vMheC/6NE/J1Yveaj8H+ela+YwWTjq5PGmuhA==
    dependencies:
      "@types/node" "*"
      "@types/webidl-conversions" "*"
  
  "@vue/compiler-core@3.2.47":
    version "3.2.47"
    resolved "https://registry.yarnpkg.com/@vue/compiler-core/-/compiler-core-3.2.47.tgz#3e07c684d74897ac9aa5922c520741f3029267f8"
    integrity sha512-p4D7FDnQb7+YJmO2iPEv0SQNeNzcbHdGByJDsT4lynf63AFkOTFN07HsiRSvjGo0QrxR/o3d0hUyNCUnBU2Tig==
    dependencies:
      "@babel/parser" "^7.16.4"
      "@vue/shared" "3.2.47"
      estree-walker "^2.0.2"
      source-map "^0.6.1"
  
  "@vue/compiler-dom@3.2.47":
    version "3.2.47"
    resolved "https://registry.yarnpkg.com/@vue/compiler-dom/-/compiler-dom-3.2.47.tgz#a0b06caf7ef7056939e563dcaa9cbde30794f305"
    integrity sha512-dBBnEHEPoftUiS03a4ggEig74J2YBZ2UIeyfpcRM2tavgMWo4bsEfgCGsu+uJIL/vax9S+JztH8NmQerUo7shQ==
    dependencies:
      "@vue/compiler-core" "3.2.47"
      "@vue/shared" "3.2.47"
  
  "@vue/compiler-sfc@3.2.47", "@vue/compiler-sfc@^3.1.1":
    version "3.2.47"
    resolved "https://registry.yarnpkg.com/@vue/compiler-sfc/-/compiler-sfc-3.2.47.tgz#1bdc36f6cdc1643f72e2c397eb1a398f5004ad3d"
    integrity sha512-rog05W+2IFfxjMcFw10tM9+f7i/+FFpZJJ5XHX72NP9eC2uRD+42M3pYcQqDXVYoj74kHMSEdQ/WmCjt8JFksQ==
    dependencies:
      "@babel/parser" "^7.16.4"
      "@vue/compiler-core" "3.2.47"
      "@vue/compiler-dom" "3.2.47"
      "@vue/compiler-ssr" "3.2.47"
      "@vue/reactivity-transform" "3.2.47"
      "@vue/shared" "3.2.47"
      estree-walker "^2.0.2"
      magic-string "^0.25.7"
      postcss "^8.1.10"
      source-map "^0.6.1"
  
  "@vue/compiler-ssr@3.2.47":
    version "3.2.47"
    resolved "https://registry.yarnpkg.com/@vue/compiler-ssr/-/compiler-ssr-3.2.47.tgz#35872c01a273aac4d6070ab9d8da918ab13057ee"
    integrity sha512-wVXC+gszhulcMD8wpxMsqSOpvDZ6xKXSVWkf50Guf/S+28hTAXPDYRTbLQ3EDkOP5Xz/+SY37YiwDquKbJOgZw==
    dependencies:
      "@vue/compiler-dom" "3.2.47"
      "@vue/shared" "3.2.47"
  
  "@vue/devtools-api@^6.2.1", "@vue/devtools-api@^6.4.5":
    version "6.5.0"
    resolved "https://registry.yarnpkg.com/@vue/devtools-api/-/devtools-api-6.5.0.tgz#98b99425edee70b4c992692628fa1ea2c1e57d07"
    integrity sha512-o9KfBeaBmCKl10usN4crU53fYtC1r7jJwdGKjPT24t348rHxgfpZ0xL3Xm/gLUYnc0oTp8LAmrxOeLyu6tbk2Q==
  
  "@vue/reactivity-transform@3.2.47":
    version "3.2.47"
    resolved "https://registry.yarnpkg.com/@vue/reactivity-transform/-/reactivity-transform-3.2.47.tgz#e45df4d06370f8abf29081a16afd25cffba6d84e"
    integrity sha512-m8lGXw8rdnPVVIdIFhf0LeQ/ixyHkH5plYuS83yop5n7ggVJU+z5v0zecwEnX7fa7HNLBhh2qngJJkxpwEEmYA==
    dependencies:
      "@babel/parser" "^7.16.4"
      "@vue/compiler-core" "3.2.47"
      "@vue/shared" "3.2.47"
      estree-walker "^2.0.2"
      magic-string "^0.25.7"
  
  "@vue/reactivity@3.2.47":
    version "3.2.47"
    resolved "https://registry.yarnpkg.com/@vue/reactivity/-/reactivity-3.2.47.tgz#1d6399074eadfc3ed35c727e2fd707d6881140b6"
    integrity sha512-7khqQ/75oyyg+N/e+iwV6lpy1f5wq759NdlS1fpAhFXa8VeAIKGgk2E/C4VF59lx5b+Ezs5fpp/5WsRYXQiKxQ==
    dependencies:
      "@vue/shared" "3.2.47"
  
  "@vue/runtime-core@3.2.47":
    version "3.2.47"
    resolved "https://registry.yarnpkg.com/@vue/runtime-core/-/runtime-core-3.2.47.tgz#406ebade3d5551c00fc6409bbc1eeb10f32e121d"
    integrity sha512-RZxbLQIRB/K0ev0K9FXhNbBzT32H9iRtYbaXb0ZIz2usLms/D55dJR2t6cIEUn6vyhS3ALNvNthI+Q95C+NOpA==
    dependencies:
      "@vue/reactivity" "3.2.47"
      "@vue/shared" "3.2.47"
  
  "@vue/runtime-dom@3.2.47":
    version "3.2.47"
    resolved "https://registry.yarnpkg.com/@vue/runtime-dom/-/runtime-dom-3.2.47.tgz#93e760eeaeab84dedfb7c3eaf3ed58d776299382"
    integrity sha512-ArXrFTjS6TsDei4qwNvgrdmHtD930KgSKGhS5M+j8QxXrDJYLqYw4RRcDy1bz1m1wMmb6j+zGLifdVHtkXA7gA==
    dependencies:
      "@vue/runtime-core" "3.2.47"
      "@vue/shared" "3.2.47"
      csstype "^2.6.8"
  
  "@vue/server-renderer@3.2.47":
    version "3.2.47"
    resolved "https://registry.yarnpkg.com/@vue/server-renderer/-/server-renderer-3.2.47.tgz#8aa1d1871fc4eb5a7851aa7f741f8f700e6de3c0"
    integrity sha512-dN9gc1i8EvmP9RCzvneONXsKfBRgqFeFZLurmHOveL7oH6HiFXJw5OGu294n1nHc/HMgTy6LulU/tv5/A7f/LA==
    dependencies:
      "@vue/compiler-ssr" "3.2.47"
      "@vue/shared" "3.2.47"
  
  "@vue/shared@3.2.47":
    version "3.2.47"
    resolved "https://registry.yarnpkg.com/@vue/shared/-/shared-3.2.47.tgz#e597ef75086c6e896ff5478a6bfc0a7aa4bbd14c"
    integrity sha512-BHGyyGN3Q97EZx0taMQ+OLNuZcW3d37ZEVmEAyeoA9ERdGvm9Irc/0Fua8SNyOtV1w6BS4q25wbMzJujO9HIfQ==
  
  "@xmldom/xmldom@^0.8.3":
    version "0.8.7"
    resolved "https://registry.yarnpkg.com/@xmldom/xmldom/-/xmldom-0.8.7.tgz#8b1e39c547013941974d83ad5e9cf5042071a9a0"
    integrity sha512-sI1Ly2cODlWStkINzqGrZ8K6n+MTSbAeQnAipGyL+KZCXuHaRlj2gyyy8B/9MvsFFqN7XHryQnB2QwhzvJXovg==
  
  "@yarn-tool/resolve-package@^1.0.40":
    version "1.0.47"
    resolved "https://registry.yarnpkg.com/@yarn-tool/resolve-package/-/resolve-package-1.0.47.tgz#8ec25f291a316280a281632331e88926a66fdf19"
    integrity sha512-Zaw58gQxjQceJqhqybJi1oUDaORT8i2GTgwICPs8v/X/Pkx35FXQba69ldHVg5pQZ6YLKpROXgyHvBaCJOFXiA==
    dependencies:
      pkg-dir "< 6 >= 5"
      tslib "^2"
      upath2 "^3.1.13"
  
  abbrev@1:
    version "1.1.1"
    resolved "https://registry.yarnpkg.com/abbrev/-/abbrev-1.1.1.tgz#f8f2c887ad10bf67f634f005b6987fed3179aac8"
    integrity sha512-nne9/IiQ/hzIhY6pdDnbBtz7DjPTKrY00P/zvPSm5pOFkl6xuGrGnXn/VtTNNfNtAfZ9/1RtehkszU9qcTii0Q==
  
  abort-controller@^3.0.0:
    version "3.0.0"
    resolved "https://registry.yarnpkg.com/abort-controller/-/abort-controller-3.0.0.tgz#eaf54d53b62bae4138e809ca225c8439a6efb392"
    integrity sha512-h8lQ8tacZYnR3vNQTgibj+tODHI5/+l06Au2Pcriv/Gmet0eaj4TwWH41sO9wnHDiQsEj19q0drzdWdeAHtweg==
    dependencies:
      event-target-shim "^5.0.0"
  
  abstract-logging@^2.0.0:
    version "2.0.1"
    resolved "https://registry.yarnpkg.com/abstract-logging/-/abstract-logging-2.0.1.tgz#6b0c371df212db7129b57d2e7fcf282b8bf1c839"
    integrity sha512-2BjRTZxTPvheOvGbBslFSYOUkr+SjPtOnrLP33f+VIWLzezQpZcqVg7ja3L4dBXmzzgwT+a029jRx5PCi3JuiA==
  
  accepts@~1.3.4, accepts@~1.3.8:
    version "1.3.8"
    resolved "https://registry.yarnpkg.com/accepts/-/accepts-1.3.8.tgz#0bf0be125b67014adcb0b0921e62db7bffe16b2e"
    integrity sha512-PYAthTa2m2VKxuvSD3DPC/Gy+U+sOA1LAuT8mkmRuvw+NACSaeXEQ+NHcVF7rONl6qcaxV3Uuemwawk+7+SJLw==
    dependencies:
      mime-types "~2.1.34"
      negotiator "0.6.3"
  
  acorn@^8.5.0:
    version "8.8.2"
    resolved "https://registry.yarnpkg.com/acorn/-/acorn-8.8.2.tgz#1b2f25db02af965399b9776b0c2c391276d37c4a"
    integrity sha512-xjIYgE8HBrkpd/sJqOGNspf8uHG+NOHGOw6a/Urj8taM2EXfdNAH2oFcPeIFfsv3+kz/mJrS5VuMqbNLjCa2vw==
  
  adal-node@^0.2.1, adal-node@^0.2.2:
    version "0.2.4"
    resolved "https://registry.yarnpkg.com/adal-node/-/adal-node-0.2.4.tgz#881beed9d493b76a86706ad5c8dc6f60eff04520"
    integrity sha512-zIcvbwQFKMUtKxxj8YMHeTT1o/TPXfVNsTXVgXD8sxwV6h4AFQgK77dRciGhuEF9/Sdm3UQPJVPc/6XxrccSeA==
    dependencies:
      "@xmldom/xmldom" "^0.8.3"
      async "^2.6.3"
      axios "^0.21.1"
      date-utils "*"
      jws "3.x.x"
      underscore ">= 1.3.1"
      uuid "^3.1.0"
      xpath.js "~1.1.0"
  
  agent-base@6, agent-base@^6.0.2:
    version "6.0.2"
    resolved "https://registry.yarnpkg.com/agent-base/-/agent-base-6.0.2.tgz#49fff58577cfee3f37176feab4c22e00f86d7f77"
    integrity sha512-RZNwNclF7+MS/8bDg70amg32dyeZGZxiDuQmZxKLAlQjr3jGyLx+4Kkk58UO7D2QdgFIQCovuSuZESne6RG6XQ==
    dependencies:
      debug "4"
  
  agentkeepalive@^4.1.3:
    version "4.3.0"
    resolved "https://registry.yarnpkg.com/agentkeepalive/-/agentkeepalive-4.3.0.tgz#bb999ff07412653c1803b3ced35e50729830a255"
    integrity sha512-7Epl1Blf4Sy37j4v9f9FjICCh4+KAQOyXgHEwlyBiAQLbhKdq/i2QQU3amQalS/wPhdPzDXPL5DMR5bkn+YeWg==
    dependencies:
      debug "^4.1.0"
      depd "^2.0.0"
      humanize-ms "^1.2.1"
  
  aggregate-error@^3.0.0:
    version "3.1.0"
    resolved "https://registry.yarnpkg.com/aggregate-error/-/aggregate-error-3.1.0.tgz#92670ff50f5359bdb7a3e0d40d0ec30c5737687a"
    integrity sha512-4I7Td01quW/RpocfNayFdFVk1qSuoh0E7JrbRJ16nH01HhKFQ88INq9Sd+nd72zqRySlr9BmDA8xlEJ6vJMrYA==
    dependencies:
      clean-stack "^2.0.0"
      indent-string "^4.0.0"
  
  ansi-escapes@^4.2.1:
    version "4.3.2"
    resolved "https://registry.yarnpkg.com/ansi-escapes/-/ansi-escapes-4.3.2.tgz#6b2291d1db7d98b6521d5f1efa42d0f3a9feb65e"
    integrity sha512-gKXj5ALrKWQLsYG9jlTRmR/xKluxHV+Z9QEwNIgCfM1/uwPMCuzVVnh5mwTd+OuBZcwSIMbqssNWRm1lE51QaQ==
    dependencies:
      type-fest "^0.21.3"
  
  ansi-regex@^2.0.0:
    version "2.1.1"
    resolved "https://registry.yarnpkg.com/ansi-regex/-/ansi-regex-2.1.1.tgz#c3b33ab5ee360d86e0e628f0468ae7ef27d654df"
    integrity sha512-TIGnTpdo+E3+pCyAluZvtED5p5wCqLdezCyhPZzKPcxvFplEt4i+W7OONCKgeZFT3+y5NZZfOOS/Bdcanm1MYA==
  
  ansi-regex@^5.0.1:
    version "5.0.1"
    resolved "https://registry.yarnpkg.com/ansi-regex/-/ansi-regex-5.0.1.tgz#082cb2c89c9fe8659a311a53bd6a4dc5301db304"
    integrity sha512-quJQXlTSUGL2LH9SUXo8VwsY4soanhgo6LNSm84E1LBcE8s3O0wpdiRzyR9z/ZZJMlMWv37qOOb9pdJlMUEKFQ==
  
  ansi-styles@^3.2.1:
    version "3.2.1"
    resolved "https://registry.yarnpkg.com/ansi-styles/-/ansi-styles-3.2.1.tgz#41fbb20243e50b12be0f04b8dedbf07520ce841d"
    integrity sha512-VT0ZI6kZRdTh8YyJw3SMbYm/u+NqfsAxEpWO0Pf9sq8/e94WxxOpPKx9FR1FlyCtOVDNOQ+8ntlqFxiRc+r5qA==
    dependencies:
      color-convert "^1.9.0"
  
  ansi-styles@^4.0.0, ansi-styles@^4.1.0:
    version "4.3.0"
    resolved "https://registry.yarnpkg.com/ansi-styles/-/ansi-styles-4.3.0.tgz#edd803628ae71c04c85ae7a0906edad34b648937"
    integrity sha512-zbB9rCJAT1rbjiVDb2hqKFHNYLxgtk8NURxZ3IZwD3F6NtxbXZQCnnSi1Lkx+IDohdPlFp222wVALIheZJQSEg==
    dependencies:
      color-convert "^2.0.1"
  
  anymatch@~3.1.2:
    version "3.1.3"
    resolved "https://registry.yarnpkg.com/anymatch/-/anymatch-3.1.3.tgz#790c58b19ba1720a84205b57c618d5ad8524973e"
    integrity sha512-KMReFUr0B4t+D+OBkjR3KYqvocp2XaSzO55UcB6mgQMd3KbcE+mWTyvVV7D/zsdEbNnV6acZUutkiHQXvTr1Rw==
    dependencies:
      normalize-path "^3.0.0"
      picomatch "^2.0.4"
  
  aproba@^1.0.3:
    version "1.2.0"
    resolved "https://registry.yarnpkg.com/aproba/-/aproba-1.2.0.tgz#6802e6264efd18c790a1b0d517f0f2627bf2c94a"
    integrity sha512-Y9J6ZjXtoYh8RnXVCMOU/ttDmk1aBjunq9vO0ta5x85WDQiQfUF9sIPBITdbiiIVcBo03Hi3jMxigBtsddlXRw==
  
  "aproba@^1.0.3 || ^2.0.0":
    version "2.0.0"
    resolved "https://registry.yarnpkg.com/aproba/-/aproba-2.0.0.tgz#52520b8ae5b569215b354efc0caa3fe1e45a8adc"
    integrity sha512-lYe4Gx7QT+MKGbDsA+Z+he/Wtef0BiwDOlK/XkBrdfsh9J/jPPXbX0tE9x9cl27Tmu5gg3QUbUrQYa/y+KOHPQ==
  
  are-we-there-yet@^2.0.0:
    version "2.0.0"
    resolved "https://registry.yarnpkg.com/are-we-there-yet/-/are-we-there-yet-2.0.0.tgz#372e0e7bd279d8e94c653aaa1f67200884bf3e1c"
    integrity sha512-Ci/qENmwHnsYo9xKIcUJN5LeDKdJ6R1Z1j9V/J5wyq8nh/mYPEpIKJbBZXtZjG04HiK7zV/p6Vs9952MrMeUIw==
    dependencies:
      delegates "^1.0.0"
      readable-stream "^3.6.0"
  
  are-we-there-yet@^3.0.0:
    version "3.0.1"
    resolved "https://registry.yarnpkg.com/are-we-there-yet/-/are-we-there-yet-3.0.1.tgz#679df222b278c64f2cdba1175cdc00b0d96164bd"
    integrity sha512-QZW4EDmGwlYur0Yyf/b2uGucHQMa8aFUP7eu9ddR73vvhFyt4V0Vl3QHPcTNJ8l6qYOBdxgXdnBXQrHilfRQBg==
    dependencies:
      delegates "^1.0.0"
      readable-stream "^3.6.0"
  
  are-we-there-yet@~1.1.2:
    version "1.1.7"
    resolved "https://registry.yarnpkg.com/are-we-there-yet/-/are-we-there-yet-1.1.7.tgz#b15474a932adab4ff8a50d9adfa7e4e926f21146"
    integrity sha512-nxwy40TuMiUGqMyRHgCSWZ9FM4VAoRP4xUYSTv5ImRog+h9yISPbVH7H8fASCIzYn9wlEv4zvFL7uKDMCFQm3g==
    dependencies:
      delegates "^1.0.0"
      readable-stream "^2.0.6"
  
  argon2@^0.28.2:
    version "0.28.7"
    resolved "https://registry.yarnpkg.com/argon2/-/argon2-0.28.7.tgz#f6cc1f1c9e3ef5455d2186d4ec5b27cfeda41591"
    integrity sha512-pvsScM3Fq7b+jolXkZHh8nRQx0uD/WeelnwYPMRpn4pAydoa1gqeL/KRdWAag4Hnu1TJNBTAfqyTjV+ZHwNnYA==
    dependencies:
      "@mapbox/node-pre-gyp" "^1.0.9"
      "@phc/format" "^1.0.0"
      node-addon-api "^5.0.0"
  
  argparse@^2.0.1:
    version "2.0.1"
    resolved "https://registry.yarnpkg.com/argparse/-/argparse-2.0.1.tgz#246f50f3ca78a3240f6c997e8a9bd1eac49e4b38"
    integrity sha512-8+9WqebbFzpX9OR+Wa6O29asIogeRMzcGtAINdpMHHyAg10f05aSFVBbcEqGf/PXw1EjAZ+q2/bEBg3DvurK3Q==
  
  array-back@^3.0.1, array-back@^3.1.0:
    version "3.1.0"
    resolved "https://registry.yarnpkg.com/array-back/-/array-back-3.1.0.tgz#b8859d7a508871c9a7b2cf42f99428f65e96bfb0"
    integrity sha512-TkuxA4UCOvxuDK6NZYXCalszEzj+TLszyASooky+i742l9TqsOdYCMJJupxRic61hwquNtppB3hgcuq9SVSH1Q==
  
  array-flatten@1.1.1:
    version "1.1.1"
    resolved "https://registry.yarnpkg.com/array-flatten/-/array-flatten-1.1.1.tgz#9a5f699051b1e7073328f2a008968b64ea2955d2"
    integrity sha512-PCVAQswWemu6UdxsDFFX/+gVeYqKAod3D3UVm91jHwynguOwAvYPhx8nNlM++NqRcK6CxxpUafjmhIdKiHibqg==
  
  array-union@^2.1.0:
    version "2.1.0"
    resolved "https://registry.yarnpkg.com/array-union/-/array-union-2.1.0.tgz#b798420adbeb1de828d84acd8a2e23d3efe85e8d"
    integrity sha512-HGyxoOTYUyCM6stUe6EJgnd4EoewAI7zMdfqO+kGjnlZmBDz/cR5pf8r/cR4Wq60sL/p0IkcjUEEPwS3GFrIyw==
  
  arrify@^2.0.0:
    version "2.0.1"
    resolved "https://registry.yarnpkg.com/arrify/-/arrify-2.0.1.tgz#c9655e9331e0abcd588d2a7cad7e9956f66701fa"
    integrity sha512-3duEwti880xqi4eAMN8AyR4a0ByT90zoYdLlevfrvU43vb0YZwZVfxOgxWrLXXXpyugL0hNZc9G6BiB5B3nUug==
  
  asap@^2.0.0:
    version "2.0.6"
    resolved "https://registry.yarnpkg.com/asap/-/asap-2.0.6.tgz#e50347611d7e690943208bbdafebcbc2fb866d46"
    integrity sha512-BSHWgDSAiKs50o2Re8ppvp3seVHXSRM44cdSsT9FfNEUUZLOGWVCsiWaRPWM1Znn+mqZ1OfVZ3z3DWEzSp7hRA==
  
  asn1@^0.2.4:
    version "0.2.6"
    resolved "https://registry.yarnpkg.com/asn1/-/asn1-0.2.6.tgz#0d3a7bb6e64e02a90c0303b31f292868ea09a08d"
    integrity sha512-ix/FxPn0MDjeyJ7i/yoHGFt/EX6LyNbxSEhPPXODPL+KB0VPk86UYfL0lMdy+KCnv+fmvIzySwaK5COwqVbWTQ==
    dependencies:
      safer-buffer "~2.1.0"
  
  assert-plus@^1.0.0:
    version "1.0.0"
    resolved "https://registry.yarnpkg.com/assert-plus/-/assert-plus-1.0.0.tgz#f12e0f3c5d77b0b1cdd9146942e4e96c1e4dd525"
    integrity sha512-NfJ4UzBCcQGLDlQq7nHxH+tv3kyZ0hHQqF5BO6J7tNJeP5do1llPr8dZ8zHonfhAu0PHAdMkSo+8o0wxg9lZWw==
  
  async-mutex@^0.3.1:
    version "0.3.2"
    resolved "https://registry.yarnpkg.com/async-mutex/-/async-mutex-0.3.2.tgz#1485eda5bda1b0ec7c8df1ac2e815757ad1831df"
    integrity sha512-HuTK7E7MT7jZEh1P9GtRW9+aTWiDWWi9InbZ5hjxrnRa39KS4BW04+xLBhYNS2aXhHUIKZSw3gj4Pn1pj+qGAA==
    dependencies:
      tslib "^2.3.1"
  
  async-retry@^1.3.3:
    version "1.3.3"
    resolved "https://registry.yarnpkg.com/async-retry/-/async-retry-1.3.3.tgz#0e7f36c04d8478e7a58bdbed80cedf977785f280"
    integrity sha512-wfr/jstw9xNi/0teMHrRW7dsz3Lt5ARhYNZ2ewpadnhaIp5mbALhOAP+EAdsC7t4Z6wqsDVv9+W6gm1Dk9mEyw==
    dependencies:
      retry "0.13.1"
  
  async@^2.6.3:
    version "2.6.4"
    resolved "https://registry.yarnpkg.com/async/-/async-2.6.4.tgz#706b7ff6084664cd7eae713f6f965433b5504221"
    integrity sha512-mzo5dfJYwAn29PeiJ0zvwTo04zj8HDJj0Mn8TD7sno7q12prdbnasKJHhkm2c1LgrhlJ0teaea8860oxi51mGA==
    dependencies:
      lodash "^4.17.14"
  
  async@^3.2.0:
    version "3.2.4"
    resolved "https://registry.yarnpkg.com/async/-/async-3.2.4.tgz#2d22e00f8cddeb5fde5dd33522b56d1cf569a81c"
    integrity sha512-iAB+JbDEGXhyIUavoDl9WP/Jj106Kz9DEn1DPgYw5ruDn0e3Wgi3sKFm55sASdGBNOQB8F59d9qQ7deqrHA8wQ==
  
  asynckit@^0.4.0:
    version "0.4.0"
    resolved "https://registry.yarnpkg.com/asynckit/-/asynckit-0.4.0.tgz#c79ed97f7f34cb8f2ba1bc9790bcc366474b4b79"
    integrity sha512-Oei9OH4tRh0YqU3GxhX79dM/mwVgvbZJaSNaRk+bshkj0S5cfHcgYakreBjrHwatXKbz+IoIdYLxrKim2MjW0Q==
  
  atomic-sleep@^1.0.0:
    version "1.0.0"
    resolved "https://registry.yarnpkg.com/atomic-sleep/-/atomic-sleep-1.0.0.tgz#eb85b77a601fc932cfe432c5acd364a9e2c9075b"
    integrity sha512-kNOjDqAh7px0XWNI+4QbzoiR/nTkHAWNud2uvnJquD1/x5a7EQZMJT0AczqK0Qn67oY/TTQ1LbUKajZpp3I9tQ==
  
  available-typed-arrays@^1.0.5:
    version "1.0.5"
    resolved "https://registry.yarnpkg.com/available-typed-arrays/-/available-typed-arrays-1.0.5.tgz#92f95616501069d07d10edb2fc37d3e1c65123b7"
    integrity sha512-DMD0KiN46eipeziST1LPP/STfDU0sufISXmjSgvVsoU2tqxctQeASejWcfNtxYKqETM1UxQ8sp2OrSBWpHY6sw==
  
  aws-sdk@^2.928.0:
    version "2.1357.0"
    resolved "https://registry.yarnpkg.com/aws-sdk/-/aws-sdk-2.1357.0.tgz#779628a6e2db847f2fbb3687f01c7557b92cc581"
    integrity sha512-bSOfBCVPQ/0NWYpPl34MgqMbJf0eO6PsyVlmjbStlba+98hnE6X7z67tawBRot7S+qH3L49KW2u6dfJjvhDfdQ==
    dependencies:
      buffer "4.9.2"
      events "1.1.1"
      ieee754 "1.1.13"
      jmespath "0.16.0"
      querystring "0.2.0"
      sax "1.2.1"
      url "0.10.3"
      util "^0.12.4"
      uuid "8.0.0"
      xml2js "0.5.0"
  
  axios@*, axios@^1.3.3:
    version "1.3.5"
    resolved "https://registry.yarnpkg.com/axios/-/axios-1.3.5.tgz#e07209b39a0d11848e3e341fa087acd71dadc542"
    integrity sha512-glL/PvG/E+xCWwV8S6nCHcrfg1exGx7vxyUIivIA1iL7BIh6bePylCfVHwp6k13ao7SATxB6imau2kqY+I67kw==
    dependencies:
      follow-redirects "^1.15.0"
      form-data "^4.0.0"
      proxy-from-env "^1.1.0"
  
  axios@=1.3.4:
    version "1.3.4"
    resolved "https://registry.yarnpkg.com/axios/-/axios-1.3.4.tgz#f5760cefd9cfb51fd2481acf88c05f67c4523024"
    integrity sha512-toYm+Bsyl6VC5wSkfkbbNB6ROv7KY93PEBBL6xyDczaIHasAiv4wPqQ/c4RjoQzipxRD2W5g21cOqQulZ7rHwQ==
    dependencies:
      follow-redirects "^1.15.0"
      form-data "^4.0.0"
      proxy-from-env "^1.1.0"
  
  axios@^0.21.1:
    version "0.21.4"
    resolved "https://registry.yarnpkg.com/axios/-/axios-0.21.4.tgz#c67b90dc0568e5c1cf2b0b858c43ba28e2eda575"
    integrity sha512-ut5vewkiu8jjGBdqpM44XxjuCjq9LAKeHVmoVfHVzy8eHgxxq8SbAVQNovDA8mVi05kP0Ea/n/UzcSHcTJQfNg==
    dependencies:
      follow-redirects "^1.14.0"
  
  axios@^0.24.0:
    version "0.24.0"
    resolved "https://registry.yarnpkg.com/axios/-/axios-0.24.0.tgz#804e6fa1e4b9c5288501dd9dff56a7a0940d20d6"
    integrity sha512-Q6cWsys88HoPgAaFAVUb0WpPk0O8iTeisR9IMqy9G8AbO4NlpVknrnQS03zzF9PGAWgO3cgletO3VjV/P7VztA==
    dependencies:
      follow-redirects "^1.14.4"
  
  axios@^0.25.0:
    version "0.25.0"
    resolved "https://registry.yarnpkg.com/axios/-/axios-0.25.0.tgz#349cfbb31331a9b4453190791760a8d35b093e0a"
    integrity sha512-cD8FOb0tRH3uuEe6+evtAbgJtfxr7ly3fQjYcMcuPlgkwVS9xboaVIpcDV+cYQe+yGykgwZCs1pzjntcGa6l5g==
    dependencies:
      follow-redirects "^1.14.7"
  
  backoff@^2.5.0:
    version "2.5.0"
    resolved "https://registry.yarnpkg.com/backoff/-/backoff-2.5.0.tgz#f616eda9d3e4b66b8ca7fca79f695722c5f8e26f"
    integrity sha512-wC5ihrnUXmR2douXmXLCe5O3zg3GKIyvRi/hi58a/XyRxVI+3/yM0PYueQOZXPXQ9pxBislYkw+sF9b7C/RuMA==
    dependencies:
      precond "0.2"
  
  balanced-match@^1.0.0:
    version "1.0.2"
    resolved "https://registry.yarnpkg.com/balanced-match/-/balanced-match-1.0.2.tgz#e83e3a7e3f300b34cb9d87f615fa0cbf357690ee"
    integrity sha512-3oSeUO0TMV67hN1AmbXsK4yaqU7tjiHlbxRDZOpH0KW9+CeX4bRAaX0Anxt0tx2MrpRpWwQaPwIlISEJhYU5Pw==
  
  base-64@^1.0.0:
    version "1.0.0"
    resolved "https://registry.yarnpkg.com/base-64/-/base-64-1.0.0.tgz#09d0f2084e32a3fd08c2475b973788eee6ae8f4a"
    integrity sha512-kwDPIFCGx0NZHog36dj+tHiwP4QMzsZ3AgMViUBKI0+V5n4U0ufTCUMhnQ04diaRI8EX/QcPfql7zlhZ7j4zgg==
  
  base64-arraybuffer@^1.0.2:
    version "1.0.2"
    resolved "https://registry.yarnpkg.com/base64-arraybuffer/-/base64-arraybuffer-1.0.2.tgz#1c37589a7c4b0746e34bd1feb951da2df01c1bdc"
    integrity sha512-I3yl4r9QB5ZRY3XuJVEPfc2XhZO6YweFPI+UovAzn+8/hb3oJ6lnysaFcjVpkCPfVWFUDvoZ8kmVDP7WyRtYtQ==
  
  base64-js@^1.0.2, base64-js@^1.3.0, base64-js@^1.3.1:
    version "1.5.1"
    resolved "https://registry.yarnpkg.com/base64-js/-/base64-js-1.5.1.tgz#1b1b440160a5bf7ad40b650f095963481903930a"
    integrity sha512-AKpaYlHn8t4SVbOHCy+b5+KKgvR4vrsD8vbvrbiQJps7fKDTkjkDry6ji0rUJjC0kzbNePLwzxq8iypo41qeWA==
  
  base64id@2.0.0, base64id@~2.0.0:
    version "2.0.0"
    resolved "https://registry.yarnpkg.com/base64id/-/base64id-2.0.0.tgz#2770ac6bc47d312af97a8bf9a634342e0cd25cb6"
    integrity sha512-lGe34o6EHj9y3Kts9R4ZYs/Gr+6N7MCaMlIFA3F1R2O5/m7K06AxfSeO5530PEERE6/WyEg3lsuyw4GHlPZHog==
  
  bignumber.js@9.0.0:
    version "9.0.0"
    resolved "https://registry.yarnpkg.com/bignumber.js/-/bignumber.js-9.0.0.tgz#805880f84a329b5eac6e7cb6f8274b6d82bdf075"
    integrity sha512-t/OYhhJ2SD+YGBQcjY8GzzDHEk9f3nerxjtfa6tlMXfe7frs/WozhvCNoGvpM0P3bNf3Gq5ZRMlGr5f3r4/N8A==
  
  bignumber.js@^9.0.0:
    version "9.1.1"
    resolved "https://registry.yarnpkg.com/bignumber.js/-/bignumber.js-9.1.1.tgz#c4df7dc496bd849d4c9464344c1aa74228b4dac6"
    integrity sha512-pHm4LsMJ6lzgNGVfZHjMoO8sdoRhOzOH4MLmY65Jg70bpxCKu5iOHNJyfF6OyvYw7t8Fpf35RuzUyqnQsj8Vig==
  
  binary-extensions@^2.0.0:
    version "2.2.0"
    resolved "https://registry.yarnpkg.com/binary-extensions/-/binary-extensions-2.2.0.tgz#75f502eeaf9ffde42fc98829645be4ea76bd9e2d"
    integrity sha512-jDctJ/IVQbZoJykoeHbhXpOlNBqGNcwXJKJog42E5HDPUwQTSdjCHdihjj0DlnheQ7blbT6dHOafNAiS8ooQKA==
  
  bl@^4.0.3, bl@^4.1.0:
    version "4.1.0"
    resolved "https://registry.yarnpkg.com/bl/-/bl-4.1.0.tgz#451535264182bec2fbbc83a62ab98cf11d9f7b3a"
    integrity sha512-1W07cM9gS6DcLperZfFSj+bWLtaPGSOHWhPiGzXmvVJbRLdG82sH/Kn8EtW1VqWVA54AKf2h5k5BbnIbwF3h6w==
    dependencies:
      buffer "^5.5.0"
      inherits "^2.0.4"
      readable-stream "^3.4.0"
  
  bl@^5.0.0:
    version "5.1.0"
    resolved "https://registry.yarnpkg.com/bl/-/bl-5.1.0.tgz#183715f678c7188ecef9fe475d90209400624273"
    integrity sha512-tv1ZJHLfTDnXE6tMHv73YgSJaWR2AFuPwMntBe7XL/GBFHnT0CLnsHMogfk5+GzCDC5ZWarSCYaIGATZt9dNsQ==
    dependencies:
      buffer "^6.0.3"
      inherits "^2.0.4"
      readable-stream "^3.4.0"
  
  bluebird@^3.1.1:
    version "3.7.2"
    resolved "https://registry.yarnpkg.com/bluebird/-/bluebird-3.7.2.tgz#9f229c15be272454ffa973ace0dbee79a1b0c36f"
    integrity sha512-XpNj6GDQzdfW+r2Wnn7xiSAd7TM3jzkxGXBGTtWKuSXv1xUV+azxAm8jdWZN06QTQk+2N2XB9jRDkvbmQmcRtg==
  
  body-parser@1.20.1:
    version "1.20.1"
    resolved "https://registry.yarnpkg.com/body-parser/-/body-parser-1.20.1.tgz#b1812a8912c195cd371a3ee5e66faa2338a5c668"
    integrity sha512-jWi7abTbYwajOytWCQc37VulmWiRae5RyTpaCyDcS5/lMdtwSz5lOpDE67srw/HYe35f1z3fDQw+3txg7gNtWw==
    dependencies:
      bytes "3.1.2"
      content-type "~1.0.4"
      debug "2.6.9"
      depd "2.0.0"
      destroy "1.2.0"
      http-errors "2.0.0"
      iconv-lite "0.4.24"
      on-finished "2.4.1"
      qs "6.11.0"
      raw-body "2.5.1"
      type-is "~1.6.18"
      unpipe "1.0.0"
  
  boolbase@^1.0.0:
    version "1.0.0"
    resolved "https://registry.yarnpkg.com/boolbase/-/boolbase-1.0.0.tgz#68dff5fbe60c51eb37725ea9e3ed310dcc1e776e"
    integrity sha512-JZOSA7Mo9sNGB8+UjSgzdLtokWAky1zbztM3WRLCbZ70/3cTANmQmOdR7y2g+J0e2WXywy1yS468tY+IruqEww==
  
  bowser@^2.11.0:
    version "2.11.0"
    resolved "https://registry.yarnpkg.com/bowser/-/bowser-2.11.0.tgz#5ca3c35757a7aa5771500c70a73a9f91ef420a8f"
    integrity sha512-AlcaJBi/pqqJBIQ8U9Mcpc9i8Aqxn88Skv5d+xBX006BY5u8N3mGLHa5Lgppa7L/HfwgwLgZ6NYs+Ag6uUmJRA==
  
  brace-expansion@^1.1.7:
    version "1.1.11"
    resolved "https://registry.yarnpkg.com/brace-expansion/-/brace-expansion-1.1.11.tgz#3c7fcbf529d87226f3d2f52b966ff5271eb441dd"
    integrity sha512-iCuPHDFgrHX7H2vEI/5xpz07zSHB00TpugqhmYtVmMO6518mCuRMoOYFldEBl0g187ufozdaHgWKcYFb61qGiA==
    dependencies:
      balanced-match "^1.0.0"
      concat-map "0.0.1"
  
  brace-expansion@^2.0.1:
    version "2.0.1"
    resolved "https://registry.yarnpkg.com/brace-expansion/-/brace-expansion-2.0.1.tgz#1edc459e0f0c548486ecf9fc99f2221364b9a0ae"
    integrity sha512-XnAIvQ8eM+kC6aULx6wuQiwVsnzsi9d3WxzV3FpWTGA19F621kwdbsAcFKXgKUHZWsy+mY6iL1sHTxWEFCytDA==
    dependencies:
      balanced-match "^1.0.0"
  
  braces@^3.0.2, braces@~3.0.2:
    version "3.0.2"
    resolved "https://registry.yarnpkg.com/braces/-/braces-3.0.2.tgz#3454e1a462ee8d599e236df336cd9ea4f8afe107"
    integrity sha512-b8um+L1RzM3WDSzvhm6gIz1yfTbBt6YTlcEKAvsmqCZZFw46z626lVj9j1yEPW33H5H+lBQpZMP1k8l+78Ha0A==
    dependencies:
      fill-range "^7.0.1"
  
  browserslist@^4.0.0, browserslist@^4.21.4:
    version "4.21.5"
    resolved "https://registry.yarnpkg.com/browserslist/-/browserslist-4.21.5.tgz#75c5dae60063ee641f977e00edd3cfb2fb7af6a7"
    integrity sha512-tUkiguQGW7S3IhB7N+c2MV/HZPSCPAAiYBZXLsBhFB/PCy6ZKKsZrmBayHV9fdGV/ARIfJ14NkxKzRDjvp7L6w==
    dependencies:
      caniuse-lite "^1.0.30001449"
      electron-to-chromium "^1.4.284"
      node-releases "^2.0.8"
      update-browserslist-db "^1.0.10"
  
  bson@^4.7.2:
    version "4.7.2"
    resolved "https://registry.yarnpkg.com/bson/-/bson-4.7.2.tgz#320f4ad0eaf5312dd9b45dc369cc48945e2a5f2e"
    integrity sha512-Ry9wCtIZ5kGqkJoi6aD8KjxFZEx78guTQDnpXWiNthsxzrxAK/i8E6pCHAIZTbaEFWcOCvbecMukfK7XUvyLpQ==
    dependencies:
      buffer "^5.6.0"
  
  buffer-equal-constant-time@1.0.1:
    version "1.0.1"
    resolved "https://registry.yarnpkg.com/buffer-equal-constant-time/-/buffer-equal-constant-time-1.0.1.tgz#f8e71132f7ffe6e01a5c9697a4c6f3e48d5cc819"
    integrity sha512-zRpUiDwd/xk6ADqPMATG8vc9VPrkck7T07OIx0gnjmJAnHnTVXNQG3vfvWNuiZIkwu9KrKdA1iJKfsfTVxE6NA==
  
  buffer-from@^1.0.0:
    version "1.1.2"
    resolved "https://registry.yarnpkg.com/buffer-from/-/buffer-from-1.1.2.tgz#2b146a6fd72e80b4f55d255f35ed59a3a9a41bd5"
    integrity sha512-E+XQCRwSbaaiChtv6k6Dwgc+bx+Bs6vuKJHHl5kox/BaKbhiXzqQOwK4cO22yElGp2OCmjwVhT3HmxgyPGnJfQ==
  
  buffer-writer@2.0.0:
    version "2.0.0"
    resolved "https://registry.yarnpkg.com/buffer-writer/-/buffer-writer-2.0.0.tgz#ce7eb81a38f7829db09c873f2fbb792c0c98ec04"
    integrity sha512-a7ZpuTZU1TRtnwyCNW3I5dc0wWNC3VR9S++Ewyk2HHZdrO3CQJqSpd+95Us590V6AL7JqUAH2IwZ/398PmNFgw==
  
  buffer@4.9.2:
    version "4.9.2"
    resolved "https://registry.yarnpkg.com/buffer/-/buffer-4.9.2.tgz#230ead344002988644841ab0244af8c44bbe3ef8"
    integrity sha512-xq+q3SRMOxGivLhBNaUdC64hDTQwejJ+H0T/NB1XMtTVEwNTrfFF3gAxiyW0Bu/xWEGhjVKgUcMhCrUy2+uCWg==
    dependencies:
      base64-js "^1.0.2"
      ieee754 "^1.1.4"
      isarray "^1.0.0"
  
  buffer@^5.5.0, buffer@^5.6.0:
    version "5.7.1"
    resolved "https://registry.yarnpkg.com/buffer/-/buffer-5.7.1.tgz#ba62e7c13133053582197160851a8f648e99eed0"
    integrity sha512-EHcyIPBQ4BSGlvjB16k5KgAJ27CIsHY/2JBmCRReo48y9rQ3MaUzWX3KVlBa4U7MyX02HdVj0K7C3WaB3ju7FQ==
    dependencies:
      base64-js "^1.3.1"
      ieee754 "^1.1.13"
  
  buffer@^6.0.3:
    version "6.0.3"
    resolved "https://registry.yarnpkg.com/buffer/-/buffer-6.0.3.tgz#2ace578459cc8fbe2a70aaa8f52ee63b6a74c6c6"
    integrity sha512-FTiCpNxtwiZZHEZbcbTIcZjERVICn9yq/pDFkTl95/AxzD1naBctN7YO68riM/gLSDY7sdrMby8hofADYuuqOA==
    dependencies:
      base64-js "^1.3.1"
      ieee754 "^1.2.1"
  
  builtin-modules@^3.3.0:
    version "3.3.0"
    resolved "https://registry.yarnpkg.com/builtin-modules/-/builtin-modules-3.3.0.tgz#cae62812b89801e9656336e46223e030386be7b6"
    integrity sha512-zhaCDicdLuWN5UbN5IMnFqNMhNfo919sH85y2/ea+5Yg9TsTkeZxpL+JLbp6cgYFS4sRLp3YV4S6yDuqVWHYOw==
  
  bull@^4.8.5:
    version "4.10.4"
    resolved "https://registry.yarnpkg.com/bull/-/bull-4.10.4.tgz#db39ee0c3bfbe3b76f1f35db800501de5bba4f84"
    integrity sha512-o9m/7HjS/Or3vqRd59evBlWCXd9Lp+ALppKseoSKHaykK46SmRjAilX98PgmOz1yeVaurt8D5UtvEt4bUjM3eA==
    dependencies:
      cron-parser "^4.2.1"
      debuglog "^1.0.0"
      get-port "^5.1.1"
      ioredis "^5.0.0"
      lodash "^4.17.21"
      msgpackr "^1.5.2"
      semver "^7.3.2"
      uuid "^8.3.0"
  
  busboy@^0.3.1:
    version "0.3.1"
    resolved "https://registry.yarnpkg.com/busboy/-/busboy-0.3.1.tgz#170899274c5bf38aae27d5c62b71268cd585fd1b"
    integrity sha512-y7tTxhGKXcyBxRKAni+awqx8uqaJKrSFSNFSeRG5CsWNdmy2BIK+6VGWEW7TZnIO/533mtMEA4rOevQV815YJw==
    dependencies:
      dicer "0.3.0"
  
  bytes@3.1.2, bytes@^3.1.2:
    version "3.1.2"
    resolved "https://registry.yarnpkg.com/bytes/-/bytes-3.1.2.tgz#8b0beeb98605adf1b128fa4386403c009e0221a5"
    integrity sha512-/Nf7TyzTx6S3yRJObOAV7956r8cr2+Oj8AC5dt8wSP3BQAoeX58NoHyCU8P8zGkNXStjTSi6fzO6F0pBdcYbEg==
  
  cacache@^15.2.0:
    version "15.3.0"
    resolved "https://registry.yarnpkg.com/cacache/-/cacache-15.3.0.tgz#dc85380fb2f556fe3dda4c719bfa0ec875a7f1eb"
    integrity sha512-VVdYzXEn+cnbXpFgWs5hTT7OScegHVmLhJIR8Ufqk3iFD6A6j5iSX1KuBTfNEv4tdJWE2PzA6IVFtcLC7fN9wQ==
    dependencies:
      "@npmcli/fs" "^1.0.0"
      "@npmcli/move-file" "^1.0.1"
      chownr "^2.0.0"
      fs-minipass "^2.0.0"
      glob "^7.1.4"
      infer-owner "^1.0.4"
      lru-cache "^6.0.0"
      minipass "^3.1.1"
      minipass-collect "^1.0.2"
      minipass-flush "^1.0.5"
      minipass-pipeline "^1.2.2"
      mkdirp "^1.0.3"
      p-map "^4.0.0"
      promise-inflight "^1.0.1"
      rimraf "^3.0.2"
      ssri "^8.0.1"
      tar "^6.0.2"
      unique-filename "^1.1.1"
  
  call-bind@^1.0.0, call-bind@^1.0.2:
    version "1.0.2"
    resolved "https://registry.yarnpkg.com/call-bind/-/call-bind-1.0.2.tgz#b1d4e89e688119c3c9a903ad30abb2f6a919be3c"
    integrity sha512-7O+FbCihrB5WGbFYesctwmTKae6rOiIzmz1icreWJ+0aA7LJfuqhEso2T9ncpcFtzMQtzXf2QGGueWJGTYsqrA==
    dependencies:
      function-bind "^1.1.1"
      get-intrinsic "^1.0.2"
  
  callsites@^3.0.0:
    version "3.1.0"
    resolved "https://registry.yarnpkg.com/callsites/-/callsites-3.1.0.tgz#b3630abd8943432f54b3f0519238e33cd7df2f73"
    integrity sha512-P8BjAsXvZS+VIDUI11hHCQEv74YT67YUi5JJFNWIqL235sBmjX4+qx9Muvls5ivyNENctx46xQLQ3aTuE7ssaQ==
  
  camelcase@^6.2.0:
    version "6.3.0"
    resolved "https://registry.yarnpkg.com/camelcase/-/camelcase-6.3.0.tgz#5685b95eb209ac9c0c177467778c9c84df58ba9a"
    integrity sha512-Gmy6FhYlCY7uOElZUSbxo2UCDH8owEk996gkbrpsgGtrJLM3J7jGxl9Ic7Qwwj4ivOE5AWZWRMecDdF7hqGjFA==
  
  caniuse-api@^3.0.0:
    version "3.0.0"
    resolved "https://registry.yarnpkg.com/caniuse-api/-/caniuse-api-3.0.0.tgz#5e4d90e2274961d46291997df599e3ed008ee4c0"
    integrity sha512-bsTwuIg/BZZK/vreVTYYbSWoe2F+71P7K5QGEX+pT250DZbfU1MQ5prOKpPR+LL6uWKK3KMwMCAS74QB3Um1uw==
    dependencies:
      browserslist "^4.0.0"
      caniuse-lite "^1.0.0"
      lodash.memoize "^4.1.2"
      lodash.uniq "^4.5.0"
  
  caniuse-lite@^1.0.0, caniuse-lite@^1.0.30001449:
    version "1.0.30001478"
    resolved "https://registry.yarnpkg.com/caniuse-lite/-/caniuse-lite-1.0.30001478.tgz#0ef8a1cf8b16be47a0f9fc4ecfc952232724b32a"
    integrity sha512-gMhDyXGItTHipJj2ApIvR+iVB5hd0KP3svMWWXDvZOmjzJJassGLMfxRkQCSYgGd2gtdL/ReeiyvMSFD1Ss6Mw==
  
  chalk@^2.0.0:
    version "2.4.2"
    resolved "https://registry.yarnpkg.com/chalk/-/chalk-2.4.2.tgz#cd42541677a54333cf541a49108c1432b44c9424"
    integrity sha512-Mti+f9lpJNcwF4tWV8/OrTTtF1gZi+f8FqlyAdouralcFWFQWF2+NgCHShjkCb+IFBLq9buZwE1xckQU4peSuQ==
    dependencies:
      ansi-styles "^3.2.1"
      escape-string-regexp "^1.0.5"
      supports-color "^5.3.0"
  
  chalk@^3.0.0:
    version "3.0.0"
    resolved "https://registry.yarnpkg.com/chalk/-/chalk-3.0.0.tgz#3f73c2bf526591f574cc492c51e2456349f844e4"
    integrity sha512-4D3B6Wf41KOYRFdszmDqMCGq5VV/uMAB273JILmO+3jAlh8X4qDtdtgCR3fxtbLEMzSx22QdhnDcJvu2u1fVwg==
    dependencies:
      ansi-styles "^4.1.0"
      supports-color "^7.1.0"
  
  chalk@^4.1.0, chalk@^4.1.1:
    version "4.1.2"
    resolved "https://registry.yarnpkg.com/chalk/-/chalk-4.1.2.tgz#aac4e2b7734a740867aeb16bf02aad556a1e7a01"
    integrity sha512-oKnbhFyRIXpUuez8iBMmyEa4nbj4IOQyuhc/wy9kY7/WVPcwIO9VA668Pu8RkO7+0G76SLROeyw9CpQ061i4mA==
    dependencies:
      ansi-styles "^4.1.0"
      supports-color "^7.1.0"
  
  chardet@^0.7.0:
    version "0.7.0"
    resolved "https://registry.yarnpkg.com/chardet/-/chardet-0.7.0.tgz#90094849f0937f2eedc2425d0d28a9e5f0cbad9e"
    integrity sha512-mT8iDcrh03qDGRRmoA2hmBJnxpllMR+0/0qlzjqZES6NdiWDcZkCNAk4rPFZ9Q85r27unkiNNg8ZOiwZXBHwcA==
  
  chokidar@^3.5.2:
    version "3.5.3"
    resolved "https://registry.yarnpkg.com/chokidar/-/chokidar-3.5.3.tgz#1cf37c8707b932bd1af1ae22c0432e2acd1903bd"
    integrity sha512-Dr3sfKRP6oTcjf2JmUmFJfeVMvXBdegxB0iVQ5eb2V10uFJUCAS8OByZdVAyVb8xXNz3GjjTgj9kLWsZTqE6kw==
    dependencies:
      anymatch "~3.1.2"
      braces "~3.0.2"
      glob-parent "~5.1.2"
      is-binary-path "~2.1.0"
      is-glob "~4.0.1"
      normalize-path "~3.0.0"
      readdirp "~3.6.0"
    optionalDependencies:
      fsevents "~2.3.2"
  
  chownr@^1.1.1:
    version "1.1.4"
    resolved "https://registry.yarnpkg.com/chownr/-/chownr-1.1.4.tgz#6fc9d7b42d32a583596337666e7d08084da2cc6b"
    integrity sha512-jJ0bqzaylmJtVnNgzTeSOs8DPavpbYgEr/b0YL8/2GO3xJEhInFmhKMUnEJQjZumK7KXGFhUy89PrsJWlakBVg==
  
  chownr@^2.0.0:
    version "2.0.0"
    resolved "https://registry.yarnpkg.com/chownr/-/chownr-2.0.0.tgz#15bfbe53d2eab4cf70f18a8cd68ebe5b3cb1dece"
    integrity sha512-bIomtDF5KGpdogkLd9VspvFzk9KfpyyGlS8YFVZl7TGPBHL5snIOnxeshwVgPteQ9b4Eydl+pVbIyE1DcvCWgQ==
  
  clean-stack@^2.0.0:
    version "2.2.0"
    resolved "https://registry.yarnpkg.com/clean-stack/-/clean-stack-2.2.0.tgz#ee8472dbb129e727b31e8a10a427dee9dfe4008b"
    integrity sha512-4diC9HaTE+KRAMWhDhrGOECgWZxoevMc5TlkObMqNSsVU62PYzXZ/SMTjzyGAFF1YusgxGcSWTEXBhp0CPwQ1A==
  
  cli-cursor@^3.1.0:
    version "3.1.0"
    resolved "https://registry.yarnpkg.com/cli-cursor/-/cli-cursor-3.1.0.tgz#264305a7ae490d1d03bf0c9ba7c925d1753af307"
    integrity sha512-I/zHAwsKf9FqGoXM4WWRACob9+SNukZTd94DWF57E4toouRulbCxcUh6RKUEOQlYTHJnzkPMySvPNaaSLNfLZw==
    dependencies:
      restore-cursor "^3.1.0"
  
  cli-spinners@^2.5.0:
    version "2.8.0"
    resolved "https://registry.yarnpkg.com/cli-spinners/-/cli-spinners-2.8.0.tgz#e97a3e2bd00e6d85aa0c13d7f9e3ce236f7787fc"
    integrity sha512-/eG5sJcvEIwxcdYM86k5tPwn0MUzkX5YY3eImTGpJOZgVe4SdTMY14vQpcxgBzJ0wXwAYrS8E+c3uHeK4JNyzQ==
  
  cli-width@^3.0.0:
    version "3.0.0"
    resolved "https://registry.yarnpkg.com/cli-width/-/cli-width-3.0.0.tgz#a2f48437a2caa9a22436e794bf071ec9e61cedf6"
    integrity sha512-FxqpkPPwu1HjuN93Omfm4h8uIanXofW0RxVEW3k5RKx+mJJYSthzNhp32Kzxxy3YAEZ/Dc/EWN1vZRY0+kOhbw==
  
  clone@^1.0.2:
    version "1.0.4"
    resolved "https://registry.yarnpkg.com/clone/-/clone-1.0.4.tgz#da309cc263df15994c688ca902179ca3c7cd7c7e"
    integrity sha512-JQHZ2QMW6l3aH/j6xCqQThY/9OH4D/9ls34cgkUBiEeocRTU04tHfKPBsUK1PqZCUQM7GiA0IIXJSuXHI64Kbg==
  
  cluster-key-slot@^1.1.0:
    version "1.1.2"
    resolved "https://registry.yarnpkg.com/cluster-key-slot/-/cluster-key-slot-1.1.2.tgz#88ddaa46906e303b5de30d3153b7d9fe0a0c19ac"
    integrity sha512-RMr0FhtfXemyinomL4hrWcYJxmX6deFdCxpJzhDttxgO1+bcCnkk+9drydLVDmAMG7NE6aN/fl4F7ucU/90gAA==
  
  code-point-at@^1.0.0:
    version "1.1.0"
    resolved "https://registry.yarnpkg.com/code-point-at/-/code-point-at-1.1.0.tgz#0d070b4d043a5bea33a2f1a40e2edb3d9a4ccf77"
    integrity sha512-RpAVKQA5T63xEj6/giIbUEtZwJ4UFIc3ZtvEkiaUERylqe8xb5IvqcgOurZLahv93CLKfxcw5YI+DZcUBRyLXA==
  
  color-convert@^1.9.0:
    version "1.9.3"
    resolved "https://registry.yarnpkg.com/color-convert/-/color-convert-1.9.3.tgz#bb71850690e1f136567de629d2d5471deda4c1e8"
    integrity sha512-QfAUtd+vFdAtFQcC8CCyYt1fYWxSqAiK2cSD6zDB8N3cpsEBAvRxp9zOGg6G/SHHJYAT88/az/IuDGALsNVbGg==
    dependencies:
      color-name "1.1.3"
  
  color-convert@^2.0.1:
    version "2.0.1"
    resolved "https://registry.yarnpkg.com/color-convert/-/color-convert-2.0.1.tgz#72d3a68d598c9bdb3af2ad1e84f21d896abd4de3"
    integrity sha512-RRECPsj7iu/xb5oKYcsFHSppFNnsj/52OVTRKb4zP5onXwVF3zVmmToNcOfGC+CRDpfK/U584fMg38ZHCaElKQ==
    dependencies:
      color-name "~1.1.4"
  
  color-name@1.1.3:
    version "1.1.3"
    resolved "https://registry.yarnpkg.com/color-name/-/color-name-1.1.3.tgz#a7d0558bd89c42f795dd42328f740831ca53bc25"
    integrity sha512-72fSenhMw2HZMTVHeCA9KCmpEIbzWiQsjN+BHcBbS9vr1mtt+vJjPdksIBNUmKAW8TFUDPJK5SUU3QhE9NEXDw==
  
  color-name@^1.0.0, color-name@~1.1.4:
    version "1.1.4"
    resolved "https://registry.yarnpkg.com/color-name/-/color-name-1.1.4.tgz#c2a09a87acbde69543de6f63fa3995c826c536a2"
    integrity sha512-dOy+3AuW3a2wNbZHIuMZpTcgjGuLU/uBL/ubcZF9OXbDo8ff4O8yVp5Bf0efS8uEoYo5q4Fx7dY9OgQGXgAsQA==
  
  color-string@^1.9.0:
    version "1.9.1"
    resolved "https://registry.yarnpkg.com/color-string/-/color-string-1.9.1.tgz#4467f9146f036f855b764dfb5bf8582bf342c7a4"
    integrity sha512-shrVawQFojnZv6xM40anx4CkoDP+fZsw/ZerEMsW/pyzsRbElpsL/DBVW7q3ExxwusdNXI3lXpuhEZkzs8p5Eg==
    dependencies:
      color-name "^1.0.0"
      simple-swizzle "^0.2.2"
  
  color-support@^1.1.2, color-support@^1.1.3:
    version "1.1.3"
    resolved "https://registry.yarnpkg.com/color-support/-/color-support-1.1.3.tgz#93834379a1cc9a0c61f82f52f0d04322251bd5a2"
    integrity sha512-qiBjkpbMLO/HL68y+lh4q0/O1MZFj2RX6X/KmMa3+gJD3z+WwI1ZzDHysvqHGS3mP6mznPckpXmw1nI9cJjyRg==
  
  color@^4.2.3:
    version "4.2.3"
    resolved "https://registry.yarnpkg.com/color/-/color-4.2.3.tgz#d781ecb5e57224ee43ea9627560107c0e0c6463a"
    integrity sha512-1rXeuUUiGGrykh+CeBdu5Ie7OJwinCgQY0bc7GCRxy5xVHy+moaqkpL/jqQq0MtQOeYcrqEz4abc5f0KtU7W4A==
    dependencies:
      color-convert "^2.0.1"
      color-string "^1.9.0"
  
  colord@^2.9.1:
    version "2.9.3"
    resolved "https://registry.yarnpkg.com/colord/-/colord-2.9.3.tgz#4f8ce919de456f1d5c1c368c307fe20f3e59fb43"
    integrity sha512-jeC1axXpnb0/2nn/Y1LPuLdgXBLH7aDcHu4KEKfqw3CUhX7ZpfBSlPKyqXE6btIgEzfWtrX3/tyBCaCvXvMkOw==
  
  colorette@2.0.19:
    version "2.0.19"
    resolved "https://registry.yarnpkg.com/colorette/-/colorette-2.0.19.tgz#cdf044f47ad41a0f4b56b3a0d5b4e6e1a2d5a798"
    integrity sha512-3tlv/dIP7FWvj3BsbHrGLJ6l/oKh1O3TcgBqMn+yyCagOxc23fyzDS6HypQbgxWbkpDnf52p1LuR4eWDQ/K9WQ==
  
  colors@^1.4.0:
    version "1.4.0"
    resolved "https://registry.yarnpkg.com/colors/-/colors-1.4.0.tgz#c50491479d4c1bdaed2c9ced32cf7c7dc2360f78"
    integrity sha512-a+UqTh4kgZg/SlGvfbzDHpgRu7AAQOmmqRHJnxhRZICKFUT91brVhNNt58CMWU9PsBbv3PDCZUHbVxuDiH2mtA==
  
  combined-stream@^1.0.6, combined-stream@^1.0.8:
    version "1.0.8"
    resolved "https://registry.yarnpkg.com/combined-stream/-/combined-stream-1.0.8.tgz#c3d45a8b34fd730631a110a8a2520682b31d5a7f"
    integrity sha512-FQN4MRfuJeHf7cBbBMJFXhKSDq+2kAArBlmRBvcvFE5BB1HZKXtSFASDhdlz9zOYwxh8lDdnvmMOe/+5cdoEdg==
    dependencies:
      delayed-stream "~1.0.0"
  
  command-line-args@^5.2.0:
    version "5.2.1"
    resolved "https://registry.yarnpkg.com/command-line-args/-/command-line-args-5.2.1.tgz#c44c32e437a57d7c51157696893c5909e9cec42e"
    integrity sha512-H4UfQhZyakIjC74I9d34fGYDwk3XpSr17QhEd0Q3I9Xq1CETHo4Hcuo87WyWHpAF1aSLjLRf5lD9ZGX2qStUvg==
    dependencies:
      array-back "^3.1.0"
      find-replace "^3.0.0"
      lodash.camelcase "^4.3.0"
      typical "^4.0.0"
  
  commander@^2.20.0:
    version "2.20.3"
    resolved "https://registry.yarnpkg.com/commander/-/commander-2.20.3.tgz#fd485e84c03eb4881c20722ba48035e8531aeb33"
    integrity sha512-GpVkmM8vF2vQUkj2LvZmD35JxeJOLCwJ9cUkugyk2nuhbv3+mJvpLYYt+0+USMxE+oj+ey/lJEnhZw75x/OMcQ==
  
  commander@^6.1.0:
    version "6.2.1"
    resolved "https://registry.yarnpkg.com/commander/-/commander-6.2.1.tgz#0792eb682dfbc325999bb2b84fddddba110ac73c"
    integrity sha512-U7VdrJFnJgo4xjrHpTzu0yrHPGImdsmD95ZlgYSEajAn2JKzDhDTPG9kBTefmObL2w/ngeZnilk+OV9CG3d7UA==
  
  commander@^7.2.0:
    version "7.2.0"
    resolved "https://registry.yarnpkg.com/commander/-/commander-7.2.0.tgz#a36cb57d0b501ce108e4d20559a150a391d97ab7"
    integrity sha512-QrWXB+ZQSVPmIWIhtEO9H+gwHaMGYiF5ChvoJ+K9ZGHG/sVsa6yiesAD1GC/x46sET00Xlwo1u49RVVVzvcSkw==
  
  commander@^8.0.0:
    version "8.3.0"
    resolved "https://registry.yarnpkg.com/commander/-/commander-8.3.0.tgz#4837ea1b2da67b9c616a67afbb0fafee567bca66"
    integrity sha512-OkTL9umf+He2DZkUq8f8J9of7yL6RJKI24dVITBmNfZBmri9zYZQrKkuXiKhyfPSu8tUhnVBB1iKXevvnlR4Ww==
  
  commander@^9.1.0:
    version "9.5.0"
    resolved "https://registry.yarnpkg.com/commander/-/commander-9.5.0.tgz#bc08d1eb5cedf7ccb797a96199d41c7bc3e60d30"
    integrity sha512-KRs7WVDKg86PWiuAqhDrAQnTXZKraVcCc6vFdL14qrZ/DcWwuRo7VoiYXalXO7S5GKpqYiVEwCbgFDfxNHKJBQ==
  
  commondir@^1.0.1:
    version "1.0.1"
    resolved "https://registry.yarnpkg.com/commondir/-/commondir-1.0.1.tgz#ddd800da0c66127393cca5950ea968a3aaf1253b"
    integrity sha512-W9pAhw0ja1Edb5GVdIF1mjZw/ASI0AlShXM83UUGe2DVr5TdAPEA1OA8m/g8zWp9x6On7gqufY+FatDbC3MDQg==
  
  component-emitter@^1.3.0:
    version "1.3.0"
    resolved "https://registry.yarnpkg.com/component-emitter/-/component-emitter-1.3.0.tgz#16e4070fba8ae29b679f2215853ee181ab2eabc0"
    integrity sha512-Rd3se6QB+sO1TwqZjscQrurpEPIfO0/yYnSin6Q/rD3mOutHvUrCAhJub3r90uNb+SESBuE0QYoB90YdfatsRg==
  
  compressible@^2.0.12:
    version "2.0.18"
    resolved "https://registry.yarnpkg.com/compressible/-/compressible-2.0.18.tgz#af53cca6b070d4c3c0750fbd77286a6d7cc46fba"
    integrity sha512-AF3r7P5dWxL8MxyITRMlORQNaOA2IkAFaTr4k7BUumjPtRpGDTZpl0Pb1XCO6JeDCBdp126Cgs9sMxqSjgYyRg==
    dependencies:
      mime-db ">= 1.43.0 < 2"
  
  concat-map@0.0.1:
    version "0.0.1"
    resolved "https://registry.yarnpkg.com/concat-map/-/concat-map-0.0.1.tgz#d8a96bd77fd68df7793a73036a3ba0d5405d477b"
    integrity sha512-/Srv4dswyQNBfohGpz9o6Yb3Gz3SrUDqBH5rTuhGR7ahtlbYKnVxw2bCFMRljaA7EXHaXZ8wsHdodFvbkhKmqg==
  
  concat-stream@~1.5.0:
    version "1.5.2"
    resolved "https://registry.yarnpkg.com/concat-stream/-/concat-stream-1.5.2.tgz#708978624d856af41a5a741defdd261da752c266"
    integrity sha512-H6xsIBfQ94aESBG8jGHXQ7i5AEpy5ZeVaLDOisDICiTCKpqEfr34/KmTrspKQNoLKNu9gTkovlpQcUi630AKiQ==
    dependencies:
      inherits "~2.0.1"
      readable-stream "~2.0.0"
      typedarray "~0.0.5"
  
  configstore@^5.0.0:
    version "5.0.1"
    resolved "https://registry.yarnpkg.com/configstore/-/configstore-5.0.1.tgz#d365021b5df4b98cdd187d6a3b0e3f6a7cc5ed96"
    integrity sha512-aMKprgk5YhBNyH25hj8wGt2+D52Sw1DRRIzqBwLp2Ya9mFmY8KPvvtvmna8SxVR9JMZ4kzMD68N22vlaRpkeFA==
    dependencies:
      dot-prop "^5.2.0"
      graceful-fs "^4.1.2"
      make-dir "^3.0.0"
      unique-string "^2.0.0"
      write-file-atomic "^3.0.0"
      xdg-basedir "^4.0.0"
  
  connection-parse@0.0.x:
    version "0.0.7"
    resolved "https://registry.yarnpkg.com/connection-parse/-/connection-parse-0.0.7.tgz#18e7318aab06a699267372b10c5226d25a1c9a69"
    integrity sha512-bTTG28diWg7R7/+qE5NZumwPbCiJOT8uPdZYu674brDjBWQctbaQbYlDKhalS+4i5HxIx+G8dZsnBHKzWpp01A==
  
  console-control-strings@^1.0.0, console-control-strings@^1.1.0, console-control-strings@~1.1.0:
    version "1.1.0"
    resolved "https://registry.yarnpkg.com/console-control-strings/-/console-control-strings-1.1.0.tgz#3d7cf4464db6446ea644bf4b39507f9851008e8e"
    integrity sha512-ty/fTekppD2fIwRvnZAVdeOiGd1c7YXEixbgJTNzqcxJWKQnjJ/V1bNEEE6hygpM3WjwHFUVK6HTjWSzV4a8sQ==
  
  consolidate@^0.15.1:
    version "0.15.1"
    resolved "https://registry.yarnpkg.com/consolidate/-/consolidate-0.15.1.tgz#21ab043235c71a07d45d9aad98593b0dba56bab7"
    integrity sha512-DW46nrsMJgy9kqAbPt5rKaCr7uFtpo4mSUvLHIUbJEjm0vo+aY5QLwBUq3FK4tRnJr/X0Psc0C4jf/h+HtXSMw==
    dependencies:
      bluebird "^3.1.1"
  
  content-disposition@0.5.4:
    version "0.5.4"
    resolved "https://registry.yarnpkg.com/content-disposition/-/content-disposition-0.5.4.tgz#8b82b4efac82512a02bb0b1dcec9d2c5e8eb5bfe"
    integrity sha512-FveZTNuGw04cxlAiWbzi6zTAL/lhehaWbTtgluJh4/E95DqMwTmha3KZN1aAWA8cFIhHzMZUvLevkw5Rqk+tSQ==
    dependencies:
      safe-buffer "5.2.1"
  
  content-type@~1.0.4:
    version "1.0.5"
    resolved "https://registry.yarnpkg.com/content-type/-/content-type-1.0.5.tgz#8b773162656d1d1086784c8f23a54ce6d73d7918"
    integrity sha512-nTjqfcBFEipKdXCv4YDQWCfmcLZKm81ldF0pAopTvyrFGVbcR6P/VAAd5G7N+0tTr8QqiU0tFadD6FK4NtJwOA==
  
  cookie-parser@^1.4.5:
    version "1.4.6"
    resolved "https://registry.yarnpkg.com/cookie-parser/-/cookie-parser-1.4.6.tgz#3ac3a7d35a7a03bbc7e365073a26074824214594"
    integrity sha512-z3IzaNjdwUC2olLIB5/ITd0/setiaFMLYiZJle7xg5Fe9KWAceil7xszYfHHBtDFYLSgJduS2Ty0P1uJdPDJeA==
    dependencies:
      cookie "0.4.1"
      cookie-signature "1.0.6"
  
  cookie-signature@1.0.6:
    version "1.0.6"
    resolved "https://registry.yarnpkg.com/cookie-signature/-/cookie-signature-1.0.6.tgz#e303a882b342cc3ee8ca513a79999734dab3ae2c"
    integrity sha512-QADzlaHc8icV8I7vbaJXJwod9HWYp8uCqf1xa4OfNu1T7JVxQIrUgOWtHdNDtPiywmFbiS12VjotIXLrKM3orQ==
  
  cookie@0.4.1:
    version "0.4.1"
    resolved "https://registry.yarnpkg.com/cookie/-/cookie-0.4.1.tgz#afd713fe26ebd21ba95ceb61f9a8116e50a537d1"
    integrity sha512-ZwrFkGJxUR3EIoXtO+yVE69Eb7KlixbaeAWfBQB9vVsNn/o+Yw69gBWSSDK825hQNdN+wF8zELf3dFNl/kxkUA==
  
  cookie@0.5.0, cookie@~0.5.0:
    version "0.5.0"
    resolved "https://registry.yarnpkg.com/cookie/-/cookie-0.5.0.tgz#d1f5d71adec6558c58f389987c366aa47e994f8b"
    integrity sha512-YZ3GUyn/o8gfKJlnlX7g7xq4gyO6OSuhGPKaaGssGB2qgDUS0gPgtTvoyZLTt9Ab6dC4hfc9dV5arkvc/OCmrw==
  
  cookie@~0.4.1:
    version "0.4.2"
    resolved "https://registry.yarnpkg.com/cookie/-/cookie-0.4.2.tgz#0e41f24de5ecf317947c82fc789e06a884824432"
    integrity sha512-aSWTXFzaKWkvHO1Ny/s+ePFpvKsPnjc551iI41v3ny/ow6tBG5Vd+FuqGNhh1LxOmVzOlGUriIlOaokOvhaStA==
  
  cookiejar@^2.1.4:
    version "2.1.4"
    resolved "https://registry.yarnpkg.com/cookiejar/-/cookiejar-2.1.4.tgz#ee669c1fea2cf42dc31585469d193fef0d65771b"
    integrity sha512-LDx6oHrK+PhzLKJU9j5S7/Y3jM/mUHvD/DeI1WQmJn652iPC5Y4TBzC9l+5OMOXlyTTA+SmVUPm0HQUwpD5Jqw==
  
  core-js-pure@^3.25.1:
    version "3.30.0"
    resolved "https://registry.yarnpkg.com/core-js-pure/-/core-js-pure-3.30.0.tgz#41b6c42e5f363bd53d79999bd35093b17e42e1bf"
    integrity sha512-+2KbMFGeBU0ln/csoPqTe0i/yfHbrd2EUhNMObsGtXMKS/RTtlkYyi+/3twLcevbgNR0yM/r0Psa3TEoQRpFMQ==
  
  core-util-is@1.0.2:
    version "1.0.2"
    resolved "https://registry.yarnpkg.com/core-util-is/-/core-util-is-1.0.2.tgz#b5fd54220aa2bc5ab57aab7140c940754503c1a7"
    integrity sha512-3lqz5YjWTYnW6dlDa5TLaTCcShfar1e40rmcJVwCBJC6mWlFuj0eCHIElmG1g5kyuJ/GD+8Wn4FFCcz4gJPfaQ==
  
  core-util-is@~1.0.0:
    version "1.0.3"
    resolved "https://registry.yarnpkg.com/core-util-is/-/core-util-is-1.0.3.tgz#a6042d3634c2b27e9328f837b965fac83808db85"
    integrity sha512-ZQBvi1DcpJ4GDqanjucZ2Hj3wEO5pZDS89BWbkcrvdxksJorwUDDZamX9ldFkp9aw2lmBDLgkObEA4DWNJ9FYQ==
  
  cors@^2.8.5, cors@~2.8.5:
    version "2.8.5"
    resolved "https://registry.yarnpkg.com/cors/-/cors-2.8.5.tgz#eac11da51592dd86b9f06f6e7ac293b3df875d29"
    integrity sha512-KIHbLJqu73RGr/hnbrO9uBeixNGuvSQjul/jdFvS/KFSIH1hWVd1ng7zOHx+YrEfInLG7q4n6GHQ9cDtxv/P6g==
    dependencies:
      object-assign "^4"
      vary "^1"
  
  cosmiconfig@^7.0.1:
    version "7.1.0"
    resolved "https://registry.yarnpkg.com/cosmiconfig/-/cosmiconfig-7.1.0.tgz#1443b9afa596b670082ea46cbd8f6a62b84635f6"
    integrity sha512-AdmX6xUzdNASswsFtmwSt7Vj8po9IuqXm0UXz7QKPuEUmPB4XyjGfaAr2PSuELMwkRMVH1EpIkX5bTZGRB3eCA==
    dependencies:
      "@types/parse-json" "^4.0.0"
      import-fresh "^3.2.1"
      parse-json "^5.0.0"
      path-type "^4.0.0"
      yaml "^1.10.0"
  
  cron-parser@^4.2.1:
    version "4.8.1"
    resolved "https://registry.yarnpkg.com/cron-parser/-/cron-parser-4.8.1.tgz#47062ea63d21d78c10ddedb08ea4c5b6fc2750fb"
    integrity sha512-jbokKWGcyU4gl6jAfX97E1gDpY12DJ1cLJZmoDzaAln/shZ+S3KBFBuA2Q6WeUN4gJf/8klnV1EfvhA2lK5IRQ==
    dependencies:
      luxon "^3.2.1"
  
  cross-env@^7.0.3:
    version "7.0.3"
    resolved "https://registry.yarnpkg.com/cross-env/-/cross-env-7.0.3.tgz#865264b29677dc015ba8418918965dd232fc54cf"
    integrity sha512-+/HKd6EgcQCJGh2PSjZuUitQBQynKor4wrFbRg4DtAgS1aWO+gU52xpH7M9ScGgXSYmAVS9bIJ8EzuaGw0oNAw==
    dependencies:
      cross-spawn "^7.0.1"
  
  cross-fetch@^3.1.5:
    version "3.1.5"
    resolved "https://registry.yarnpkg.com/cross-fetch/-/cross-fetch-3.1.5.tgz#e1389f44d9e7ba767907f7af8454787952ab534f"
    integrity sha512-lvb1SBsI0Z7GDwmuid+mU3kWVBwTVUbe7S0H52yaaAdQOXq2YktTCZdlAcNKFzE6QtRz0snpw9bNiPeOIkkQvw==
    dependencies:
      node-fetch "2.6.7"
  
  cross-spawn@^7.0.1, cross-spawn@^7.0.3:
    version "7.0.3"
    resolved "https://registry.yarnpkg.com/cross-spawn/-/cross-spawn-7.0.3.tgz#f73a85b9d5d41d045551c177e2882d4ac85728a6"
    integrity sha512-iRDPJKUPVEND7dHPO8rkbOnPpyDygcDFtWjpeWNCgy8WP2rXcxXL8TskReQl6OrB2G7+UJrags1q15Fudc7G6w==
    dependencies:
      path-key "^3.1.0"
      shebang-command "^2.0.0"
      which "^2.0.1"
  
  crypto-random-string@^2.0.0:
    version "2.0.0"
    resolved "https://registry.yarnpkg.com/crypto-random-string/-/crypto-random-string-2.0.0.tgz#ef2a7a966ec11083388369baa02ebead229b30d5"
    integrity sha512-v1plID3y9r/lPhviJ1wrXpLeyUIGAZ2SHNYTEapm7/8A9nLPoyvVp3RK/EPFqn5kEznyWgYZNsRtYYIWbuG8KA==
  
  css-declaration-sorter@^6.3.1:
    version "6.4.0"
    resolved "https://registry.yarnpkg.com/css-declaration-sorter/-/css-declaration-sorter-6.4.0.tgz#630618adc21724484b3e9505bce812def44000ad"
    integrity sha512-jDfsatwWMWN0MODAFuHszfjphEXfNw9JUAhmY4pLu3TyTU+ohUpsbVtbU+1MZn4a47D9kqh03i4eyOm+74+zew==
  
  css-select@^4.1.3:
    version "4.3.0"
    resolved "https://registry.yarnpkg.com/css-select/-/css-select-4.3.0.tgz#db7129b2846662fd8628cfc496abb2b59e41529b"
    integrity sha512-wPpOYtnsVontu2mODhA19JrqWxNsfdatRKd64kmpRbQgh1KtItko5sTnEpPdpSaJszTOhEMlF/RPz28qj4HqhQ==
    dependencies:
      boolbase "^1.0.0"
      css-what "^6.0.1"
      domhandler "^4.3.1"
      domutils "^2.8.0"
      nth-check "^2.0.1"
  
  css-select@^5.1.0:
    version "5.1.0"
    resolved "https://registry.yarnpkg.com/css-select/-/css-select-5.1.0.tgz#b8ebd6554c3637ccc76688804ad3f6a6fdaea8a6"
    integrity sha512-nwoRF1rvRRnnCqqY7updORDsuqKzqYJ28+oSMaJMMgOauh3fvwHqMS7EZpIPqK8GL+g9mKxF1vP/ZjSeNjEVHg==
    dependencies:
      boolbase "^1.0.0"
      css-what "^6.1.0"
      domhandler "^5.0.2"
      domutils "^3.0.1"
      nth-check "^2.0.1"
  
  css-tree@^1.1.2, css-tree@^1.1.3:
    version "1.1.3"
    resolved "https://registry.yarnpkg.com/css-tree/-/css-tree-1.1.3.tgz#eb4870fb6fd7707327ec95c2ff2ab09b5e8db91d"
    integrity sha512-tRpdppF7TRazZrjJ6v3stzv93qxRcSsFmW6cX0Zm2NVKpxE1WV1HblnghVv9TreireHkqI/VDEsfolRF1p6y7Q==
    dependencies:
      mdn-data "2.0.14"
      source-map "^0.6.1"
  
  css-tree@^2.2.1:
    version "2.3.1"
    resolved "https://registry.yarnpkg.com/css-tree/-/css-tree-2.3.1.tgz#10264ce1e5442e8572fc82fbe490644ff54b5c20"
    integrity sha512-6Fv1DV/TYw//QF5IzQdqsNDjx/wc8TrMBZsqjL9eW01tWb7R7k/mq+/VXfJCl7SoD5emsJop9cOByJZfs8hYIw==
    dependencies:
      mdn-data "2.0.30"
      source-map-js "^1.0.1"
  
  css-tree@~2.2.0:
    version "2.2.1"
    resolved "https://registry.yarnpkg.com/css-tree/-/css-tree-2.2.1.tgz#36115d382d60afd271e377f9c5f67d02bd48c032"
    integrity sha512-OA0mILzGc1kCOCSJerOeqDxDQ4HOh+G8NbOJFOTgOCzpw7fCBubk0fEyxp8AgOL/jvLgYA/uV0cMbe43ElF1JA==
    dependencies:
      mdn-data "2.0.28"
      source-map-js "^1.0.1"
  
  css-what@^6.0.1, css-what@^6.1.0:
    version "6.1.0"
    resolved "https://registry.yarnpkg.com/css-what/-/css-what-6.1.0.tgz#fb5effcf76f1ddea2c81bdfaa4de44e79bac70f4"
    integrity sha512-HTUrgRJ7r4dsZKU6GjmpfRK1O76h97Z8MfS1G0FozR+oF2kG6Vfe8JE6zwrkbxigziPHinCJ+gCPjA9EaBDtRw==
  
  cssesc@^3.0.0:
    version "3.0.0"
    resolved "https://registry.yarnpkg.com/cssesc/-/cssesc-3.0.0.tgz#37741919903b868565e1c09ea747445cd18983ee"
    integrity sha512-/Tb/JcjK111nNScGob5MNtsntNM1aCNUDipB/TkwZFhyDrrE47SOx/18wF2bbjgc3ZzCSKW1T5nt5EbFoAz/Vg==
  
  cssnano-preset-default@^5.2.14:
    version "5.2.14"
    resolved "https://registry.yarnpkg.com/cssnano-preset-default/-/cssnano-preset-default-5.2.14.tgz#309def4f7b7e16d71ab2438052093330d9ab45d8"
    integrity sha512-t0SFesj/ZV2OTylqQVOrFgEh5uanxbO6ZAdeCrNsUQ6fVuXwYTxJPNAGvGTxHbD68ldIJNec7PyYZDBrfDQ+6A==
    dependencies:
      css-declaration-sorter "^6.3.1"
      cssnano-utils "^3.1.0"
      postcss-calc "^8.2.3"
      postcss-colormin "^5.3.1"
      postcss-convert-values "^5.1.3"
      postcss-discard-comments "^5.1.2"
      postcss-discard-duplicates "^5.1.0"
      postcss-discard-empty "^5.1.1"
      postcss-discard-overridden "^5.1.0"
      postcss-merge-longhand "^5.1.7"
      postcss-merge-rules "^5.1.4"
      postcss-minify-font-values "^5.1.0"
      postcss-minify-gradients "^5.1.1"
      postcss-minify-params "^5.1.4"
      postcss-minify-selectors "^5.2.1"
      postcss-normalize-charset "^5.1.0"
      postcss-normalize-display-values "^5.1.0"
      postcss-normalize-positions "^5.1.1"
      postcss-normalize-repeat-style "^5.1.1"
      postcss-normalize-string "^5.1.0"
      postcss-normalize-timing-functions "^5.1.0"
      postcss-normalize-unicode "^5.1.1"
      postcss-normalize-url "^5.1.0"
      postcss-normalize-whitespace "^5.1.1"
      postcss-ordered-values "^5.1.3"
      postcss-reduce-initial "^5.1.2"
      postcss-reduce-transforms "^5.1.0"
      postcss-svgo "^5.1.0"
      postcss-unique-selectors "^5.1.1"
  
  cssnano-preset-default@^6.0.0:
    version "6.0.0"
    resolved "https://registry.yarnpkg.com/cssnano-preset-default/-/cssnano-preset-default-6.0.0.tgz#058726536bdc18711c01b1d328766cbc5691cf71"
    integrity sha512-BDxlaFzObRDXUiCCBQUNQcI+f1/aX2mgoNtXGjV6PG64POcHoDUoX+LgMWw+Q4609QhxwkcSnS65YFs42RA6qQ==
    dependencies:
      css-declaration-sorter "^6.3.1"
      cssnano-utils "^4.0.0"
      postcss-calc "^8.2.3"
      postcss-colormin "^6.0.0"
      postcss-convert-values "^6.0.0"
      postcss-discard-comments "^6.0.0"
      postcss-discard-duplicates "^6.0.0"
      postcss-discard-empty "^6.0.0"
      postcss-discard-overridden "^6.0.0"
      postcss-merge-longhand "^6.0.0"
      postcss-merge-rules "^6.0.0"
      postcss-minify-font-values "^6.0.0"
      postcss-minify-gradients "^6.0.0"
      postcss-minify-params "^6.0.0"
      postcss-minify-selectors "^6.0.0"
      postcss-normalize-charset "^6.0.0"
      postcss-normalize-display-values "^6.0.0"
      postcss-normalize-positions "^6.0.0"
      postcss-normalize-repeat-style "^6.0.0"
      postcss-normalize-string "^6.0.0"
      postcss-normalize-timing-functions "^6.0.0"
      postcss-normalize-unicode "^6.0.0"
      postcss-normalize-url "^6.0.0"
      postcss-normalize-whitespace "^6.0.0"
      postcss-ordered-values "^6.0.0"
      postcss-reduce-initial "^6.0.0"
      postcss-reduce-transforms "^6.0.0"
      postcss-svgo "^6.0.0"
      postcss-unique-selectors "^6.0.0"
  
  cssnano-utils@^3.1.0:
    version "3.1.0"
    resolved "https://registry.yarnpkg.com/cssnano-utils/-/cssnano-utils-3.1.0.tgz#95684d08c91511edfc70d2636338ca37ef3a6861"
    integrity sha512-JQNR19/YZhz4psLX/rQ9M83e3z2Wf/HdJbryzte4a3NSuafyp9w/I4U+hx5C2S9g41qlstH7DEWnZaaj83OuEA==
  
  cssnano-utils@^4.0.0:
    version "4.0.0"
    resolved "https://registry.yarnpkg.com/cssnano-utils/-/cssnano-utils-4.0.0.tgz#d1da885ec04003ab19505ff0e62e029708d36b08"
    integrity sha512-Z39TLP+1E0KUcd7LGyF4qMfu8ZufI0rDzhdyAMsa/8UyNUU8wpS0fhdBxbQbv32r64ea00h4878gommRVg2BHw==
  
  cssnano@*:
    version "6.0.0"
    resolved "https://registry.yarnpkg.com/cssnano/-/cssnano-6.0.0.tgz#53f4cb81101cccba0809fad779f006b5d44925ee"
    integrity sha512-RGlcbzGhzEBCHuQe3k+Udyj5M00z0pm9S+VurHXFEOXxH+y0sVrJH2sMzoyz2d8N1EScazg+DVvmgyx0lurwwA==
    dependencies:
      cssnano-preset-default "^6.0.0"
      lilconfig "^2.1.0"
  
  cssnano@^5.0.15:
    version "5.1.15"
    resolved "https://registry.yarnpkg.com/cssnano/-/cssnano-5.1.15.tgz#ded66b5480d5127fcb44dac12ea5a983755136bf"
    integrity sha512-j+BKgDcLDQA+eDifLx0EO4XSA56b7uut3BQFH+wbSaSTuGLuiyTa/wbRYthUXX8LC9mLg+WWKe8h+qJuwTAbHw==
    dependencies:
      cssnano-preset-default "^5.2.14"
      lilconfig "^2.0.3"
      yaml "^1.10.2"
  
  csso@^4.2.0:
    version "4.2.0"
    resolved "https://registry.yarnpkg.com/csso/-/csso-4.2.0.tgz#ea3a561346e8dc9f546d6febedd50187cf389529"
    integrity sha512-wvlcdIbf6pwKEk7vHj8/Bkc0B4ylXZruLvOgs9doS5eOsOpuodOV2zJChSpkp+pRpYQLQMeF04nr3Z68Sta9jA==
    dependencies:
      css-tree "^1.1.2"
  
  csso@^5.0.5:
    version "5.0.5"
    resolved "https://registry.yarnpkg.com/csso/-/csso-5.0.5.tgz#f9b7fe6cc6ac0b7d90781bb16d5e9874303e2ca6"
    integrity sha512-0LrrStPOdJj+SPCCrGhzryycLjwcgUSHBtxNA8aIDxf0GLsRh1cKYhB00Gd1lDOS4yGH69+SNn13+TWbVHETFQ==
    dependencies:
      css-tree "~2.2.0"
  
  csstype@^2.6.8:
    version "2.6.21"
    resolved "https://registry.yarnpkg.com/csstype/-/csstype-2.6.21.tgz#2efb85b7cc55c80017c66a5ad7cbd931fda3a90e"
    integrity sha512-Z1PhmomIfypOpoMjRQB70jfvy/wxT50qW08YXO5lMIJkrdq4yOTR+AW7FqutScmB9NkLwxo+jU+kZLbofZZq/w==
  
  csv-parser@^3.0.0:
    version "3.0.0"
    resolved "https://registry.yarnpkg.com/csv-parser/-/csv-parser-3.0.0.tgz#b88a6256d79e090a97a1b56451f9327b01d710e7"
    integrity sha512-s6OYSXAK3IdKqYO33y09jhypG/bSDHPuyCme/IdEHfWpLf/jKcpitVFyOC6UemgGk8v7Q5u2XE0vvwmanxhGlQ==
    dependencies:
      minimist "^1.2.0"
  
  date-fns@2.24.0:
    version "2.24.0"
    resolved "https://registry.yarnpkg.com/date-fns/-/date-fns-2.24.0.tgz#7d86dc0d93c87b76b63d213b4413337cfd1c105d"
    integrity sha512-6ujwvwgPID6zbI0o7UbURi2vlLDR9uP26+tW6Lg+Ji3w7dd0i3DOcjcClLjLPranT60SSEFBwdSyYwn/ZkPIuw==
  
  date-fns@^2.22.1:
    version "2.29.3"
    resolved "https://registry.yarnpkg.com/date-fns/-/date-fns-2.29.3.tgz#27402d2fc67eb442b511b70bbdf98e6411cd68a8"
    integrity sha512-dDCnyH2WnnKusqvZZ6+jA1O51Ibt8ZMRNkDZdyAyK4YfbDwa/cEmuztzG5pk6hqlp9aSBPYcjOlktquahGwGeA==
  
  date-utils@*:
    version "1.2.21"
    resolved "https://registry.yarnpkg.com/date-utils/-/date-utils-1.2.21.tgz#61fb16cdc1274b3c9acaaffe9fc69df8720a2b64"
    integrity sha512-wJMBjqlwXR0Iv0wUo/lFbhSQ7MmG1hl36iuxuE91kW+5b5sWbase73manEqNH9sOLFAMG83B4ffNKq9/Iq0FVA==
  
  debug@2.6.9:
    version "2.6.9"
    resolved "https://registry.yarnpkg.com/debug/-/debug-2.6.9.tgz#5d128515df134ff327e90a4c93f4e077a536341f"
    integrity sha512-bC7ElrdJaJnPbAP+1EotYvqZsb3ecl5wi6Bfi6BJTUcNowp6cvspg0jXznRTKDjm/E7AdgFBVeAPVMNcKGsHMA==
    dependencies:
      ms "2.0.0"
  
  debug@4, debug@4.3.4, debug@^4.1.0, debug@^4.1.1, debug@^4.3.1, debug@^4.3.3, debug@^4.3.4, debug@~4.3.1, debug@~4.3.2:
    version "4.3.4"
    resolved "https://registry.yarnpkg.com/debug/-/debug-4.3.4.tgz#1319f6579357f2338d3337d2cdd4914bb5dcc865"
    integrity sha512-PRWFHuSU3eDtQJPvnNY7Jcket1j0t5OuOsFzPPzsekD52Zl8qUfFIPEiswXqIvHWGVHOgX+7G/vCNNhehwxfkQ==
    dependencies:
      ms "2.1.2"
  
  debuglog@^1.0.0:
    version "1.0.1"
    resolved "https://registry.yarnpkg.com/debuglog/-/debuglog-1.0.1.tgz#aa24ffb9ac3df9a2351837cfb2d279360cd78492"
    integrity sha512-syBZ+rnAK3EgMsH2aYEOLUW7mZSY9Gb+0wUMCFsZvcmiz+HigA0LOcq/HoQqVuGG+EKykunc7QG2bzrponfaSw==
  
  decode-uri-component@^0.2.2:
    version "0.2.2"
    resolved "https://registry.yarnpkg.com/decode-uri-component/-/decode-uri-component-0.2.2.tgz#e69dbe25d37941171dd540e024c444cd5188e1e9"
    integrity sha512-FqUYQ+8o158GyGTrMFJms9qh3CqTKvAqgqsTnkLI8sKu0028orqBhxNMFkFen0zGyg6epACD32pjVk58ngIErQ==
  
  decompress-response@^4.2.0:
    version "4.2.1"
    resolved "https://registry.yarnpkg.com/decompress-response/-/decompress-response-4.2.1.tgz#414023cc7a302da25ce2ec82d0d5238ccafd8986"
    integrity sha512-jOSne2qbyE+/r8G1VU+G/82LBs2Fs4LAsTiLSHOCOMZQl2OKZ6i8i4IyHemTe+/yIXOtTcRQMzPcgyhoFlqPkw==
    dependencies:
      mimic-response "^2.0.0"
  
  decompress-response@^6.0.0:
    version "6.0.0"
    resolved "https://registry.yarnpkg.com/decompress-response/-/decompress-response-6.0.0.tgz#ca387612ddb7e104bd16d85aab00d5ecf09c66fc"
    integrity sha512-aW35yZM6Bb/4oJlZncMH2LCoZtJXTRxES17vE3hoRiowU2kWHaJKFkSBDnDR+cm9J+9QhXmREyIfv0pji9ejCQ==
    dependencies:
      mimic-response "^3.1.0"
  
  deep-diff@^1.0.2:
    version "1.0.2"
    resolved "https://registry.yarnpkg.com/deep-diff/-/deep-diff-1.0.2.tgz#afd3d1f749115be965e89c63edc7abb1506b9c26"
    integrity sha512-aWS3UIVH+NPGCD1kki+DCU9Dua032iSsO43LqQpcs4R3+dVv7tX0qBGjiVHJHjplsoUM2XRO/KB92glqc68awg==
  
  deep-extend@^0.6.0:
    version "0.6.0"
    resolved "https://registry.yarnpkg.com/deep-extend/-/deep-extend-0.6.0.tgz#c4fa7c95404a17a9c3e8ca7e1537312b736330ac"
    integrity sha512-LOHxIOaPYdHlJRtCQfDIVZtfw/ufM8+rVj649RIHzcm/vGwQRXFt6OPqIFWsm2XEMrNIEtWR64sY1LEKD2vAOA==
  
  deep-map@^2.0.0:
    version "2.0.0"
    resolved "https://registry.yarnpkg.com/deep-map/-/deep-map-2.0.0.tgz#17bbc2f513ba658fdd5cd8fb2b8bd5b0afef5456"
    integrity sha512-guIurpeZi1wiclCEEHpJmFx7Tr4gkmSBNcUpY67maP4BJeEa1JPVf9KXURcCI/cAHsvGtqVwQKI/X39rY735Rg==
    dependencies:
      lodash "^4.17.11"
      tslib "^1.6.0"
  
  deepmerge@^4.2.2, deepmerge@~4.3.0:
    version "4.3.1"
    resolved "https://registry.yarnpkg.com/deepmerge/-/deepmerge-4.3.1.tgz#44b5f2147cd3b00d4b56137685966f26fd25dd4a"
    integrity sha512-3sUqbMEc77XqpdNO7FRyRog+eW3ph+GYCbj+rK+uYyRMuwsVy0rMiVtPn+QJlKFvWP/1PYpapqYn0Me2knFn+A==
  
  defaults@^1.0.3:
    version "1.0.4"
    resolved "https://registry.yarnpkg.com/defaults/-/defaults-1.0.4.tgz#b0b02062c1e2aa62ff5d9528f0f98baa90978d7a"
    integrity sha512-eFuaLoy/Rxalv2kr+lqMlUnrDWV+3j4pljOIJgLIhI058IQfWJ7vXhyEIHu+HtC738klGALYxOKDO0bQP3tg8A==
    dependencies:
      clone "^1.0.2"
  
  delayed-stream@~1.0.0:
    version "1.0.0"
    resolved "https://registry.yarnpkg.com/delayed-stream/-/delayed-stream-1.0.0.tgz#df3ae199acadfb7d440aaae0b29e2272b24ec619"
    integrity sha512-ZySD7Nf91aLB0RxL4KGrKHBXl7Eds1DAmEdcoVawXnLD7SDhpNgtuII2aAkg7a7QS41jxPSZ17p4VdGnMHk3MQ==
  
  delegates@^1.0.0:
    version "1.0.0"
    resolved "https://registry.yarnpkg.com/delegates/-/delegates-1.0.0.tgz#84c6e159b81904fdca59a0ef44cd870d31250f9a"
    integrity sha512-bd2L678uiWATM6m5Z1VzNCErI3jiGzt6HGY8OVICs40JQq/HALfbyNJmp0UDakEY4pMMaN0Ly5om/B1VI/+xfQ==
  
  denque@^1.1.0:
    version "1.5.1"
    resolved "https://registry.yarnpkg.com/denque/-/denque-1.5.1.tgz#07f670e29c9a78f8faecb2566a1e2c11929c5cbf"
    integrity sha512-XwE+iZ4D6ZUB7mfYRMb5wByE8L74HCn30FBN7sWnXksWc1LO1bPDl67pBR9o/kC4z/xSNAwkMYcGgqDV3BE3Hw==
  
  denque@^2.1.0:
    version "2.1.0"
    resolved "https://registry.yarnpkg.com/denque/-/denque-2.1.0.tgz#e93e1a6569fb5e66f16a3c2a2964617d349d6ab1"
    integrity sha512-HVQE3AAb/pxF8fQAoiqpvg9i3evqug3hoiwakOyZAwJm+6vZehbkYXZ0l4JxS+I3QxM97v5aaRNhj8v5oBhekw==
  
  depd@2.0.0, depd@^2.0.0:
    version "2.0.0"
    resolved "https://registry.yarnpkg.com/depd/-/depd-2.0.0.tgz#b696163cc757560d09cf22cc8fad1571b79e76df"
    integrity sha512-g7nH6P6dyDioJogAAGprGpCtVImJhpPk/roCzdb3fIh61/s/nPsfR6onyMwkCAR/OlC3yBC0lESvUoQEAssIrw==
  
  destroy@1.2.0, destroy@^1.0.4:
    version "1.2.0"
    resolved "https://registry.yarnpkg.com/destroy/-/destroy-1.2.0.tgz#4803735509ad8be552934c67df614f94e66fa015"
    integrity sha512-2sJGJTaXIIaR1w4iJSNoN0hnMY7Gpc/n8D4qSCJw8QqFWXf7cuAgnEHxBpweaVcPevC2l3KpjYCx3NypQQgaJg==
  
  detect-libc@^1.0.3:
    version "1.0.3"
    resolved "https://registry.yarnpkg.com/detect-libc/-/detect-libc-1.0.3.tgz#fa137c4bd698edf55cd5cd02ac559f91a4c4ba9b"
    integrity sha512-pGjwhsmsp4kL2RTz08wcOlGN83otlqHeD/Z5T8GXZB+/YcpQ/dgo+lbU8ZsGxV0HIvqqxo9l7mqYwyYMD9bKDg==
  
  detect-libc@^2.0.0, detect-libc@^2.0.1:
    version "2.0.1"
    resolved "https://registry.yarnpkg.com/detect-libc/-/detect-libc-2.0.1.tgz#e1897aa88fa6ad197862937fbc0441ef352ee0cd"
    integrity sha512-463v3ZeIrcWtdgIg6vI6XUncguvr2TnGl4SzDXinkt9mSLpBJKXT3mW6xT3VQdDN11+WVs29pgvivTc4Lp8v+w==
  
  dezalgo@^1.0.4:
    version "1.0.4"
    resolved "https://registry.yarnpkg.com/dezalgo/-/dezalgo-1.0.4.tgz#751235260469084c132157dfa857f386d4c33d81"
    integrity sha512-rXSP0bf+5n0Qonsb+SVVfNfIsimO4HEtmnIpPHY8Q1UCzKlQrDMfdobr8nJOOsRgWCyMRqeSBQzmWUMq7zvVig==
    dependencies:
      asap "^2.0.0"
      wrappy "1"
  
  dicer@0.3.0:
    version "0.3.0"
    resolved "https://registry.yarnpkg.com/dicer/-/dicer-0.3.0.tgz#eacd98b3bfbf92e8ab5c2fdb71aaac44bb06b872"
    integrity sha512-MdceRRWqltEG2dZqO769g27N/3PXfcKl04VhYnBlo2YhH7zPi88VebsjTKclaOyiuMaGU72hTfw3VkUitGcVCA==
    dependencies:
      streamsearch "0.1.2"
  
  diff@^5.0.0:
    version "5.1.0"
    resolved "https://registry.yarnpkg.com/diff/-/diff-5.1.0.tgz#bc52d298c5ea8df9194800224445ed43ffc87e40"
    integrity sha512-D+mk+qE8VC/PAUrlAU34N+VfXev0ghe5ywmpqrawphmVZc1bEfn56uo9qpyGp1p4xpzOHkSW4ztBd6L7Xx4ACw==
  
  dir-glob@^3.0.1:
    version "3.0.1"
    resolved "https://registry.yarnpkg.com/dir-glob/-/dir-glob-3.0.1.tgz#56dbf73d992a4a93ba1584f4534063fd2e41717f"
    integrity sha512-WkrWp9GR4KXfKGYzOLmTuGVi1UWFfws377n9cc55/tb6DuqyF6pcQ5AbiHEshaDpY9v6oaSr2XCDidGmMwdzIA==
    dependencies:
      path-type "^4.0.0"
  
  dom-serializer@^1.0.1:
    version "1.4.1"
    resolved "https://registry.yarnpkg.com/dom-serializer/-/dom-serializer-1.4.1.tgz#de5d41b1aea290215dc45a6dae8adcf1d32e2d30"
    integrity sha512-VHwB3KfrcOOkelEG2ZOfxqLZdfkil8PtJi4P8N2MMXucZq2yLp75ClViUlOVwyoHEDjYU433Aq+5zWP61+RGag==
    dependencies:
      domelementtype "^2.0.1"
      domhandler "^4.2.0"
      entities "^2.0.0"
  
  dom-serializer@^2.0.0:
    version "2.0.0"
    resolved "https://registry.yarnpkg.com/dom-serializer/-/dom-serializer-2.0.0.tgz#e41b802e1eedf9f6cae183ce5e622d789d7d8e53"
    integrity sha512-wIkAryiqt/nV5EQKqQpo3SToSOV9J0DnbJqwK7Wv/Trc92zIAYZ4FlMu+JPFW1DfGFt81ZTCGgDEabffXeLyJg==
    dependencies:
      domelementtype "^2.3.0"
      domhandler "^5.0.2"
      entities "^4.2.0"
  
  domelementtype@^2.0.1, domelementtype@^2.2.0, domelementtype@^2.3.0:
    version "2.3.0"
    resolved "https://registry.yarnpkg.com/domelementtype/-/domelementtype-2.3.0.tgz#5c45e8e869952626331d7aab326d01daf65d589d"
    integrity sha512-OLETBj6w0OsagBwdXnPdN0cnMfF9opN69co+7ZrbfPGrdpPVNBUj02spi6B1N7wChLQiPn4CSH/zJvXw56gmHw==
  
  domhandler@^4.2.0, domhandler@^4.3.1:
    version "4.3.1"
    resolved "https://registry.yarnpkg.com/domhandler/-/domhandler-4.3.1.tgz#8d792033416f59d68bc03a5aa7b018c1ca89279c"
    integrity sha512-GrwoxYN+uWlzO8uhUXRl0P+kHE4GtVPfYzVLcUxPL7KNdHKj66vvlhiweIHqYYXWlw+T8iLMp42Lm67ghw4WMQ==
    dependencies:
      domelementtype "^2.2.0"
  
  domhandler@^5.0.1, domhandler@^5.0.2, domhandler@^5.0.3:
    version "5.0.3"
    resolved "https://registry.yarnpkg.com/domhandler/-/domhandler-5.0.3.tgz#cc385f7f751f1d1fc650c21374804254538c7d31"
    integrity sha512-cgwlv/1iFQiFnU96XXgROh8xTeetsnJiDsTc7TYCLFd9+/WNkIqPTxiM/8pSd8VIrhXGTf1Ny1q1hquVqDJB5w==
    dependencies:
      domelementtype "^2.3.0"
  
  domutils@^2.8.0:
    version "2.8.0"
    resolved "https://registry.yarnpkg.com/domutils/-/domutils-2.8.0.tgz#4437def5db6e2d1f5d6ee859bd95ca7d02048135"
    integrity sha512-w96Cjofp72M5IIhpjgobBimYEfoPjx1Vx0BSX9P30WBdZW2WIKU0T1Bd0kz2eNZ9ikjKgHbEyKx8BB6H1L3h3A==
    dependencies:
      dom-serializer "^1.0.1"
      domelementtype "^2.2.0"
      domhandler "^4.2.0"
  
  domutils@^3.0.1:
    version "3.0.1"
    resolved "https://registry.yarnpkg.com/domutils/-/domutils-3.0.1.tgz#696b3875238338cb186b6c0612bd4901c89a4f1c"
    integrity sha512-z08c1l761iKhDFtfXO04C7kTdPBLi41zwOZl00WS8b5eiaebNpY00HKbztwBq+e3vyqWNwWF3mP9YLUeqIrF+Q==
    dependencies:
      dom-serializer "^2.0.0"
      domelementtype "^2.3.0"
      domhandler "^5.0.1"
  
  dot-prop@^5.2.0:
    version "5.3.0"
    resolved "https://registry.yarnpkg.com/dot-prop/-/dot-prop-5.3.0.tgz#90ccce708cd9cd82cc4dc8c3ddd9abdd55b20e88"
    integrity sha512-QM8q3zDe58hqUqjraQOmzZ1LIH9SWQJTlEKCH4kJ2oQvLZk7RbQXvtDM2XEq3fwkV9CCvvH4LA0AV+ogFsBM2Q==
    dependencies:
      is-obj "^2.0.0"
  
  dotenv@^10.0.0:
    version "10.0.0"
    resolved "https://registry.yarnpkg.com/dotenv/-/dotenv-10.0.0.tgz#3d4227b8fb95f81096cdd2b66653fb2c7085ba81"
    integrity sha512-rlBi9d8jpv9Sf1klPjNfFAuWDjKLwTIJJ/VxtoTwIR6hnZxcEOQCZg2oIL3MWBYw5GpUDKOEnND7LXTbIpQ03Q==
  
  duplexify@^4.0.0, duplexify@^4.1.1:
    version "4.1.2"
    resolved "https://registry.yarnpkg.com/duplexify/-/duplexify-4.1.2.tgz#18b4f8d28289132fa0b9573c898d9f903f81c7b0"
    integrity sha512-fz3OjcNCHmRP12MJoZMPglx8m4rrFP8rovnk4vT8Fs+aonZoCwGg10dSsQsfP/E62eZcPTMSMP6686fu9Qlqtw==
    dependencies:
      end-of-stream "^1.4.1"
      inherits "^2.0.3"
      readable-stream "^3.1.1"
      stream-shift "^1.0.0"
  
  ecdsa-sig-formatter@1.0.11, ecdsa-sig-formatter@^1.0.11:
    version "1.0.11"
    resolved "https://registry.yarnpkg.com/ecdsa-sig-formatter/-/ecdsa-sig-formatter-1.0.11.tgz#ae0f0fa2d85045ef14a817daa3ce9acd0489e5bf"
    integrity sha512-nagl3RYrbNv6kQkeJIpt6NJZy8twLB/2vtz6yN9Z4vRKHN4/QZJIEbqohALSgwKdnksuY3k5Addp5lg8sVoVcQ==
    dependencies:
      safe-buffer "^5.0.1"
  
  editions@^1.3.3:
    version "1.3.4"
    resolved "https://registry.yarnpkg.com/editions/-/editions-1.3.4.tgz#3662cb592347c3168eb8e498a0ff73271d67f50b"
    integrity sha512-gzao+mxnYDzIysXKMQi/+M1mjy/rjestjg6OPoYTtI+3Izp23oiGZitsl9lPDPiTGXbcSIk1iJWhliSaglxnUg==
  
  ee-first@1.1.1:
    version "1.1.1"
    resolved "https://registry.yarnpkg.com/ee-first/-/ee-first-1.1.1.tgz#590c61156b0ae2f4f0255732a158b266bc56b21d"
    integrity sha512-WMwm9LhRUo+WUaRN+vRuETqG89IgZphVSNkdFgeb6sS/E4OrDIN7t48CAewSHXc6C8lefD8KKfr5vY61brQlow==
  
  electron-to-chromium@^1.4.284:
    version "1.4.361"
    resolved "https://registry.yarnpkg.com/electron-to-chromium/-/electron-to-chromium-1.4.361.tgz#010ddd5e623470ab9d1bf776b009d11c3669a4e3"
    integrity sha512-VocVwjPp05HUXzf3xmL0boRn5b0iyqC7amtDww84Jb1QJNPBc7F69gJyEeXRoriLBC4a5pSyckdllrXAg4mmRA==
  
  emoji-regex@^8.0.0:
    version "8.0.0"
    resolved "https://registry.yarnpkg.com/emoji-regex/-/emoji-regex-8.0.0.tgz#e818fd69ce5ccfcb404594f842963bf53164cc37"
    integrity sha512-MSjYzcWNOA0ewAHpz0MxpYFvwg6yjy1NG3xteoqz644VCo/RPgnr1/GGt+ic3iJTzQ8Eu3TdM14SawnVUmGE6A==
  
  encodeurl@~1.0.2:
    version "1.0.2"
    resolved "https://registry.yarnpkg.com/encodeurl/-/encodeurl-1.0.2.tgz#ad3ff4c86ec2d029322f5a02c3a9a606c95b3f59"
    integrity sha512-TPJXq8JqFaVYm2CWmPvnP2Iyo4ZSM7/QKcSmuMLDObfpH5fi7RUGmd/rTDf+rut/saiDiQEeVTNgAmJEdAOx0w==
  
  encoding@^0.1.12:
    version "0.1.13"
    resolved "https://registry.yarnpkg.com/encoding/-/encoding-0.1.13.tgz#56574afdd791f54a8e9b2785c0582a2d26210fa9"
    integrity sha512-ETBauow1T35Y/WZMkio9jiM0Z5xjHHmJ4XmjZOq1l/dXz3lr2sRn87nJy20RupqSh1F2m3HHPSp8ShIPQJrJ3A==
    dependencies:
      iconv-lite "^0.6.2"
  
  end-of-stream@^1.1.0, end-of-stream@^1.4.1:
    version "1.4.4"
    resolved "https://registry.yarnpkg.com/end-of-stream/-/end-of-stream-1.4.4.tgz#5ae64a5f45057baf3626ec14da0ca5e4b2431eb0"
    integrity sha512-+uw1inIHVPQoaVuHzRyXd21icM+cnt4CzD5rW+NC1wjOUSTOs+Te7FOv7AhN7vS9x/oIyhLP5PR1H+phQAHu5Q==
    dependencies:
      once "^1.4.0"
  
  engine.io-parser@~5.0.3:
    version "5.0.6"
    resolved "https://registry.yarnpkg.com/engine.io-parser/-/engine.io-parser-5.0.6.tgz#7811244af173e157295dec9b2718dfe42a64ef45"
    integrity sha512-tjuoZDMAdEhVnSFleYPCtdL2GXwVTGtNjoeJd9IhIG3C1xs9uwxqRNEu5WpnDZCaozwVlK/nuQhpodhXSIMaxw==
  
  engine.io@~6.4.1:
    version "6.4.1"
    resolved "https://registry.yarnpkg.com/engine.io/-/engine.io-6.4.1.tgz#8056b4526a88e779f9c280d820422d4e3eeaaae5"
    integrity sha512-JFYQurD/nbsA5BSPmbaOSLa3tSVj8L6o4srSwXXY3NqE+gGUNmmPTbhn8tjzcCtSqhFgIeqef81ngny8JM25hw==
    dependencies:
      "@types/cookie" "^0.4.1"
      "@types/cors" "^2.8.12"
      "@types/node" ">=10.0.0"
      accepts "~1.3.4"
      base64id "2.0.0"
      cookie "~0.4.1"
      cors "~2.8.5"
      debug "~4.3.1"
      engine.io-parser "~5.0.3"
      ws "~8.11.0"
  
  ent@^2.2.0:
    version "2.2.0"
    resolved "https://registry.yarnpkg.com/ent/-/ent-2.2.0.tgz#e964219325a21d05f44466a2f686ed6ce5f5dd1d"
    integrity sha512-GHrMyVZQWvTIdDtpiEXdHZnFQKzeO09apj8Cbl4pKWy4i0Oprcq17usfDt5aO63swf0JOeMWjWQE/LzgSRuWpA==
  
  entities@^2.0.0:
    version "2.2.0"
    resolved "https://registry.yarnpkg.com/entities/-/entities-2.2.0.tgz#098dc90ebb83d8dffa089d55256b351d34c4da55"
    integrity sha512-p92if5Nz619I0w+akJrLZH0MX0Pb5DX39XOwQTtXSdQQOaYH03S1uIQp4mhOZtAXrxq4ViO67YTiLBo2638o9A==
  
  entities@^4.2.0, entities@^4.4.0:
    version "4.4.0"
    resolved "https://registry.yarnpkg.com/entities/-/entities-4.4.0.tgz#97bdaba170339446495e653cfd2db78962900174"
    integrity sha512-oYp7156SP8LkeGD0GF85ad1X9Ai79WtRsZ2gxJqtBuzH+98YUV6jkHEKlZkMbcrjJjIVJNIDP/3WL9wQkoPbWA==
  
  env-paths@^2.2.0:
    version "2.2.1"
    resolved "https://registry.yarnpkg.com/env-paths/-/env-paths-2.2.1.tgz#420399d416ce1fbe9bc0a07c62fa68d67fd0f8f2"
    integrity sha512-+h1lkLKhZMTYjog1VEpJNG7NZJWcuc2DDk/qsqSTRRCOXiLjeQ1d1/udrUGhqMxUgAlwKNZ0cf2uqan5GLuS2A==
  
  err-code@^2.0.2:
    version "2.0.3"
    resolved "https://registry.yarnpkg.com/err-code/-/err-code-2.0.3.tgz#23c2f3b756ffdfc608d30e27c9a941024807e7f9"
    integrity sha512-2bmlRpNKBxT/CRmPOlyISQpNj+qSeYvcym/uT0Jx2bMOlKLtSy1ZmLuVxSEKKyor/N5yhvp/ZiG1oE3DEYMSFA==
  
  error-ex@^1.3.1:
    version "1.3.2"
    resolved "https://registry.yarnpkg.com/error-ex/-/error-ex-1.3.2.tgz#b4ac40648107fdcdcfae242f428bea8a14d4f1bf"
    integrity sha512-7dFHNmqeFSEt2ZBsCriorKnn3Z2pj+fd9kmI6QoWw4//DL+icEBfc0U7qJCisqrTsKTjw4fNFy2pW9OqStD84g==
    dependencies:
      is-arrayish "^0.2.1"
  
  escalade@^3.1.1:
    version "3.1.1"
    resolved "https://registry.yarnpkg.com/escalade/-/escalade-3.1.1.tgz#d8cfdc7000965c5a0174b4a82eaa5c0552742e40"
    integrity sha512-k0er2gUkLf8O0zKJiAhmkTnJlTvINGv7ygDNPbeIsX/TJjGJZHuh9B2UxbsaEkmlEo9MfhrSzmhIlhRlI2GXnw==
  
  escape-html@~1.0.3:
    version "1.0.3"
    resolved "https://registry.yarnpkg.com/escape-html/-/escape-html-1.0.3.tgz#0258eae4d3d0c0974de1c169188ef0051d1d1988"
    integrity sha512-NiSupZ4OeuGwr68lGIeym/ksIZMJodUGOSCZ/FSnTxcrekbvqrgdUxlJOMpijaKZVjAJrWrGs/6Jy8OMuyj9ow==
  
  escape-string-regexp@^1.0.5:
    version "1.0.5"
    resolved "https://registry.yarnpkg.com/escape-string-regexp/-/escape-string-regexp-1.0.5.tgz#1b61c0562190a8dff6ae3bb2cf0200ca130b86d4"
    integrity sha512-vbRorB5FUQWvla16U8R/qgaFIya2qGzwDrNmCZuYKrbdSUMG6I1ZCGQRefkRVhuOkIGVne7BQ35DSfo1qvJqFg==
  
  escape-string-regexp@^4.0.0:
    version "4.0.0"
    resolved "https://registry.yarnpkg.com/escape-string-regexp/-/escape-string-regexp-4.0.0.tgz#14ba83a5d373e3d311e5afca29cf5bfad965bf34"
    integrity sha512-TtpcNJ3XAzx3Gq8sWRzJaVajRs0uVxA2YAkdb1jm2YkPz4G6egUFAyA3n5vtEIZefPk5Wa4UXbKuS5fKkJWdgA==
  
  esm@^3.2.25:
    version "3.2.25"
    resolved "https://registry.yarnpkg.com/esm/-/esm-3.2.25.tgz#342c18c29d56157688ba5ce31f8431fbb795cc10"
    integrity sha512-U1suiZ2oDVWv4zPO56S0NcR5QriEahGtdN2OR6FiOG4WJvcjBVFB0qI4+eKoWFH483PKGuLuu6V8Z4T5g63UVA==
  
  estree-walker@^0.6.1:
    version "0.6.1"
    resolved "https://registry.yarnpkg.com/estree-walker/-/estree-walker-0.6.1.tgz#53049143f40c6eb918b23671d1fe3219f3a1b362"
    integrity sha512-SqmZANLWS0mnatqbSfRP5g8OXZC12Fgg1IwNtLsyHDzJizORW4khDfjPqJZsemPWBB2uqykUah5YpQ6epsqC/w==
  
  estree-walker@^1.0.1:
    version "1.0.1"
    resolved "https://registry.yarnpkg.com/estree-walker/-/estree-walker-1.0.1.tgz#31bc5d612c96b704106b477e6dd5d8aa138cb700"
    integrity sha512-1fMXF3YP4pZZVozF8j/ZLfvnR8NSIljt56UhbZ5PeeDmmGHpgpdwQt7ITlGvYaQukCvuBRMLEiKiYC+oeIg4cg==
  
  estree-walker@^2.0.1, estree-walker@^2.0.2:
    version "2.0.2"
    resolved "https://registry.yarnpkg.com/estree-walker/-/estree-walker-2.0.2.tgz#52f010178c2a4c117a7757cfe942adb7d2da4cac"
    integrity sha512-Rfkk/Mp/DL7JVje3u18FxFujQlTNR2q6QfMSMB7AvCBx91NGj/ba3kCfza0f6dVDbw7YlRf/nDrn7pQrCCyQ/w==
  
  etag@~1.8.1:
    version "1.8.1"
    resolved "https://registry.yarnpkg.com/etag/-/etag-1.8.1.tgz#41ae2eeb65efa62268aebfea83ac7d79299b0887"
    integrity sha512-aIL5Fx7mawVa300al2BnEE4iNvo1qETxLrPI/o05L7z6go7fCw1J6EQmbK4FmJ2AS7kgVF/KEZWufBfdClMcPg==
  
  event-target-shim@^5.0.0:
    version "5.0.1"
    resolved "https://registry.yarnpkg.com/event-target-shim/-/event-target-shim-5.0.1.tgz#5d4d3ebdf9583d63a5333ce2deb7480ab2b05789"
    integrity sha512-i/2XbnSz/uxRCU6+NdVJgKWDTM427+MqYbkQzD321DuCQJUqOuJKIA0IM2+W2xtYHdKOmZ4dR6fExsd4SXL+WQ==
  
  eventemitter2@^6.4.3:
    version "6.4.9"
    resolved "https://registry.yarnpkg.com/eventemitter2/-/eventemitter2-6.4.9.tgz#41f2750781b4230ed58827bc119d293471ecb125"
    integrity sha512-JEPTiaOt9f04oa6NOkc4aH+nVp5I3wEjpHbIPqfgCdD5v5bUzy7xQqwcVO2aDQgOWhI28da57HksMrzK9HlRxg==
  
  eventemitter3@^4.0.4:
    version "4.0.7"
    resolved "https://registry.yarnpkg.com/eventemitter3/-/eventemitter3-4.0.7.tgz#2de9b68f6528d5644ef5c59526a1b4a07306169f"
    integrity sha512-8guHBZCwKnFhYdHr2ysuRWErTwhoN2X8XELRlrRwpmfeY2jjuUN4taQMsULKUVo1K4DvZl+0pgfyoysHxvmvEw==
  
  events@1.1.1:
    version "1.1.1"
    resolved "https://registry.yarnpkg.com/events/-/events-1.1.1.tgz#9ebdb7635ad099c70dcc4c2a1f5004288e8bd924"
    integrity sha512-kEcvvCBByWXGnZy6JUlgAp2gBIUjfCAV6P6TgT1/aaQKcmuAEC4OZTV1I4EWQLz2gxZw76atuVyvHhTxvi0Flw==
  
  events@^3.0.0:
    version "3.3.0"
    resolved "https://registry.yarnpkg.com/events/-/events-3.3.0.tgz#31a95ad0a924e2d2c419a813aeb2c4e878ea7400"
    integrity sha512-mQw+2fkQbALzQ7V0MY0IqdnXNOeTtP4r0lN9z7AAawCXgqea7bDii20AYrIBrFd/Hx0M2Ocz6S111CaFkUcb0Q==
  
  execa@^5.1.1:
    version "5.1.1"
    resolved "https://registry.yarnpkg.com/execa/-/execa-5.1.1.tgz#f80ad9cbf4298f7bd1d4c9555c21e93741c411dd"
    integrity sha512-8uSpZZocAZRBAPIEINJj3Lo9HyGitllczc27Eh5YYojjMFMn8yHMDMaUHE2Jqfq05D/wucwI4JGURyXt1vchyg==
    dependencies:
      cross-spawn "^7.0.3"
      get-stream "^6.0.0"
      human-signals "^2.1.0"
      is-stream "^2.0.0"
      merge-stream "^2.0.0"
      npm-run-path "^4.0.1"
      onetime "^5.1.2"
      signal-exit "^3.0.3"
      strip-final-newline "^2.0.0"
  
  exifr@^7.1.2:
    version "7.1.3"
    resolved "https://registry.yarnpkg.com/exifr/-/exifr-7.1.3.tgz#f6218012c36dbb7d843222011b27f065fddbab6f"
    integrity sha512-g/aje2noHivrRSLbAUtBPWFbxKdKhgj/xr1vATDdUXPOFYJlQ62Ft0oy+72V6XLIpDJfHs6gXLbBLAolqOXYRw==
  
  expand-template@^2.0.3:
    version "2.0.3"
    resolved "https://registry.yarnpkg.com/expand-template/-/expand-template-2.0.3.tgz#6e14b3fcee0f3a6340ecb57d2e8918692052a47c"
    integrity sha512-XYfuKMvj4O35f/pOXLObndIRvyQ+/+6AhODh+OKWj9S9498pHHn/IMszH+gt0fBCRWMNfk1ZSp5x3AifmnI2vg==
  
  express@^4.17.1:
    version "4.18.2"
    resolved "https://registry.yarnpkg.com/express/-/express-4.18.2.tgz#3fabe08296e930c796c19e3c516979386ba9fd59"
    integrity sha512-5/PsL6iGPdfQ/lKM1UuielYgv3BUoJfz1aUwU9vHZ+J7gyvwdQXFEBIEIaxeGf0GIcreATNyBExtalisDbuMqQ==
    dependencies:
      accepts "~1.3.8"
      array-flatten "1.1.1"
      body-parser "1.20.1"
      content-disposition "0.5.4"
      content-type "~1.0.4"
      cookie "0.5.0"
      cookie-signature "1.0.6"
      debug "2.6.9"
      depd "2.0.0"
      encodeurl "~1.0.2"
      escape-html "~1.0.3"
      etag "~1.8.1"
      finalhandler "1.2.0"
      fresh "0.5.2"
      http-errors "2.0.0"
      merge-descriptors "1.0.1"
      methods "~1.1.2"
      on-finished "2.4.1"
      parseurl "~1.3.3"
      path-to-regexp "0.1.7"
      proxy-addr "~2.0.7"
      qs "6.11.0"
      range-parser "~1.2.1"
      safe-buffer "5.2.1"
      send "0.18.0"
      serve-static "1.15.0"
      setprototypeof "1.2.0"
      statuses "2.0.1"
      type-is "~1.6.18"
      utils-merge "1.0.1"
      vary "~1.1.2"
  
  extend@^3.0.2:
    version "3.0.2"
    resolved "https://registry.yarnpkg.com/extend/-/extend-3.0.2.tgz#f8b1136b4071fbd8eb140aff858b1019ec2915fa"
    integrity sha512-fjquC59cD7CyW6urNXK0FBufkZcoiGG80wTuPujX590cB5Ttln20E2UB4S/WARVqhXffZl2LNgS+gQdPIIim/g==
  
  external-editor@^3.0.3:
    version "3.1.0"
    resolved "https://registry.yarnpkg.com/external-editor/-/external-editor-3.1.0.tgz#cb03f740befae03ea4d283caed2741a83f335495"
    integrity sha512-hMQ4CX1p1izmuLYyZqLMO/qGNw10wSv9QDCPfzXfyFrOaCSSoRfqE1Kf1s5an66J5JZC62NewG+mK49jOCtQew==
    dependencies:
      chardet "^0.7.0"
      iconv-lite "^0.4.24"
      tmp "^0.0.33"
  
  extsprintf@^1.2.0:
    version "1.4.1"
    resolved "https://registry.yarnpkg.com/extsprintf/-/extsprintf-1.4.1.tgz#8d172c064867f235c0c84a596806d279bf4bcc07"
    integrity sha512-Wrk35e8ydCKDj/ArClo1VrPVmN8zph5V4AtHwIuHhvMXsKf73UT3BOD+azBIW+3wOJ4FhEH7zyaJCFvChjYvMA==
  
  fast-glob@^3.2.9:
    version "3.2.12"
    resolved "https://registry.yarnpkg.com/fast-glob/-/fast-glob-3.2.12.tgz#7f39ec99c2e6ab030337142da9e0c18f37afae80"
    integrity sha512-DVj4CQIYYow0BlaelwK1pHl5n5cRSJfM60UA0zK891sVInoPri2Ekj7+e1CT3/3qxXenpI+nBBmQAcJPJgaj4w==
    dependencies:
      "@nodelib/fs.stat" "^2.0.2"
      "@nodelib/fs.walk" "^1.2.3"
      glob-parent "^5.1.2"
      merge2 "^1.3.0"
      micromatch "^4.0.4"
  
  fast-json-parse@^1.0.2:
    version "1.0.3"
    resolved "https://registry.yarnpkg.com/fast-json-parse/-/fast-json-parse-1.0.3.tgz#43e5c61ee4efa9265633046b770fb682a7577c4d"
    integrity sha512-FRWsaZRWEJ1ESVNbDWmsAlqDk96gPQezzLghafp5J4GUKjbCz3OkAHuZs5TuPEtkbVQERysLp9xv6c24fBm8Aw==
  
  fast-json-patch@^3.0.0-1:
    version "3.1.1"
    resolved "https://registry.yarnpkg.com/fast-json-patch/-/fast-json-patch-3.1.1.tgz#85064ea1b1ebf97a3f7ad01e23f9337e72c66947"
    integrity sha512-vf6IHUX2SBcA+5/+4883dsIjpBTqmfBjmYiWK1savxQmFk4JfBMLa7ynTYOs1Rolp/T1betJxHiGD3g1Mn8lUQ==
  
  fast-redact@^3.0.0, fast-redact@^3.1.1:
    version "3.1.2"
    resolved "https://registry.yarnpkg.com/fast-redact/-/fast-redact-3.1.2.tgz#d58e69e9084ce9fa4c1a6fa98a3e1ecf5d7839aa"
    integrity sha512-+0em+Iya9fKGfEQGcd62Yv6onjBmmhV1uh86XVfOU8VwAe6kaFdQCWI9s0/Nnugx5Vd9tdbZ7e6gE2tR9dzXdw==
  
  fast-safe-stringify@^2.0.8, fast-safe-stringify@^2.1.1:
    version "2.1.1"
    resolved "https://registry.yarnpkg.com/fast-safe-stringify/-/fast-safe-stringify-2.1.1.tgz#c406a83b6e70d9e35ce3b30a81141df30aeba884"
    integrity sha512-W+KJc2dmILlPplD/H4K9l9LcAHAfPtP6BY84uVLXQ6Evcz9Lcg33Y2z1IVblT6xdY54PXYVHEv+0Wpq8Io6zkA==
  
  fast-text-encoding@^1.0.0:
    version "1.0.6"
    resolved "https://registry.yarnpkg.com/fast-text-encoding/-/fast-text-encoding-1.0.6.tgz#0aa25f7f638222e3396d72bf936afcf1d42d6867"
    integrity sha512-VhXlQgj9ioXCqGstD37E/HBeqEGV/qOD/kmbVG8h5xKBYvM1L3lR1Zn4555cQ8GkYbJa8aJSipLPndE1k6zK2w==
  
  fast-url-parser@^1.1.3:
    version "1.1.3"
    resolved "https://registry.yarnpkg.com/fast-url-parser/-/fast-url-parser-1.1.3.tgz#f4af3ea9f34d8a271cf58ad2b3759f431f0b318d"
    integrity sha512-5jOCVXADYNuRkKFzNJ0dCCewsZiYo0dz8QNYljkOpFC6r2U4OBmKtvm/Tsuh4w1YYdDqDb31a8TVhBJ2OJKdqQ==
    dependencies:
      punycode "^1.3.2"
  
  fast-xml-parser@4.1.2:
    version "4.1.2"
    resolved "https://registry.yarnpkg.com/fast-xml-parser/-/fast-xml-parser-4.1.2.tgz#5a98c18238d28a57bbdfa9fe4cda01211fff8f4a"
    integrity sha512-CDYeykkle1LiA/uqQyNwYpFbyF6Axec6YapmpUP+/RHWIoR1zKjocdvNaTsxCxZzQ6v9MLXaSYm9Qq0thv0DHg==
    dependencies:
      strnum "^1.0.5"
  
  fastify-warning@^0.2.0:
    version "0.2.0"
    resolved "https://registry.yarnpkg.com/fastify-warning/-/fastify-warning-0.2.0.tgz#e717776026a4493dc9a2befa44db6d17f618008f"
    integrity sha512-s1EQguBw/9qtc1p/WTY4eq9WMRIACkj+HTcOIK1in4MV5aFaQC9ZCIt0dJ7pr5bIf4lPpHvAtP2ywpTNgs7hqw==
  
  fastq@^1.6.0:
    version "1.15.0"
    resolved "https://registry.yarnpkg.com/fastq/-/fastq-1.15.0.tgz#d04d07c6a2a68fe4599fea8d2e103a937fae6b3a"
    integrity sha512-wBrocU2LCXXa+lWBt8RoIRD89Fi8OdABODa/kEnyeyjS5aZO5/GNvI5sEINADqP/h8M29UHTHUb53sUu5Ihqdw==
    dependencies:
      reusify "^1.0.4"
  
  figures@^3.0.0:
    version "3.2.0"
    resolved "https://registry.yarnpkg.com/figures/-/figures-3.2.0.tgz#625c18bd293c604dc4a8ddb2febf0c88341746af"
    integrity sha512-yaduQFRKLXYOGgEn6AZau90j3ggSOyiqXU0F9JZfeXYhNa+Jk4X+s45A2zg5jns87GAFa34BBm2kXw4XpNcbdg==
    dependencies:
      escape-string-regexp "^1.0.5"
  
  file-type@^16.0.1:
    version "16.5.4"
    resolved "https://registry.yarnpkg.com/file-type/-/file-type-16.5.4.tgz#474fb4f704bee427681f98dd390058a172a6c2fd"
    integrity sha512-/yFHK0aGjFEgDJjEKP0pWCplsPFPhwyfwevf/pVxiN0tmE4L9LmwWxWukdJSHdoCli4VgQLehjJtwQBnqmsKcw==
    dependencies:
      readable-web-to-node-stream "^3.0.0"
      strtok3 "^6.2.4"
      token-types "^4.1.1"
  
  fill-range@^7.0.1:
    version "7.0.1"
    resolved "https://registry.yarnpkg.com/fill-range/-/fill-range-7.0.1.tgz#1919a6a7c75fe38b2c7c77e5198535da9acdda40"
    integrity sha512-qOo9F+dMUmC2Lcb4BbVvnKJxTPjCm+RRpe4gDuGrzkL7mEVl/djYSu2OdQ2Pa302N4oqkSg9ir6jaLWJ2USVpQ==
    dependencies:
      to-regex-range "^5.0.1"
  
  filter-obj@^1.1.0:
    version "1.1.0"
    resolved "https://registry.yarnpkg.com/filter-obj/-/filter-obj-1.1.0.tgz#9b311112bc6c6127a16e016c6c5d7f19e0805c5b"
    integrity sha512-8rXg1ZnX7xzy2NGDVkBVaAy+lSlPNwad13BtgSlLuxfIslyt5Vg64U7tFcCt4WS1R0hvtnQybT/IyCkGZ3DpXQ==
  
  finalhandler@1.2.0:
    version "1.2.0"
    resolved "https://registry.yarnpkg.com/finalhandler/-/finalhandler-1.2.0.tgz#7d23fe5731b207b4640e4fcd00aec1f9207a7b32"
    integrity sha512-5uXcUVftlQMFnWC9qu/svkWv3GTd2PfUhK/3PLkYNAe7FbqJMt3515HaxE6eRL74GdsriiwujiawdaB1BpEISg==
    dependencies:
      debug "2.6.9"
      encodeurl "~1.0.2"
      escape-html "~1.0.3"
      on-finished "2.4.1"
      parseurl "~1.3.3"
      statuses "2.0.1"
      unpipe "~1.0.0"
  
  find-cache-dir@^3.3.2:
    version "3.3.2"
    resolved "https://registry.yarnpkg.com/find-cache-dir/-/find-cache-dir-3.3.2.tgz#b30c5b6eff0730731aea9bbd9dbecbd80256d64b"
    integrity sha512-wXZV5emFEjrridIgED11OoUKLxiYjAcqot/NJdAkOhlJ+vGzwhOAfcG5OX1jP+S0PcjEn8bdMJv+g2jwQ3Onig==
    dependencies:
      commondir "^1.0.1"
      make-dir "^3.0.2"
      pkg-dir "^4.1.0"
  
  find-replace@^3.0.0:
    version "3.0.0"
    resolved "https://registry.yarnpkg.com/find-replace/-/find-replace-3.0.0.tgz#3e7e23d3b05167a76f770c9fbd5258b0def68c38"
    integrity sha512-6Tb2myMioCAgv5kfvP5/PkZZ/ntTpVK39fHY7WkWBgvbeE+VHd/tZuZ4mrC+bxh4cfOZeYKVPaJIZtZXV7GNCQ==
    dependencies:
      array-back "^3.0.1"
  
  find-up@^4.0.0:
    version "4.1.0"
    resolved "https://registry.yarnpkg.com/find-up/-/find-up-4.1.0.tgz#97afe7d6cdc0bc5928584b7c8d7b16e8a9aa5d19"
    integrity sha512-PpOwAdQ/YlXQ2vj8a3h8IipDuYRi3wceVQQGYWxNINccq40Anw7BlsEXCMbt1Zt+OLA6Fq9suIpIWD0OsnISlw==
    dependencies:
      locate-path "^5.0.0"
      path-exists "^4.0.0"
  
  find-up@^5.0.0:
    version "5.0.0"
    resolved "https://registry.yarnpkg.com/find-up/-/find-up-5.0.0.tgz#4c92819ecb7083561e4f4a240a86be5198f536fc"
    integrity sha512-78/PXT1wlLLDgTzDs7sjq9hzz0vXD+zn+7wypEe4fXQxCmdmqfGsEPQxmiCSQI3ajFV91bVSsvNtrJRiW6nGng==
    dependencies:
      locate-path "^6.0.0"
      path-exists "^4.0.0"
  
  first-chunk-stream@^3.0.0:
    version "3.0.0"
    resolved "https://registry.yarnpkg.com/first-chunk-stream/-/first-chunk-stream-3.0.0.tgz#06972a66263505ed82b2c4db93c1b5e078a6576a"
    integrity sha512-LNRvR4hr/S8cXXkIY5pTgVP7L3tq6LlYWcg9nWBuW7o1NMxKZo6oOVa/6GIekMGI0Iw7uC+HWimMe9u/VAeKqw==
  
  flat@^5.0.2:
    version "5.0.2"
    resolved "https://registry.yarnpkg.com/flat/-/flat-5.0.2.tgz#8ca6fe332069ffa9d324c327198c598259ceb241"
    integrity sha512-b6suED+5/3rTpUBdG1gupIl8MPFCAMA0QXwmljLhvCUKcUvdE4gWky9zpuGCcXHOsz4J9wPGNWq6OKpmIzz3hQ==
  
  flatstr@^1.0.12:
    version "1.0.12"
    resolved "https://registry.yarnpkg.com/flatstr/-/flatstr-1.0.12.tgz#c2ba6a08173edbb6c9640e3055b95e287ceb5931"
    integrity sha512-4zPxDyhCyiN2wIAtSLI6gc82/EjqZc1onI4Mz/l0pWrAlsSfYH/2ZIcU+e3oA2wDwbzIWNKwa23F8rh6+DRWkw==
  
  follow-redirects@^1.14.0, follow-redirects@^1.14.4, follow-redirects@^1.14.7, follow-redirects@^1.15.0:
    version "1.15.2"
    resolved "https://registry.yarnpkg.com/follow-redirects/-/follow-redirects-1.15.2.tgz#b460864144ba63f2681096f274c4e57026da2c13"
    integrity sha512-VQLG33o04KaQ8uYi2tVNbdrWp1QWxNNea+nmIB4EVM28v0hmP17z7aG1+wAkNzVq4KeXTq3221ye5qTJP91JwA==
  
  for-each@^0.3.3:
    version "0.3.3"
    resolved "https://registry.yarnpkg.com/for-each/-/for-each-0.3.3.tgz#69b447e88a0a5d32c3e7084f3f1710034b21376e"
    integrity sha512-jqYfLp7mo9vIyQf8ykW2v7A+2N4QjeCeI5+Dz9XraiO1ign81wjiH7Fb9vSOWvQfNtmSa4H2RoQTrrXivdUZmw==
    dependencies:
      is-callable "^1.1.3"
  
  form-data-encoder@^1.4.3:
    version "1.9.0"
    resolved "https://registry.yarnpkg.com/form-data-encoder/-/form-data-encoder-1.9.0.tgz#fd18d316b1ec830d2a8be8ad86c1cf0317320b34"
    integrity sha512-rahaRMkN8P8d/tgK/BLPX+WBVM27NbvdXBxqQujBtkDAIFspaRqN7Od7lfdGQA6KAD+f82fYCLBq1ipvcu8qLw==
  
  form-data@^2.5.0:
    version "2.5.1"
    resolved "https://registry.yarnpkg.com/form-data/-/form-data-2.5.1.tgz#f2cbec57b5e59e23716e128fe44d4e5dd23895f4"
    integrity sha512-m21N3WOmEEURgk6B9GLOE4RuWOFf28Lhh9qGYeNlGq4VDXUlJy2th2slBNU8Gp8EzloYZOibZJ7t5ecIrFSjVA==
    dependencies:
      asynckit "^0.4.0"
      combined-stream "^1.0.6"
      mime-types "^2.1.12"
  
  form-data@^3.0.0:
    version "3.0.1"
    resolved "https://registry.yarnpkg.com/form-data/-/form-data-3.0.1.tgz#ebd53791b78356a99af9a300d4282c4d5eb9755f"
    integrity sha512-RHkBKtLWUVwd7SqRIvCZMEvAMoGUp0XU+seQiZejj0COz3RI3hWP4sCv3gZWWLjJTd7rGwcsF5eKZGii0r/hbg==
    dependencies:
      asynckit "^0.4.0"
      combined-stream "^1.0.8"
      mime-types "^2.1.12"
  
  form-data@^4.0.0:
    version "4.0.0"
    resolved "https://registry.yarnpkg.com/form-data/-/form-data-4.0.0.tgz#93919daeaf361ee529584b9b31664dc12c9fa452"
    integrity sha512-ETEklSGi5t0QMZuiXoA/Q6vcnxcLQP5vdugSpuAyi6SVGi2clPPp+xgEhuMaHC+zGgn31Kd235W35f7Hykkaww==
    dependencies:
      asynckit "^0.4.0"
      combined-stream "^1.0.8"
      mime-types "^2.1.12"
  
  formdata-node@^4.0.0:
    version "4.4.1"
    resolved "https://registry.yarnpkg.com/formdata-node/-/formdata-node-4.4.1.tgz#23f6a5cb9cb55315912cbec4ff7b0f59bbd191e2"
    integrity sha512-0iirZp3uVDjVGt9p49aTaqjk84TrglENEDuqfdlZQ1roC9CWlPk6Avf8EEnZNcAqPonwkG35x4n3ww/1THYAeQ==
    dependencies:
      node-domexception "1.0.0"
      web-streams-polyfill "4.0.0-beta.3"
  
  formidable@^2.1.2:
    version "2.1.2"
    resolved "https://registry.yarnpkg.com/formidable/-/formidable-2.1.2.tgz#fa973a2bec150e4ce7cac15589d7a25fc30ebd89"
    integrity sha512-CM3GuJ57US06mlpQ47YcunuUZ9jpm8Vx+P2CGt2j7HpgkKZO/DJYQ0Bobim8G6PFQmK5lOqOOdUXboU+h73A4g==
    dependencies:
      dezalgo "^1.0.4"
      hexoid "^1.0.0"
      once "^1.4.0"
      qs "^6.11.0"
  
  forwarded@0.2.0:
    version "0.2.0"
    resolved "https://registry.yarnpkg.com/forwarded/-/forwarded-0.2.0.tgz#2269936428aad4c15c7ebe9779a84bf0b2a81811"
    integrity sha512-buRG0fpBtRHSTCOASe6hD258tEubFoRLb4ZNA6NxMVHNw2gOcwHo9wyablzMzOA5z9xA9L1KNjk/Nt6MT9aYow==
  
  fresh@0.5.2:
    version "0.5.2"
    resolved "https://registry.yarnpkg.com/fresh/-/fresh-0.5.2.tgz#3d8cadd90d976569fa835ab1f8e4b23a105605a7"
    integrity sha512-zJ2mQYM18rEFOudeV4GShTGIQ7RbzA7ozbU9I/XBpm7kqgMywgmylMwXHxZJmkVoYkna9d2pVXVXPdYTP9ej8Q==
  
  fs-constants@^1.0.0:
    version "1.0.0"
    resolved "https://registry.yarnpkg.com/fs-constants/-/fs-constants-1.0.0.tgz#6be0de9be998ce16af8afc24497b9ee9b7ccd9ad"
    integrity sha512-y6OAwoSIf7FyjMIv94u+b5rdheZEjzR63GTyZJm5qh4Bi+2YgwLCcI/fPFZkL5PSixOt6ZNKm+w+Hfp/Bciwow==
  
  fs-extra@10.0.0:
    version "10.0.0"
    resolved "https://registry.yarnpkg.com/fs-extra/-/fs-extra-10.0.0.tgz#9ff61b655dde53fb34a82df84bb214ce802e17c1"
    integrity sha512-C5owb14u9eJwizKGdchcDUQeFtlSHHthBk8pbX9Vc1PFZrLombudjDnNns88aYslCyF6IY5SUw3Roz6xShcEIQ==
    dependencies:
      graceful-fs "^4.2.0"
      jsonfile "^6.0.1"
      universalify "^2.0.0"
  
  fs-extra@^10.0.0:
    version "10.1.0"
    resolved "https://registry.yarnpkg.com/fs-extra/-/fs-extra-10.1.0.tgz#02873cfbc4084dde127eaa5f9905eef2325d1abf"
    integrity sha512-oRXApq54ETRj4eMiFzGnHWGy+zo5raudjuxN0b8H7s/RU2oW0Wvsx9O0ACRN/kRq9E8Vu/ReskGB5o3ji+FzHQ==
    dependencies:
      graceful-fs "^4.2.0"
      jsonfile "^6.0.1"
      universalify "^2.0.0"
  
  fs-minipass@^2.0.0:
    version "2.1.0"
    resolved "https://registry.yarnpkg.com/fs-minipass/-/fs-minipass-2.1.0.tgz#7f5036fdbf12c63c169190cbe4199c852271f9fb"
    integrity sha512-V/JgOLFCS+R6Vcq0slCuaeWEdNC3ouDlJMNIsacH2VtALiu9mV4LPrHc5cDl8k5aw6J8jwgWWpiTo5RYhmIzvg==
    dependencies:
      minipass "^3.0.0"
  
  fs.realpath@^1.0.0:
    version "1.0.0"
    resolved "https://registry.yarnpkg.com/fs.realpath/-/fs.realpath-1.0.0.tgz#1504ad2523158caa40db4a2787cb01411994ea4f"
    integrity sha512-OO0pH2lK6a0hZnAdau5ItzHPI6pUlvI7jMVnxUQRtw4owF2wk8lOSabtGDCTP4Ggrg2MbGnWO9X8K1t4+fGMDw==
  
  fsevents@~2.3.2:
    version "2.3.2"
    resolved "https://registry.yarnpkg.com/fsevents/-/fsevents-2.3.2.tgz#8a526f78b8fdf4623b709e0b975c52c24c02fd1a"
    integrity sha512-xiqMQR4xAeHTuB9uWm+fFRcIOgKBMiOBP+eXiyT7jsgVCq1bkVygt00oASowB7EdtpOHaaPgKt812P9ab+DDKA==
  
  function-bind@^1.1.1:
    version "1.1.1"
    resolved "https://registry.yarnpkg.com/function-bind/-/function-bind-1.1.1.tgz#a56899d3ea3c9bab874bb9773b7c5ede92f4895d"
    integrity sha512-yIovAzMX49sF8Yl58fSCWJ5svSLuaibPxXQJFLmBObTuCr0Mf1KiPopGM9NiFjiYBCbfaa2Fh6breQ6ANVTI0A==
  
  gauge@^3.0.0:
    version "3.0.2"
    resolved "https://registry.yarnpkg.com/gauge/-/gauge-3.0.2.tgz#03bf4441c044383908bcfa0656ad91803259b395"
    integrity sha512-+5J6MS/5XksCuXq++uFRsnUd7Ovu1XenbeuIuNRJxYWjgQbPuFhT14lAvsWfqfAmnwluf1OwMjz39HjfLPci0Q==
    dependencies:
      aproba "^1.0.3 || ^2.0.0"
      color-support "^1.1.2"
      console-control-strings "^1.0.0"
      has-unicode "^2.0.1"
      object-assign "^4.1.1"
      signal-exit "^3.0.0"
      string-width "^4.2.3"
      strip-ansi "^6.0.1"
      wide-align "^1.1.2"
  
  gauge@^4.0.3:
    version "4.0.4"
    resolved "https://registry.yarnpkg.com/gauge/-/gauge-4.0.4.tgz#52ff0652f2bbf607a989793d53b751bef2328dce"
    integrity sha512-f9m+BEN5jkg6a0fZjleidjN51VE1X+mPFQ2DJ0uv1V39oCLCbsGe6yjbBnp7eK7z/+GAon99a3nHuqbuuthyPg==
    dependencies:
      aproba "^1.0.3 || ^2.0.0"
      color-support "^1.1.3"
      console-control-strings "^1.1.0"
      has-unicode "^2.0.1"
      signal-exit "^3.0.7"
      string-width "^4.2.3"
      strip-ansi "^6.0.1"
      wide-align "^1.1.5"
  
  gauge@~2.7.3:
    version "2.7.4"
    resolved "https://registry.yarnpkg.com/gauge/-/gauge-2.7.4.tgz#2c03405c7538c39d7eb37b317022e325fb018bf7"
    integrity sha512-14x4kjc6lkD3ltw589k0NrPD6cCNTD6CWoVUNpB85+DrtONoZn+Rug6xZU5RvSC4+TZPxA5AnBibQYAvZn41Hg==
    dependencies:
      aproba "^1.0.3"
      console-control-strings "^1.0.0"
      has-unicode "^2.0.0"
      object-assign "^4.1.0"
      signal-exit "^3.0.0"
      string-width "^1.0.1"
      strip-ansi "^3.0.1"
      wide-align "^1.1.0"
  
  gaxios@^4.0.0:
    version "4.3.3"
    resolved "https://registry.yarnpkg.com/gaxios/-/gaxios-4.3.3.tgz#d44bdefe52d34b6435cc41214fdb160b64abfc22"
    integrity sha512-gSaYYIO1Y3wUtdfHmjDUZ8LWaxJQpiavzbF5Kq53akSzvmVg0RfyOcFDbO1KJ/KCGRFz2qG+lS81F0nkr7cRJA==
    dependencies:
      abort-controller "^3.0.0"
      extend "^3.0.2"
      https-proxy-agent "^5.0.0"
      is-stream "^2.0.0"
      node-fetch "^2.6.7"
  
  gcp-metadata@^4.2.0:
    version "4.3.1"
    resolved "https://registry.yarnpkg.com/gcp-metadata/-/gcp-metadata-4.3.1.tgz#fb205fe6a90fef2fd9c85e6ba06e5559ee1eefa9"
    integrity sha512-x850LS5N7V1F3UcV7PoupzGsyD6iVwTVvsh3tbXfkctZnBnjW5yu5z1/3k3SehF7TyoTIe78rJs02GMMy+LF+A==
    dependencies:
      gaxios "^4.0.0"
      json-bigint "^1.0.0"
  
  geojson@^0.5.0:
    version "0.5.0"
    resolved "https://registry.yarnpkg.com/geojson/-/geojson-0.5.0.tgz#3cd6c96399be65b56ee55596116fe9191ce701c0"
    integrity sha512-/Bx5lEn+qRF4TfQ5aLu6NH+UKtvIv7Lhc487y/c8BdludrCTpiWf9wyI0RTyqg49MFefIAvFDuEi5Dfd/zgNxQ==
  
  get-intrinsic@^1.0.2, get-intrinsic@^1.1.3:
    version "1.2.0"
    resolved "https://registry.yarnpkg.com/get-intrinsic/-/get-intrinsic-1.2.0.tgz#7ad1dc0535f3a2904bba075772763e5051f6d05f"
    integrity sha512-L049y6nFOuom5wGyRc3/gdTLO94dySVKRACj1RmJZBQXlbTMhtNIgkWkUHq+jYmZvKf14EW1EoJnnjbmoHij0Q==
    dependencies:
      function-bind "^1.1.1"
      has "^1.0.3"
      has-symbols "^1.0.3"
  
  get-package-type@^0.1.0:
    version "0.1.0"
    resolved "https://registry.yarnpkg.com/get-package-type/-/get-package-type-0.1.0.tgz#8de2d803cff44df3bc6c456e6668b36c3926e11a"
    integrity sha512-pjzuKtY64GYfWizNAJ0fr9VqttZkNiK2iS430LtIHzjBEr6bX8Am2zm4sW4Ro5wjWW5cAlRL1qAMTcXbjNAO2Q==
  
  get-port@^5.1.1:
    version "5.1.1"
    resolved "https://registry.yarnpkg.com/get-port/-/get-port-5.1.1.tgz#0469ed07563479de6efb986baf053dcd7d4e3193"
    integrity sha512-g/Q1aTSDOxFpchXC4i8ZWvxA1lnPqx/JHqcpIw0/LX9T8x/GBbi6YnlN5nhaKIFkT8oFsscUKgDJYxfwfS6QsQ==
  
  get-stream@^6.0.0:
    version "6.0.1"
    resolved "https://registry.yarnpkg.com/get-stream/-/get-stream-6.0.1.tgz#a262d8eef67aced57c2852ad6167526a43cbf7b7"
    integrity sha512-ts6Wi+2j3jQjqi70w5AlN8DFnkSwC+MqmxEzdEALB2qXZYV3X/b1CTfgPLGJNMeAWxdPfU8FO1ms3NUfaHCPYg==
  
  getopts@2.3.0:
    version "2.3.0"
    resolved "https://registry.yarnpkg.com/getopts/-/getopts-2.3.0.tgz#71e5593284807e03e2427449d4f6712a268666f4"
    integrity sha512-5eDf9fuSXwxBL6q5HX+dhDj+dslFGWzU5thZ9kNKUkcPtaPdatmUFKwHFrLb/uf/WpA4BHET+AX3Scl56cAjpA==
  
  github-from-package@0.0.0:
    version "0.0.0"
    resolved "https://registry.yarnpkg.com/github-from-package/-/github-from-package-0.0.0.tgz#97fb5d96bfde8973313f20e8288ef9a167fa64ce"
    integrity sha512-SyHy3T1v2NUXn29OsWdxmK6RwHD+vkj3v8en8AOBZ1wBQ/hCAQ5bAQTD02kW4W9tUp/3Qh6J8r9EvntiyCmOOw==
  
  glob-parent@^5.1.2, glob-parent@~5.1.2:
    version "5.1.2"
    resolved "https://registry.yarnpkg.com/glob-parent/-/glob-parent-5.1.2.tgz#869832c58034fe68a4093c17dc15e8340d8401c4"
    integrity sha512-AOIgSQCepiJYwP3ARnGx+5VnTu2HBYdzbGP45eLw1vr3zB3vZLeyed1sC9hnbcOc9/SrMyM5RPQrkGz4aS9Zow==
    dependencies:
      is-glob "^4.0.1"
  
  glob@^7.1.3, glob@^7.1.4, glob@^7.1.6:
    version "7.2.3"
    resolved "https://registry.yarnpkg.com/glob/-/glob-7.2.3.tgz#b8df0fb802bbfa8e89bd1d938b4e16578ed44f2b"
    integrity sha512-nFR0zLpU2YCaRxwoCJvL6UvCH2JFyFVIvwTLsIf21AuHlMskA1hhTdk+LlYJtOlYt9v6dvszD2BGRqBL+iQK9Q==
    dependencies:
      fs.realpath "^1.0.0"
      inflight "^1.0.4"
      inherits "2"
      minimatch "^3.1.1"
      once "^1.3.0"
      path-is-absolute "^1.0.0"
  
  globby@^11.0.4:
    version "11.1.0"
    resolved "https://registry.yarnpkg.com/globby/-/globby-11.1.0.tgz#bd4be98bb042f83d796f7e3811991fbe82a0d34b"
    integrity sha512-jhIXaOzy1sb8IyocaruWSn1TjmnBVs8Ayhcy83rmxNJ8q2uWKCAj3CnJY+KpGSXCueAPc0i05kVvVKtP1t9S3g==
    dependencies:
      array-union "^2.1.0"
      dir-glob "^3.0.1"
      fast-glob "^3.2.9"
      ignore "^5.2.0"
      merge2 "^1.4.1"
      slash "^3.0.0"
  
  google-auth-library@^7.14.1:
    version "7.14.1"
    resolved "https://registry.yarnpkg.com/google-auth-library/-/google-auth-library-7.14.1.tgz#e3483034162f24cc71b95c8a55a210008826213c"
    integrity sha512-5Rk7iLNDFhFeBYc3s8l1CqzbEBcdhwR193RlD4vSNFajIcINKI8W8P0JLmBpwymHqqWbX34pJDQu39cSy/6RsA==
    dependencies:
      arrify "^2.0.0"
      base64-js "^1.3.0"
      ecdsa-sig-formatter "^1.0.11"
      fast-text-encoding "^1.0.0"
      gaxios "^4.0.0"
      gcp-metadata "^4.2.0"
      gtoken "^5.0.4"
      jws "^4.0.0"
      lru-cache "^6.0.0"
  
  google-p12-pem@^3.1.3:
    version "3.1.4"
    resolved "https://registry.yarnpkg.com/google-p12-pem/-/google-p12-pem-3.1.4.tgz#123f7b40da204de4ed1fbf2fd5be12c047fc8b3b"
    integrity sha512-HHuHmkLgwjdmVRngf5+gSmpkyaRI6QmOg77J8tkNBHhNEI62sGHyw4/+UkgyZEI7h84NbWprXDJ+sa3xOYFvTg==
    dependencies:
      node-forge "^1.3.1"
  
  gopd@^1.0.1:
    version "1.0.1"
    resolved "https://registry.yarnpkg.com/gopd/-/gopd-1.0.1.tgz#29ff76de69dac7489b7c0918a5788e56477c332c"
    integrity sha512-d65bNlIadxvpb/A2abVdlqKqV563juRnZ1Wtk6s1sIR8uNsXR70xqIzVqxVf1eTqDunwT2MkczEeaezCKTZhwA==
    dependencies:
      get-intrinsic "^1.1.3"
  
  graceful-fs@^4.1.2, graceful-fs@^4.1.6, graceful-fs@^4.2.0, graceful-fs@^4.2.6:
    version "4.2.11"
    resolved "https://registry.yarnpkg.com/graceful-fs/-/graceful-fs-4.2.11.tgz#4183e4e8bf08bb6e05bbb2f7d2e0c8f712ca40e3"
    integrity sha512-RbJ5/jmFcNNCcDV5o9eTnBLJ/HszWV0P73bc+Ff4nS/rJj+YaS6IGyiOL0VoBYX+l1Wrl3k63h/KrH+nhJ0XvQ==
  
  graphql-compose@^9.0.1:
    version "9.0.10"
    resolved "https://registry.yarnpkg.com/graphql-compose/-/graphql-compose-9.0.10.tgz#1e870166deb1785761865fe742dea0601d2c77f2"
    integrity sha512-UsVoxfi2+c8WbHl2pEB+teoRRZoY4mbWBoijeLDGpAZBSPChnqtSRjp+T9UcouLCwGr5ooNyOQLoI3OVzU1bPQ==
    dependencies:
      graphql-type-json "0.3.2"
  
  graphql-type-json@0.3.2:
    version "0.3.2"
    resolved "https://registry.yarnpkg.com/graphql-type-json/-/graphql-type-json-0.3.2.tgz#f53a851dbfe07bd1c8157d24150064baab41e115"
    integrity sha512-J+vjof74oMlCWXSvt0DOf2APEdZOCdubEvGDUAlqH//VBYcOYsGgRW7Xzorr44LvkjiuvecWc8fChxuZZbChtg==
  
  graphql@^15.5.0:
    version "15.8.0"
    resolved "https://registry.yarnpkg.com/graphql/-/graphql-15.8.0.tgz#33410e96b012fa3bdb1091cc99a94769db212b38"
    integrity sha512-5gghUc24tP9HRznNpV2+FIoq3xKkj5dTQqf4v0CpdPbFVwFkWoxOM+o+2OC9ZSvjEMTjfmG9QT+gcvggTwW1zw==
  
  gtoken@^5.0.4:
    version "5.3.2"
    resolved "https://registry.yarnpkg.com/gtoken/-/gtoken-5.3.2.tgz#deb7dc876abe002178e0515e383382ea9446d58f"
    integrity sha512-gkvEKREW7dXWF8NV8pVrKfW7WqReAmjjkMBh6lNCCGOM4ucS0r0YyXXl0r/9Yj8wcW/32ISkfc8h5mPTDbtifQ==
    dependencies:
      gaxios "^4.0.0"
      google-p12-pem "^3.1.3"
      jws "^4.0.0"
  
  has-flag@^3.0.0:
    version "3.0.0"
    resolved "https://registry.yarnpkg.com/has-flag/-/has-flag-3.0.0.tgz#b5d454dc2199ae225699f3467e5a07f3b955bafd"
    integrity sha512-sKJf1+ceQBr4SMkvQnBDNDtf4TXpVhVGateu0t918bl30FnbE2m4vNLX+VWe/dpjlb+HugGYzW7uQXH98HPEYw==
  
  has-flag@^4.0.0:
    version "4.0.0"
    resolved "https://registry.yarnpkg.com/has-flag/-/has-flag-4.0.0.tgz#944771fd9c81c81265c4d6941860da06bb59479b"
    integrity sha512-EykJT/Q1KjTWctppgIAgfSO0tKVuZUjhgMr17kqTumMl6Afv3EISleU7qZUzoXDFTAHTDC4NOoG/ZxU3EvlMPQ==
  
  has-symbols@^1.0.2, has-symbols@^1.0.3:
    version "1.0.3"
    resolved "https://registry.yarnpkg.com/has-symbols/-/has-symbols-1.0.3.tgz#bb7b2c4349251dce87b125f7bdf874aa7c8b39f8"
    integrity sha512-l3LCuF6MgDNwTDKkdYGEihYjt5pRPbEg46rtlmnSPlUbgmB8LOIrKJbYYFBSbnPaJexMKtiPO8hmeRjRz2Td+A==
  
  has-tostringtag@^1.0.0:
    version "1.0.0"
    resolved "https://registry.yarnpkg.com/has-tostringtag/-/has-tostringtag-1.0.0.tgz#7e133818a7d394734f941e73c3d3f9291e658b25"
    integrity sha512-kFjcSNhnlGV1kyoGk7OXKSawH5JOb/LzUc5w9B02hOTO0dfFRjbHQKvg1d6cf3HbeUmtU9VbbV3qzZ2Teh97WQ==
    dependencies:
      has-symbols "^1.0.2"
  
  has-unicode@^2.0.0, has-unicode@^2.0.1:
    version "2.0.1"
    resolved "https://registry.yarnpkg.com/has-unicode/-/has-unicode-2.0.1.tgz#e0e6fe6a28cf51138855e086d1691e771de2a8b9"
    integrity sha512-8Rf9Y83NBReMnx0gFzA8JImQACstCYWUplepDa9xprwwtmgEZUF0h/i5xSA625zB/I37EtrswSST6OXxwaaIJQ==
  
  has@^1.0.3:
    version "1.0.3"
    resolved "https://registry.yarnpkg.com/has/-/has-1.0.3.tgz#722d7cbfc1f6aa8241f16dd814e011e1f41e8796"
    integrity sha512-f2dvO0VU6Oej7RkWJGrehjbzMAjFp5/VKPp5tTpWIV4JHHZK1/BxbFRtf/siA2SWTe09caDmVtYYzWEIbBS4zw==
    dependencies:
      function-bind "^1.1.1"
  
  hash-stream-validation@^0.2.2:
    version "0.2.4"
    resolved "https://registry.yarnpkg.com/hash-stream-validation/-/hash-stream-validation-0.2.4.tgz#ee68b41bf822f7f44db1142ec28ba9ee7ccb7512"
    integrity sha512-Gjzu0Xn7IagXVkSu9cSFuK1fqzwtLwFhNhVL8IFJijRNMgUttFbBSIAzKuSIrsFMO1+g1RlsoN49zPIbwPDMGQ==
  
  hash-sum@^2.0.0:
    version "2.0.0"
    resolved "https://registry.yarnpkg.com/hash-sum/-/hash-sum-2.0.0.tgz#81d01bb5de8ea4a214ad5d6ead1b523460b0b45a"
    integrity sha512-WdZTbAByD+pHfl/g9QSsBIIwy8IT+EsPiKDs0KNX+zSHhdDLFKdZu0BQHljvO+0QI/BasbMSUa8wYNCZTvhslg==
  
  hashring@3.2.x:
    version "3.2.0"
    resolved "https://registry.yarnpkg.com/hashring/-/hashring-3.2.0.tgz#fda4efde8aa22cdb97fb1d2a65e88401e1c144ce"
    integrity sha512-xCMovURClsQZ+TR30icCZj+34Fq1hs0y6YCASD6ZqdRfYRybb5Iadws2WS+w09mGM/kf9xyA5FCdJQGcgcraSA==
    dependencies:
      connection-parse "0.0.x"
      simple-lru-cache "0.0.x"
  
  helmet@^4.6.0:
    version "4.6.0"
    resolved "https://registry.yarnpkg.com/helmet/-/helmet-4.6.0.tgz#579971196ba93c5978eb019e4e8ec0e50076b4df"
    integrity sha512-HVqALKZlR95ROkrnesdhbbZJFi/rIVSoNq6f3jA/9u6MIbTsPh3xZwihjeI5+DO/2sOV6HMHooXcEOuwskHpTg==
  
  hexoid@^1.0.0:
    version "1.0.0"
    resolved "https://registry.yarnpkg.com/hexoid/-/hexoid-1.0.0.tgz#ad10c6573fb907de23d9ec63a711267d9dc9bc18"
    integrity sha512-QFLV0taWQOZtvIRIAdBChesmogZrtuXvVWsFHZTk2SU+anspqZ2vMnoLg7IE1+Uk16N19APic1BuF8bC8c2m5g==
  
  highlight.js@^11.4.0:
    version "11.7.0"
    resolved "https://registry.yarnpkg.com/highlight.js/-/highlight.js-11.7.0.tgz#3ff0165bc843f8c9bce1fd89e2fda9143d24b11e"
    integrity sha512-1rRqesRFhMO/PRF+G86evnyJkCgaZFOI+Z6kdj15TA18funfoqJXvgPCLSf0SWq3SRfg1j3HlDs8o4s3EGq1oQ==
  
  htmlparser2@^8.0.0:
    version "8.0.2"
    resolved "https://registry.yarnpkg.com/htmlparser2/-/htmlparser2-8.0.2.tgz#f002151705b383e62433b5cf466f5b716edaec21"
    integrity sha512-GYdjWKDkbRLkZ5geuHs5NY1puJ+PXwP7+fHPRz06Eirsb9ugf6d8kkXav6ADhcODhFFPMIXyxkxSuMf3D6NCFA==
    dependencies:
      domelementtype "^2.3.0"
      domhandler "^5.0.3"
      domutils "^3.0.1"
      entities "^4.4.0"
  
  http-cache-semantics@^4.1.0:
    version "4.1.1"
    resolved "https://registry.yarnpkg.com/http-cache-semantics/-/http-cache-semantics-4.1.1.tgz#abe02fcb2985460bf0323be664436ec3476a6d5a"
    integrity sha512-er295DKPVsV82j5kw1Gjt+ADA/XYHsajl82cGNQG2eyoPkvgUhX+nDIyelzhIWbbsXP39EHcI6l5tYs2FYqYXQ==
  
  http-errors@2.0.0:
    version "2.0.0"
    resolved "https://registry.yarnpkg.com/http-errors/-/http-errors-2.0.0.tgz#b7774a1486ef73cf7667ac9ae0858c012c57b9d3"
    integrity sha512-FtwrG/euBzaEjYeRqOgly7G0qviiXoJWnvEH2Z1plBdXgbyjv34pHTSb9zoeHMyDy33+DWy5Wt9Wo+TURtOYSQ==
    dependencies:
      depd "2.0.0"
      inherits "2.0.4"
      setprototypeof "1.2.0"
      statuses "2.0.1"
      toidentifier "1.0.1"
  
  http-proxy-agent@^4.0.1:
    version "4.0.1"
    resolved "https://registry.yarnpkg.com/http-proxy-agent/-/http-proxy-agent-4.0.1.tgz#8a8c8ef7f5932ccf953c296ca8291b95aa74aa3a"
    integrity sha512-k0zdNgqWTGA6aeIRVpvfVob4fL52dTfaehylg0Y4UvSySvOq/Y+BOyPrgpUrA7HylqvU8vIZGsRuXmspskV0Tg==
    dependencies:
      "@tootallnate/once" "1"
      agent-base "6"
      debug "4"
  
  http-proxy-agent@^5.0.0:
    version "5.0.0"
    resolved "https://registry.yarnpkg.com/http-proxy-agent/-/http-proxy-agent-5.0.0.tgz#5129800203520d434f142bc78ff3c170800f2b43"
    integrity sha512-n2hY8YdoRE1i7r6M0w9DIw5GgZN0G25P8zLCRQ8rjXtTU3vsNFBI/vWK/UIeE6g5MUUz6avwAPXmL6Fy9D/90w==
    dependencies:
      "@tootallnate/once" "2"
      agent-base "6"
      debug "4"
  
  https-proxy-agent@^5.0.0:
    version "5.0.1"
    resolved "https://registry.yarnpkg.com/https-proxy-agent/-/https-proxy-agent-5.0.1.tgz#c59ef224a04fe8b754f3db0063a25ea30d0005d6"
    integrity sha512-dFcAjpTQFgoLMzC2VwU+C/CbS7uRL0lWmxDITmqm7C+7F0Odmj6s9l6alZc6AELXhrnggM2CeWSXHGOdX2YtwA==
    dependencies:
      agent-base "6"
      debug "4"
  
  human-signals@^2.1.0:
    version "2.1.0"
    resolved "https://registry.yarnpkg.com/human-signals/-/human-signals-2.1.0.tgz#dc91fcba42e4d06e4abaed33b3e7a3c02f514ea0"
    integrity sha512-B4FFZ6q/T2jhhksgkbEW3HBvWIfDW85snkQgawt07S7J5QXTk6BkNV+0yAeZrM5QpMAdYlocGoljn0sJ/WQkFw==
  
  humanize-ms@^1.2.1:
    version "1.2.1"
    resolved "https://registry.yarnpkg.com/humanize-ms/-/humanize-ms-1.2.1.tgz#c46e3159a293f6b896da29316d8b6fe8bb79bbed"
    integrity sha512-Fl70vYtsAFb/C06PTS9dZBo7ihau+Tu/DNCk/OyHhea07S+aeMWpFFkUaXRa8fI+ScZbEI8dfSxwY7gxZ9SAVQ==
    dependencies:
      ms "^2.0.0"
  
  iconv-lite@0.4.24, iconv-lite@^0.4.24:
    version "0.4.24"
    resolved "https://registry.yarnpkg.com/iconv-lite/-/iconv-lite-0.4.24.tgz#2022b4b25fbddc21d2f524974a474aafe733908b"
    integrity sha512-v3MXnZAcvnywkTUEZomIActle7RXXeedOR31wwl7VlyoXO4Qi9arvSenNQWne1TcRwhCL1HwLI21bEqdpj8/rA==
    dependencies:
      safer-buffer ">= 2.1.2 < 3"
  
  iconv-lite@^0.6.2, iconv-lite@^0.6.3:
    version "0.6.3"
    resolved "https://registry.yarnpkg.com/iconv-lite/-/iconv-lite-0.6.3.tgz#a52f80bf38da1952eb5c681790719871a1a72501"
    integrity sha512-4fCk79wshMdzMp2rH06qWrJE4iolqLhCUH+OiuIgU++RB0+94NlDL81atO7GX55uUKueo0txHNtvEyI6D7WdMw==
    dependencies:
      safer-buffer ">= 2.1.2 < 3.0.0"
  
  icss-utils@^5.0.0, icss-utils@^5.1.0:
    version "5.1.0"
    resolved "https://registry.yarnpkg.com/icss-utils/-/icss-utils-5.1.0.tgz#c6be6858abd013d768e98366ae47e25d5887b1ae"
    integrity sha512-soFhflCVWLfRNOPU3iv5Z9VUdT44xFRbzjLsEzSr5AQmgqPMTHdU3PMT1Cf1ssx8fLNJDA1juftYl+PUcv3MqA==
  
  ieee754@1.1.13:
    version "1.1.13"
    resolved "https://registry.yarnpkg.com/ieee754/-/ieee754-1.1.13.tgz#ec168558e95aa181fd87d37f55c32bbcb6708b84"
    integrity sha512-4vf7I2LYV/HaWerSo3XmlMkp5eZ83i+/CDluXi/IGTs/O1sejBNhTtnxzmRZfvOUqj7lZjqHkeTvpgSFDlWZTg==
  
  ieee754@^1.1.13, ieee754@^1.1.4, ieee754@^1.2.1:
    version "1.2.1"
    resolved "https://registry.yarnpkg.com/ieee754/-/ieee754-1.2.1.tgz#8eb7a10a63fff25d15a57b001586d177d1b0d352"
    integrity sha512-dcyqhDvX1C46lXZcVqCpK+FtMRQVdIMN6/Df5js2zouUsqG7I6sFxitIC+7KYK29KdXOLHdu9zL4sFnoVQnqaA==
  
  ignore@^5.2.0:
    version "5.2.4"
    resolved "https://registry.yarnpkg.com/ignore/-/ignore-5.2.4.tgz#a291c0c6178ff1b960befe47fcdec301674a6324"
    integrity sha512-MAb38BcSbH0eHNBxn7ql2NH/kX33OkB3lZ1BNdh7ENeRChHTYsTvWrMubiIAMNS2llXEEgZ1MUOBtXChP3kaFQ==
  
  import-fresh@^3.2.1:
    version "3.3.0"
    resolved "https://registry.yarnpkg.com/import-fresh/-/import-fresh-3.3.0.tgz#37162c25fcb9ebaa2e6e53d5b4d88ce17d9e0c2b"
    integrity sha512-veYYhQa+D1QBKznvhUHxb8faxlrwUnxseDAbAp457E0wLNio2bOSKnjYDhMj+YiAq61xrMGhQk9iXVk5FzgQMw==
    dependencies:
      parent-module "^1.0.0"
      resolve-from "^4.0.0"
  
  imurmurhash@^0.1.4:
    version "0.1.4"
    resolved "https://registry.yarnpkg.com/imurmurhash/-/imurmurhash-0.1.4.tgz#9218b9b2b928a238b13dc4fb6b6d576f231453ea"
    integrity sha512-JmXMZ6wuvDmLiHEml9ykzqO6lwFbof0GG4IkcGaENdCRDDmMVnny7s5HsIgHCbaq0w2MyPhDqkhTUgS2LU2PHA==
  
  indent-string@^4.0.0:
    version "4.0.0"
    resolved "https://registry.yarnpkg.com/indent-string/-/indent-string-4.0.0.tgz#624f8f4497d619b2d9768531d58f4122854d7251"
    integrity sha512-EdDDZu4A2OyIK7Lr/2zG+w5jmbuk1DVBnEwREQvBzspBJkCEbRa8GxU1lghYcaGJCnRWibjDXlq779X1/y5xwg==
  
  infer-owner@^1.0.4:
    version "1.0.4"
    resolved "https://registry.yarnpkg.com/infer-owner/-/infer-owner-1.0.4.tgz#c4cefcaa8e51051c2a40ba2ce8a3d27295af9467"
    integrity sha512-IClj+Xz94+d7irH5qRyfJonOdfTzuDaifE6ZPWfx0N0+/ATZCbuTPq2prFl526urkQd90WyUKIh1DfBQ2hMz9A==
  
  inflight@^1.0.4:
    version "1.0.6"
    resolved "https://registry.yarnpkg.com/inflight/-/inflight-1.0.6.tgz#49bd6331d7d02d0c09bc910a1075ba8165b56df9"
    integrity sha512-k92I/b08q4wvFscXCLvqfsHCrjrF7yiXsQuIVvVE7N82W3+aqpzuUdBbfhWcy/FZR3/4IgflMgKLOsvPDrGCJA==
    dependencies:
      once "^1.3.0"
      wrappy "1"
  
  inherits@2, inherits@2.0.4, inherits@^2.0.3, inherits@^2.0.4, inherits@~2.0.1, inherits@~2.0.3:
    version "2.0.4"
    resolved "https://registry.yarnpkg.com/inherits/-/inherits-2.0.4.tgz#0fa2c64f932917c3433a0ded55363aae37416b7c"
    integrity sha512-k/vGaX4/Yla3WzyMCvTQOXYeIHvqOKtnqBduzTHpzpQZzAskKMhZ2K+EnBiSM9zGSoIFeMpXKxa4dYeZIQqewQ==
  
  ini@~1.3.0:
    version "1.3.8"
    resolved "https://registry.yarnpkg.com/ini/-/ini-1.3.8.tgz#a29da425b48806f34767a4efce397269af28432c"
    integrity sha512-JV/yugV2uzW5iMRSiZAyDtQd+nxtUnjeLt0acNdw98kKLrvuRVyB80tsREOE7yvGVgalhZ6RNXCmEHkUKBKxew==
  
  inquirer@^8.1.1:
    version "8.2.5"
    resolved "https://registry.yarnpkg.com/inquirer/-/inquirer-8.2.5.tgz#d8654a7542c35a9b9e069d27e2df4858784d54f8"
    integrity sha512-QAgPDQMEgrDssk1XiwwHoOGYF9BAbUcc1+j+FhEvaOt8/cKRqyLn0U5qA6F74fGhTMGxf92pOvPBeh29jQJDTQ==
    dependencies:
      ansi-escapes "^4.2.1"
      chalk "^4.1.1"
      cli-cursor "^3.1.0"
      cli-width "^3.0.0"
      external-editor "^3.0.3"
      figures "^3.0.0"
      lodash "^4.17.21"
      mute-stream "0.0.8"
      ora "^5.4.1"
      run-async "^2.4.0"
      rxjs "^7.5.5"
      string-width "^4.1.0"
      strip-ansi "^6.0.0"
      through "^2.3.6"
      wrap-ansi "^7.0.0"
  
  interpret@^2.2.0:
    version "2.2.0"
    resolved "https://registry.yarnpkg.com/interpret/-/interpret-2.2.0.tgz#1a78a0b5965c40a5416d007ad6f50ad27c417df9"
    integrity sha512-Ju0Bz/cEia55xDwUWEa8+olFpCiQoypjnQySseKtmjNrnps3P+xfpUmGr90T7yjlVJmOtybRvPXhKMbHr+fWnw==
  
  ioredis@^4.27.6:
    version "4.28.5"
    resolved "https://registry.yarnpkg.com/ioredis/-/ioredis-4.28.5.tgz#5c149e6a8d76a7f8fa8a504ffc85b7d5b6797f9f"
    integrity sha512-3GYo0GJtLqgNXj4YhrisLaNNvWSNwSS2wS4OELGfGxH8I69+XfNdnmV1AyN+ZqMh0i7eX+SWjrwFKDBDgfBC1A==
    dependencies:
      cluster-key-slot "^1.1.0"
      debug "^4.3.1"
      denque "^1.1.0"
      lodash.defaults "^4.2.0"
      lodash.flatten "^4.4.0"
      lodash.isarguments "^3.1.0"
      p-map "^2.1.0"
      redis-commands "1.7.0"
      redis-errors "^1.2.0"
      redis-parser "^3.0.0"
      standard-as-callback "^2.1.0"
  
  ioredis@^5.0.0, ioredis@^5.3.1:
    version "5.3.1"
    resolved "https://registry.yarnpkg.com/ioredis/-/ioredis-5.3.1.tgz#55d394a51258cee3af9e96c21c863b1a97bf951f"
    integrity sha512-C+IBcMysM6v52pTLItYMeV4Hz7uriGtoJdz7SSBDX6u+zwSYGirLdQh3L7t/OItWITcw3gTFMjJReYUwS4zihg==
    dependencies:
      "@ioredis/commands" "^1.1.1"
      cluster-key-slot "^1.1.0"
      debug "^4.3.4"
      denque "^2.1.0"
      lodash.defaults "^4.2.0"
      lodash.isarguments "^3.1.0"
      redis-errors "^1.2.0"
      redis-parser "^3.0.0"
      standard-as-callback "^2.1.0"
  
  ip-regex@^2.1.0:
    version "2.1.0"
    resolved "https://registry.yarnpkg.com/ip-regex/-/ip-regex-2.1.0.tgz#fa78bf5d2e6913c911ce9f819ee5146bb6d844e9"
    integrity sha512-58yWmlHpp7VYfcdTwMTvwMmqx/Elfxjd9RXTDyMsbL7lLWmhMylLEqiYVLKuLzOZqVgiWXD9MfR62Vv89VRxkw==
  
  ip@^2.0.0:
    version "2.0.0"
    resolved "https://registry.yarnpkg.com/ip/-/ip-2.0.0.tgz#4cf4ab182fee2314c75ede1276f8c80b479936da"
    integrity sha512-WKa+XuLG1A1R0UWhl2+1XQSi+fZWMsYKffMZTTYsiZaUD8k2yDAj5atimTUD2TZkyCkNEeYE5NhFZmupOGtjYQ==
  
  ipaddr.js@1.9.1:
    version "1.9.1"
    resolved "https://registry.yarnpkg.com/ipaddr.js/-/ipaddr.js-1.9.1.tgz#bff38543eeb8984825079ff3a2a8e6cbd46781b3"
    integrity sha512-0KI/607xoxSToH7GjN1FfSbLoU0+btTicjsQSWQlh/hZykN8KpmMf7uYwPW3R+akZ6R/w18ZlXSHBYXiYUPO3g==
  
  is-any-array@^2.0.0:
    version "2.0.0"
    resolved "https://registry.yarnpkg.com/is-any-array/-/is-any-array-2.0.0.tgz#e71bc13741537c06afac03c07885967ef56d8742"
    integrity sha512-WdPV58rT3aOWXvvyuBydnCq4S2BM1Yz8shKxlEpk/6x+GX202XRvXOycEFtNgnHVLoc46hpexPFx8Pz1/sMS0w==
  
  is-arguments@^1.0.4:
    version "1.1.1"
    resolved "https://registry.yarnpkg.com/is-arguments/-/is-arguments-1.1.1.tgz#15b3f88fda01f2a97fec84ca761a560f123efa9b"
    integrity sha512-8Q7EARjzEnKpt/PCD7e1cgUS0a6X8u5tdSiMqXhojOdoV9TsMsiO+9VLC5vAmO8N7/GmXn7yjR8qnA6bVAEzfA==
    dependencies:
      call-bind "^1.0.2"
      has-tostringtag "^1.0.0"
  
  is-arrayish@^0.2.1:
    version "0.2.1"
    resolved "https://registry.yarnpkg.com/is-arrayish/-/is-arrayish-0.2.1.tgz#77c99840527aa8ecb1a8ba697b80645a7a926a9d"
    integrity sha512-zz06S8t0ozoDXMG+ube26zeCTNXcKIPJZJi8hBrF4idCLms4CG9QtK7qBl1boi5ODzFpjswb5JPmHCbMpjaYzg==
  
  is-arrayish@^0.3.1:
    version "0.3.2"
    resolved "https://registry.yarnpkg.com/is-arrayish/-/is-arrayish-0.3.2.tgz#4574a2ae56f7ab206896fb431eaeed066fdf8f03"
    integrity sha512-eVRqCvVlZbuw3GrM63ovNSNAeA1K16kaR/LRY/92w0zxQ5/1YzwblUX652i4Xs9RwAGjW9d9y6X88t8OaAJfWQ==
  
  is-binary-path@~2.1.0:
    version "2.1.0"
    resolved "https://registry.yarnpkg.com/is-binary-path/-/is-binary-path-2.1.0.tgz#ea1f7f3b80f064236e83470f86c09c254fb45b09"
    integrity sha512-ZMERYes6pDydyuGidse7OsHxtbI7WVeUEozgR/g7rd0xUimYNlvZRE/K2MgZTjWy725IfelLeVcEM97mmtRGXw==
    dependencies:
      binary-extensions "^2.0.0"
  
  is-builtin-module@^3.1.0:
    version "3.2.1"
    resolved "https://registry.yarnpkg.com/is-builtin-module/-/is-builtin-module-3.2.1.tgz#f03271717d8654cfcaf07ab0463faa3571581169"
    integrity sha512-BSLE3HnV2syZ0FK0iMA/yUGplUeMmNz4AW5fnTunbCIqZi4vG3WjJT9FHMy5D69xmAYBHXQhJdALdpwVxV501A==
    dependencies:
      builtin-modules "^3.3.0"
  
  is-callable@^1.1.3:
    version "1.2.7"
    resolved "https://registry.yarnpkg.com/is-callable/-/is-callable-1.2.7.tgz#3bc2a85ea742d9e36205dcacdd72ca1fdc51b055"
    integrity sha512-1BC0BVFhS/p0qtw6enp8e+8OD0UrK0oFLztSjNzhcKA3WDuJxxAPXzPuPtKkjEY9UUoEWlX/8fgKeu2S8i9JTA==
  
  is-core-module@^2.11.0:
    version "2.12.0"
    resolved "https://registry.yarnpkg.com/is-core-module/-/is-core-module-2.12.0.tgz#36ad62f6f73c8253fd6472517a12483cf03e7ec4"
    integrity sha512-RECHCBCd/viahWmwj6enj19sKbHfJrddi/6cBDsNTKbNq0f7VeaUkBo60BqzvPqo/W54ChS62Z5qyun7cfOMqQ==
    dependencies:
      has "^1.0.3"
  
  is-docker@^2.0.0:
    version "2.2.1"
    resolved "https://registry.yarnpkg.com/is-docker/-/is-docker-2.2.1.tgz#33eeabe23cfe86f14bde4408a02c0cfb853acdaa"
    integrity sha512-F+i2BKsFrH66iaUFc0woD8sLy8getkwTwtOBjvs56Cx4CgJDeKQeqfz8wAYiSb8JOprWhHH5p77PbmYCvvUuXQ==
  
  is-extglob@^2.1.1:
    version "2.1.1"
    resolved "https://registry.yarnpkg.com/is-extglob/-/is-extglob-2.1.1.tgz#a88c02535791f02ed37c76a1b9ea9773c833f8c2"
    integrity sha512-SbKbANkN603Vi4jEZv49LeVJMn4yGwsbzZworEoyEiutsN3nJYdbO36zfhGJ6QEDpOZIFkDtnq5JRxmvl3jsoQ==
  
  is-fullwidth-code-point@^1.0.0:
    version "1.0.0"
    resolved "https://registry.yarnpkg.com/is-fullwidth-code-point/-/is-fullwidth-code-point-1.0.0.tgz#ef9e31386f031a7f0d643af82fde50c457ef00cb"
    integrity sha512-1pqUqRjkhPJ9miNq9SwMfdvi6lBJcd6eFxvfaivQhaH3SgisfiuudvFntdKOmxuee/77l+FPjKrQjWvmPjWrRw==
    dependencies:
      number-is-nan "^1.0.0"
  
  is-fullwidth-code-point@^3.0.0:
    version "3.0.0"
    resolved "https://registry.yarnpkg.com/is-fullwidth-code-point/-/is-fullwidth-code-point-3.0.0.tgz#f116f8064fe90b3f7844a38997c0b75051269f1d"
    integrity sha512-zymm5+u+sCsSWyD9qNaejV3DFvhCKclKdizYaJUuHA83RLjb7nSuGnddCHGv0hk+KY7BMAlsWeK4Ueg6EV6XQg==
  
  is-generator-function@^1.0.7:
    version "1.0.10"
    resolved "https://registry.yarnpkg.com/is-generator-function/-/is-generator-function-1.0.10.tgz#f1558baf1ac17e0deea7c0415c438351ff2b3c72"
    integrity sha512-jsEjy9l3yiXEQ+PsXdmBwEPcOxaXWLspKdplFUVI9vq1iZgIekeC0L167qeu86czQaxed3q/Uzuw0swL0irL8A==
    dependencies:
      has-tostringtag "^1.0.0"
  
  is-glob@^4.0.1, is-glob@~4.0.1:
    version "4.0.3"
    resolved "https://registry.yarnpkg.com/is-glob/-/is-glob-4.0.3.tgz#64f61e42cbbb2eec2071a9dac0b28ba1e65d5084"
    integrity sha512-xelSayHH36ZgE7ZWhli7pW34hNbNl8Ojv5KVmkJD4hBdD3th8Tfk9vYasLM+mXWOZhFkgZfxhLSnrwRr4elSSg==
    dependencies:
      is-extglob "^2.1.1"
  
  is-interactive@^1.0.0:
    version "1.0.0"
    resolved "https://registry.yarnpkg.com/is-interactive/-/is-interactive-1.0.0.tgz#cea6e6ae5c870a7b0a0004070b7b587e0252912e"
    integrity sha512-2HvIEKRoqS62guEC+qBjpvRubdX910WCMuJTZ+I9yvqKU2/12eSL549HMwtabb4oupdj2sMP50k+XJfB/8JE6w==
  
  is-lambda@^1.0.1:
    version "1.0.1"
    resolved "https://registry.yarnpkg.com/is-lambda/-/is-lambda-1.0.1.tgz#3d9877899e6a53efc0160504cde15f82e6f061d5"
    integrity sha512-z7CMFGNrENq5iFB9Bqo64Xk6Y9sg+epq1myIcdHaGnbMTYOxvzsEtdYqQUylB7LxfkvgrrjP32T6Ywciio9UIQ==
  
  is-module@^1.0.0:
    version "1.0.0"
    resolved "https://registry.yarnpkg.com/is-module/-/is-module-1.0.0.tgz#3258fb69f78c14d5b815d664336b4cffb6441591"
    integrity sha512-51ypPSPCoTEIN9dy5Oy+h4pShgJmPCygKfyRCISBI+JoWT/2oJvK8QPxmwv7b/p239jXrm9M1mlQbyKJ5A152g==
  
  is-number@^7.0.0:
    version "7.0.0"
    resolved "https://registry.yarnpkg.com/is-number/-/is-number-7.0.0.tgz#7535345b896734d5f80c4d06c50955527a14f12b"
    integrity sha512-41Cifkg6e8TylSpdtTpeLVMqvSBEVzTttHvERD741+pnZ8ANv0004MRL43QKPDlK9cGvNp6NZWZUBlbGXYxxng==
  
  is-obj@^2.0.0:
    version "2.0.0"
    resolved "https://registry.yarnpkg.com/is-obj/-/is-obj-2.0.0.tgz#473fb05d973705e3fd9620545018ca8e22ef4982"
    integrity sha512-drqDG3cbczxxEJRoOXcOjtdp1J/lyp1mNn0xaznRs8+muBhgQcrnbspox5X5fOw0HnMnbfDzvnEMEtqDEJEo8w==
  
  is-plain-object@^5.0.0:
    version "5.0.0"
    resolved "https://registry.yarnpkg.com/is-plain-object/-/is-plain-object-5.0.0.tgz#4427f50ab3429e9025ea7d52e9043a9ef4159344"
    integrity sha512-VRSzKkbMm5jMDoKLbltAkFQ5Qr7VDiTFGXxYFXXowVj387GeGNOCsOH6Msy00SGZ3Fp84b1Naa1psqgcCIEP5Q==
  
  is-reference@^1.2.1:
    version "1.2.1"
    resolved "https://registry.yarnpkg.com/is-reference/-/is-reference-1.2.1.tgz#8b2dac0b371f4bc994fdeaba9eb542d03002d0b7"
    integrity sha512-U82MsXXiFIrjCK4otLT+o2NA2Cd2g5MLoOVXUZjIOhLurrRxpEXzI8O0KZHr3IjLvlAH1kTPYSuqer5T9ZVBKQ==
    dependencies:
      "@types/estree" "*"
  
  is-stream@^2.0.0:
    version "2.0.1"
    resolved "https://registry.yarnpkg.com/is-stream/-/is-stream-2.0.1.tgz#fac1e3d53b97ad5a9d0ae9cef2389f5810a5c077"
    integrity sha512-hFoiJiTl63nn+kstHGBtewWSKnQLpyb155KHheA1l39uvtO9nWIop1p3udqPcUd/xbF1VLMO4n7OI6p7RbngDg==
  
  is-typed-array@^1.1.10, is-typed-array@^1.1.3:
    version "1.1.10"
    resolved "https://registry.yarnpkg.com/is-typed-array/-/is-typed-array-1.1.10.tgz#36a5b5cb4189b575d1a3e4b08536bfb485801e3f"
    integrity sha512-PJqgEHiWZvMpaFZ3uTc8kHPM4+4ADTlDniuQL7cU/UDA0Ql7F70yGfHph3cLNe+c9toaigv+DFzTJKhc2CtO6A==
    dependencies:
      available-typed-arrays "^1.0.5"
      call-bind "^1.0.2"
      for-each "^0.3.3"
      gopd "^1.0.1"
      has-tostringtag "^1.0.0"
  
  is-typedarray@^1.0.0:
    version "1.0.0"
    resolved "https://registry.yarnpkg.com/is-typedarray/-/is-typedarray-1.0.0.tgz#e479c80858df0c1b11ddda6940f96011fcda4a9a"
    integrity sha512-cyA56iCMHAh5CdzjJIa4aohJyeO1YbwLi3Jc35MmRU6poroFjIGZzUzupGiRPOjgHg9TLu43xbpwXk523fMxKA==
  
  is-unicode-supported@^0.1.0:
    version "0.1.0"
    resolved "https://registry.yarnpkg.com/is-unicode-supported/-/is-unicode-supported-0.1.0.tgz#3f26c76a809593b52bfa2ecb5710ed2779b522a7"
    integrity sha512-knxG2q4UC3u8stRGyAVJCOdxFmv5DZiRcdlIaAQXAbSfJya+OhopNotLQrstBhququ4ZpuKbDc/8S6mgXgPFPw==
  
  is-utf8@^0.2.1:
    version "0.2.1"
    resolved "https://registry.yarnpkg.com/is-utf8/-/is-utf8-0.2.1.tgz#4b0da1442104d1b336340e80797e865cf39f7d72"
    integrity sha512-rMYPYvCzsXywIsldgLaSoPlw5PfoB/ssr7hY4pLfcodrA5M/eArza1a9VmTiNIBNMjOGr1Ow9mTyU2o69U6U9Q==
  
  is-wsl@^2.1.1:
    version "2.2.0"
    resolved "https://registry.yarnpkg.com/is-wsl/-/is-wsl-2.2.0.tgz#74a4c76e77ca9fd3f932f290c17ea326cd157271"
    integrity sha512-fKzAra0rGJUUBwGBgNkHZuToZcn+TtXHpeCgmkMJMMYx1sQDYaCSyjJBSCa2nH1DGm7s3n1oBnohoVTBaN7Lww==
    dependencies:
      is-docker "^2.0.0"
  
  isarray@^1.0.0, isarray@~1.0.0:
    version "1.0.0"
    resolved "https://registry.yarnpkg.com/isarray/-/isarray-1.0.0.tgz#bb935d48582cba168c06834957a54a3e07124f11"
    integrity sha512-VLghIWNM6ELQzo7zwmcg0NmTVyWKYjvIeM83yjp0wRDTmUnrM678fQbcKBo6n2CJEF0szoG//ytg+TKla89ALQ==
  
  isexe@^2.0.0:
    version "2.0.0"
    resolved "https://registry.yarnpkg.com/isexe/-/isexe-2.0.0.tgz#e8fbf374dc556ff8947a10dcb0572d633f2cfa10"
    integrity sha512-RHxMLp9lnKHGHRng9QFhRCMbYAcVpn69smSGcq3f36xjgVVWThj4qqLbTLlq7Ssj8B+fIQ1EuCEGI2lKsyQeIw==
  
  jackpot@>=0.0.6:
    version "0.0.6"
    resolved "https://registry.yarnpkg.com/jackpot/-/jackpot-0.0.6.tgz#3cff064285cbf66f4eab2593c90bce816a821849"
    integrity sha512-rbWXX+A9ooq03/dfavLg9OXQ8YB57Wa7PY5c4LfU3CgFpwEhhl3WyXTQVurkaT7zBM5I9SSOaiLyJ4I0DQmC0g==
    dependencies:
      retry "0.6.0"
  
  jest-worker@^26.2.1:
    version "26.6.2"
    resolved "https://registry.yarnpkg.com/jest-worker/-/jest-worker-26.6.2.tgz#7f72cbc4d643c365e27b9fd775f9d0eaa9c7a8ed"
    integrity sha512-KWYVV1c4i+jbMpaBC+U++4Va0cp8OisU185o73T1vo99hqi7w8tSJfUXYswwqqrjzwxa6KpRK54WhPvwf5w6PQ==
    dependencies:
      "@types/node" "*"
      merge-stream "^2.0.0"
      supports-color "^7.0.0"
  
  jmespath@0.16.0:
    version "0.16.0"
    resolved "https://registry.yarnpkg.com/jmespath/-/jmespath-0.16.0.tgz#b15b0a85dfd4d930d43e69ed605943c802785076"
    integrity sha512-9FzQjJ7MATs1tSpnco1K6ayiYE3figslrXA72G2HQ/n76RzvYlofyi5QM+iX4YRs/pu3yzxlVQSST23+dMDknw==
  
  joi@17.4.2:
    version "17.4.2"
    resolved "https://registry.yarnpkg.com/joi/-/joi-17.4.2.tgz#02f4eb5cf88e515e614830239379dcbbe28ce7f7"
    integrity sha512-Lm56PP+n0+Z2A2rfRvsfWVDXGEWjXxatPopkQ8qQ5mxCEhwHG+Ettgg5o98FFaxilOxozoa14cFhrE/hOzh/Nw==
    dependencies:
      "@hapi/hoek" "^9.0.0"
      "@hapi/topo" "^5.0.0"
      "@sideway/address" "^4.1.0"
      "@sideway/formula" "^3.0.0"
      "@sideway/pinpoint" "^2.0.0"
  
  joi@^17.3.0:
    version "17.9.1"
    resolved "https://registry.yarnpkg.com/joi/-/joi-17.9.1.tgz#74899b9fa3646904afa984a11df648eca66c9018"
    integrity sha512-FariIi9j6QODKATGBrEX7HZcja8Bsh3rfdGYy/Sb65sGlZWK/QWesU1ghk7aJWDj95knjXlQfSmzFSPPkLVsfw==
    dependencies:
      "@hapi/hoek" "^9.0.0"
      "@hapi/topo" "^5.0.0"
      "@sideway/address" "^4.1.3"
      "@sideway/formula" "^3.0.1"
      "@sideway/pinpoint" "^2.0.0"
  
  jose@^4.10.0:
    version "4.13.2"
    resolved "https://registry.yarnpkg.com/jose/-/jose-4.13.2.tgz#4db5b4a96742a252e6d3781ac73cc37ee2bd0fbc"
    integrity sha512-GMUKtV+l05F6NY/06nM7rucHM6Ktvw6sxnyRqINBNWS/hCM/bBk7kanOEckRP8xtC/jzuGfTRVZvkjjuy+g4dA==
  
  js-tokens@^4.0.0:
    version "4.0.0"
    resolved "https://registry.yarnpkg.com/js-tokens/-/js-tokens-4.0.0.tgz#19203fb59991df98e3a287050d4647cdeaf32499"
    integrity sha512-RdJUflcE3cUzKiMqQgsCu06FPu9UdIJO0beYbPhHN4k6apgJtifcoCtT9bcxOpYBtpD2kCM6Sbzg4CausW/PKQ==
  
  js-yaml@^4.1.0:
    version "4.1.0"
    resolved "https://registry.yarnpkg.com/js-yaml/-/js-yaml-4.1.0.tgz#c1fb65f8f5017901cdd2c951864ba18458a10602"
    integrity sha512-wpxZs9NoxZaJESJGIZTyDEaYpl0FKSA+FB9aJiyemKhMwkxQg63h4T1KJgUGHpTqPDNRcmmYLugrRjJlBtWvRA==
    dependencies:
      argparse "^2.0.1"
  
  js2xmlparser@^4.0.1:
    version "4.0.2"
    resolved "https://registry.yarnpkg.com/js2xmlparser/-/js2xmlparser-4.0.2.tgz#2a1fdf01e90585ef2ae872a01bc169c6a8d5e60a"
    integrity sha512-6n4D8gLlLf1n5mNLQPRfViYzu9RATblzPEtm1SthMX1Pjao0r9YI9nw7ZIfRxQMERS87mcswrg+r/OYrPRX6jA==
    dependencies:
      xmlcreate "^2.0.4"
  
  jsbi@^3.1.5, jsbi@^3.2.1:
    version "3.2.5"
    resolved "https://registry.yarnpkg.com/jsbi/-/jsbi-3.2.5.tgz#b37bb90e0e5c2814c1c2a1bcd8c729888a2e37d6"
    integrity sha512-aBE4n43IPvjaddScbvWRA2YlTzKEynHzu7MqOyTipdHucf/VxS63ViCjxYRg86M8Rxwbt/GfzHl1kKERkt45fQ==
  
  json-bigint@^1.0.0:
    version "1.0.0"
    resolved "https://registry.yarnpkg.com/json-bigint/-/json-bigint-1.0.0.tgz#ae547823ac0cad8398667f8cd9ef4730f5b01ff1"
    integrity sha512-SiPv/8VpZuWbvLSMtTDU8hEfrZWg/mH/nV/b4o0CYbSxu1UIQPLdwKOCIyLQX+VIPO5vrLX3i8qtqFyhdPSUSQ==
    dependencies:
      bignumber.js "^9.0.0"
  
  json-buffer@3.0.1, json-buffer@^3.0.1:
    version "3.0.1"
    resolved "https://registry.yarnpkg.com/json-buffer/-/json-buffer-3.0.1.tgz#9338802a30d3b6605fbe0613e094008ca8c05a13"
    integrity sha512-4bV5BfR2mqfQTJm+V5tPPdf+ZpuhiIvTuAB5g8kcrXOZpTT/QwwVRWBywX1ozr6lEuPdbHxwaJlm9G6mI2sfSQ==
  
  json-parse-even-better-errors@^2.3.0:
    version "2.3.1"
    resolved "https://registry.yarnpkg.com/json-parse-even-better-errors/-/json-parse-even-better-errors-2.3.1.tgz#7c47805a94319928e05777405dc12e1f7a4ee02d"
    integrity sha512-xyFwyhro/JEof6Ghe2iz2NcXoj2sloNsWr/XsERDK/oiPCfaNhl5ONfp+jQdAZRQQ0IJWNzH9zIZF7li91kh2w==
  
  json2csv@^5.0.3:
    version "5.0.7"
    resolved "https://registry.yarnpkg.com/json2csv/-/json2csv-5.0.7.tgz#f3a583c25abd9804be873e495d1e65ad8d1b54ae"
    integrity sha512-YRZbUnyaJZLZUJSRi2G/MqahCyRv9n/ds+4oIetjDF3jWQA7AG7iSeKTiZiCNqtMZM7HDyt0e/W6lEnoGEmMGA==
    dependencies:
      commander "^6.1.0"
      jsonparse "^1.3.1"
      lodash.get "^4.4.2"
  
  jsonfile@^6.0.1:
    version "6.1.0"
    resolved "https://registry.yarnpkg.com/jsonfile/-/jsonfile-6.1.0.tgz#bc55b2634793c679ec6403094eb13698a6ec0aae"
    integrity sha512-5dgndWOriYSm5cnYaJNhalLNDKOqFwyDB/rr1E9ZsGciGvKPs8R2xYGCacuf3z6K1YKDz182fd+fY3cn3pMqXQ==
    dependencies:
      universalify "^2.0.0"
    optionalDependencies:
      graceful-fs "^4.1.6"
  
  jsonparse@^1.3.1:
    version "1.3.1"
    resolved "https://registry.yarnpkg.com/jsonparse/-/jsonparse-1.3.1.tgz#3f4dae4a91fac315f71062f8521cc239f1366280"
    integrity sha512-POQXvpdL69+CluYsillJ7SUhKvytYjW9vG/GKpnf+xP8UWgYEM/RaMzHHofbALDiKbbP1W8UEYmgGl39WkPZsg==
  
  jsonwebtoken@^8.5.1:
    version "8.5.1"
    resolved "https://registry.yarnpkg.com/jsonwebtoken/-/jsonwebtoken-8.5.1.tgz#00e71e0b8df54c2121a1f26137df2280673bcc0d"
    integrity sha512-XjwVfRS6jTMsqYs0EsuJ4LGxXV14zQybNd4L2r0UvbVnSF9Af8x7p5MzbJ90Ioz/9TI41/hTCvznF/loiSzn8w==
    dependencies:
      jws "^3.2.2"
      lodash.includes "^4.3.0"
      lodash.isboolean "^3.0.3"
      lodash.isinteger "^4.0.4"
      lodash.isnumber "^3.0.3"
      lodash.isplainobject "^4.0.6"
      lodash.isstring "^4.0.1"
      lodash.once "^4.0.0"
      ms "^2.1.1"
      semver "^5.6.0"
  
  jwa@^1.4.1:
    version "1.4.1"
    resolved "https://registry.yarnpkg.com/jwa/-/jwa-1.4.1.tgz#743c32985cb9e98655530d53641b66c8645b039a"
    integrity sha512-qiLX/xhEEFKUAJ6FiBMbes3w9ATzyk5W7Hvzpa/SLYdxNtng+gcurvrI7TbACjIXlsJyr05/S1oUhZrc63evQA==
    dependencies:
      buffer-equal-constant-time "1.0.1"
      ecdsa-sig-formatter "1.0.11"
      safe-buffer "^5.0.1"
  
  jwa@^2.0.0:
    version "2.0.0"
    resolved "https://registry.yarnpkg.com/jwa/-/jwa-2.0.0.tgz#a7e9c3f29dae94027ebcaf49975c9345593410fc"
    integrity sha512-jrZ2Qx916EA+fq9cEAeCROWPTfCwi1IVHqT2tapuqLEVVDKFDENFw1oL+MwrTvH6msKxsd1YTDVw6uKEcsrLEA==
    dependencies:
      buffer-equal-constant-time "1.0.1"
      ecdsa-sig-formatter "1.0.11"
      safe-buffer "^5.0.1"
  
  jws@3.x.x, jws@^3.2.2:
    version "3.2.2"
    resolved "https://registry.yarnpkg.com/jws/-/jws-3.2.2.tgz#001099f3639468c9414000e99995fa52fb478304"
    integrity sha512-YHlZCB6lMTllWDtSPHz/ZXTsi8S00usEV6v1tjq8tOUZzw7DpSDWVXjXDre6ed1w/pd495ODpHZYSdkRTsa0HA==
    dependencies:
      jwa "^1.4.1"
      safe-buffer "^5.0.1"
  
  jws@^4.0.0:
    version "4.0.0"
    resolved "https://registry.yarnpkg.com/jws/-/jws-4.0.0.tgz#2d4e8cf6a318ffaa12615e9dec7e86e6c97310f4"
    integrity sha512-KDncfTmOZoOMTFG4mBlG0qUIOlc03fmzH+ru6RgYVZhPkyiy/92Owlt/8UEN+a4TXR1FQetfIpJE8ApdvdVxTg==
    dependencies:
      jwa "^2.0.0"
      safe-buffer "^5.0.1"
  
  keytar@^7.3.0:
    version "7.9.0"
    resolved "https://registry.yarnpkg.com/keytar/-/keytar-7.9.0.tgz#4c6225708f51b50cbf77c5aae81721964c2918cb"
    integrity sha512-VPD8mtVtm5JNtA2AErl6Chp06JBfy7diFQ7TQQhdpWOl6MrCRB+eRbvAZUsbGQS9kiMq0coJsy0W0vHpDCkWsQ==
    dependencies:
      node-addon-api "^4.3.0"
      prebuild-install "^7.0.1"
  
  keyv-memcache@^1.2.5:
    version "1.3.3"
    resolved "https://registry.yarnpkg.com/keyv-memcache/-/keyv-memcache-1.3.3.tgz#07343ae4e4cc1373ecca83657c246c616f9b0b7d"
    integrity sha512-7k+0Ju2KPkS+a22MdgUW/MPAYyo736joxfrWFUsgiUY7ssu/tT6hxfWjxubQBNeG93dHRTBAF0oFUtSSVYTW0Q==
    dependencies:
      json-buffer "^3.0.1"
      memjs "^1.3.0"
  
  keyv@^4.0.3:
    version "4.5.2"
    resolved "https://registry.yarnpkg.com/keyv/-/keyv-4.5.2.tgz#0e310ce73bf7851ec702f2eaf46ec4e3805cce56"
    integrity sha512-5MHbFaKn8cNSmVW7BYnijeAVlE4cYA/SVkifVgrh7yotnfhKmjuXpDKjrABLnT0SfHWV21P8ow07OGfRrNDg8g==
    dependencies:
      json-buffer "3.0.1"
  
  knex-schema-inspector@1.7.3:
    version "1.7.3"
    resolved "https://registry.yarnpkg.com/knex-schema-inspector/-/knex-schema-inspector-1.7.3.tgz#68afa00f3ea90fd7e11c7dcf35c2c06e78187d03"
    integrity sha512-jbH46UaAx0eLf7jmLsaHQ+2x76CxvAEBtGP0NZ262qW+VcCxh89CJ/fNnwyrrMWqVPNNxmtlEtshc6k9z7Aalw==
    dependencies:
      lodash.flatten "^4.4.0"
      lodash.isnil "^4.0.0"
  
  knex@*, knex@^2.1.0:
    version "2.4.2"
    resolved "https://registry.yarnpkg.com/knex/-/knex-2.4.2.tgz#a34a289d38406dc19a0447a78eeaf2d16ebedd61"
    integrity sha512-tMI1M7a+xwHhPxjbl/H9K1kHX+VncEYcvCx5K00M16bWvpYPKAZd6QrCu68PtHAdIZNQPWZn0GVhqVBEthGWCg==
    dependencies:
      colorette "2.0.19"
      commander "^9.1.0"
      debug "4.3.4"
      escalade "^3.1.1"
      esm "^3.2.25"
      get-package-type "^0.1.0"
      getopts "2.3.0"
      interpret "^2.2.0"
      lodash "^4.17.21"
      pg-connection-string "2.5.0"
      rechoir "^0.8.0"
      resolve-from "^5.0.0"
      tarn "^3.0.2"
      tildify "2.0.0"
  
  ldap-filter@^0.3.3:
    version "0.3.3"
    resolved "https://registry.yarnpkg.com/ldap-filter/-/ldap-filter-0.3.3.tgz#2b14c68a2a9d4104dbdbc910a1ca85fd189e9797"
    integrity sha512-/tFkx5WIn4HuO+6w9lsfxq4FN3O+fDZeO9Mek8dCD8rTUpqzRa766BOBO7BcGkn3X86m5+cBm1/2S/Shzz7gMg==
    dependencies:
      assert-plus "^1.0.0"
  
  ldapjs@^2.3.1:
    version "2.3.3"
    resolved "https://registry.yarnpkg.com/ldapjs/-/ldapjs-2.3.3.tgz#06c317d3cbb5ac42fbba741e1a8b130ffcf997ab"
    integrity sha512-75QiiLJV/PQqtpH+HGls44dXweviFwQ6SiIK27EqzKQ5jU/7UFrl2E5nLdQ3IYRBzJ/AVFJI66u0MZ0uofKYwg==
    dependencies:
      abstract-logging "^2.0.0"
      asn1 "^0.2.4"
      assert-plus "^1.0.0"
      backoff "^2.5.0"
      ldap-filter "^0.3.3"
      once "^1.4.0"
      vasync "^2.2.0"
      verror "^1.8.1"
  
  lilconfig@^2.0.3, lilconfig@^2.1.0:
    version "2.1.0"
    resolved "https://registry.yarnpkg.com/lilconfig/-/lilconfig-2.1.0.tgz#78e23ac89ebb7e1bfbf25b18043de756548e7f52"
    integrity sha512-utWOt/GHzuUxnLKxB6dk81RoOeoNeHgbrXiuGk4yyF5qlRz+iIVWu56E2fqGHFrXz0QNUhLB/8nKqvRH66JKGQ==
  
  lines-and-columns@^1.1.6:
    version "1.2.4"
    resolved "https://registry.yarnpkg.com/lines-and-columns/-/lines-and-columns-1.2.4.tgz#eca284f75d2965079309dc0ad9255abb2ebc1632"
    integrity sha512-7ylylesZQ/PV29jhEDl3Ufjo6ZX7gCqJr5F7PKrqc93v7fzSymt1BpwEU8nAUXs8qzzvqhbjhK5QZg6Mt/HkBg==
  
  liquidjs@^9.25.0:
    version "9.43.0"
    resolved "https://registry.yarnpkg.com/liquidjs/-/liquidjs-9.43.0.tgz#69924ed3bbe143c17c13ea675cc70390d72eb307"
    integrity sha512-qZZuL5Emja2UgCqiLewiw9bvwZQwm19TTGFxDkonVzB4YSTOZ8tuTVo/7Uu/AeW1cL2Qb/at3DSoV8wwyFXQCw==
  
  lit-element@^3.3.0:
    version "3.3.1"
    resolved "https://registry.yarnpkg.com/lit-element/-/lit-element-3.3.1.tgz#9dcb950b1fadf156dacf3ded8d7d51a8cf16a966"
    integrity sha512-Gl+2409uXWbf7n6cCl7Kzasm7zjT9xmdwi2BhLNi70sRKAgRkqueDu5mSIH3hPYMM0/vqBCdPXod3NbGkRA2ww==
    dependencies:
      "@lit-labs/ssr-dom-shim" "^1.1.0"
      "@lit/reactive-element" "^1.3.0"
      lit-html "^2.7.0"
  
  lit-html@^2.7.0:
    version "2.7.2"
    resolved "https://registry.yarnpkg.com/lit-html/-/lit-html-2.7.2.tgz#e4593da022298d8029ae3f67d10d322c18152d3d"
    integrity sha512-ZJCfKlA2XELu5tn7XuzOziGFGvf1SeQm+ngLWoJ8bXtSkRrrR3ms6SWy+gsdxeYwySLij5xAhdd2C3EX0ftxdQ==
    dependencies:
      "@types/trusted-types" "^2.0.2"
  
  lit@^2.6.1:
    version "2.7.2"
    resolved "https://registry.yarnpkg.com/lit/-/lit-2.7.2.tgz#8084355a3b834a8e62685f2e641242fd7c1698ce"
    integrity sha512-9QnZmG5mIKPRja96cpndMclLSi0Qrz2BXD6EbqNqCKMMjOWVm/BwAeXufFk2jqFsNmY07HOzU8X+8aTSVt3yrA==
    dependencies:
      "@lit/reactive-element" "^1.6.0"
      lit-element "^3.3.0"
      lit-html "^2.7.0"
  
  locate-path@^5.0.0:
    version "5.0.0"
    resolved "https://registry.yarnpkg.com/locate-path/-/locate-path-5.0.0.tgz#1afba396afd676a6d42504d0a67a3a7eb9f62aa0"
    integrity sha512-t7hw9pI+WvuwNJXwk5zVHpyhIqzg2qTlklJOf0mVxGSbe3Fp2VieZcduNYjaLDoy6p9uGpQEGWG87WpMKlNq8g==
    dependencies:
      p-locate "^4.1.0"
  
  locate-path@^6.0.0:
    version "6.0.0"
    resolved "https://registry.yarnpkg.com/locate-path/-/locate-path-6.0.0.tgz#55321eb309febbc59c4801d931a72452a681d286"
    integrity sha512-iPZK6eYjbxRu3uB4/WZ3EsEIMJFMqAoopl3R+zuq0UjcAm/MO6KCweDgPfP3elTztoKP3KtnVHxTn2NHBSDVUw==
    dependencies:
      p-locate "^5.0.0"
  
  lodash.camelcase@^4.3.0:
    version "4.3.0"
    resolved "https://registry.yarnpkg.com/lodash.camelcase/-/lodash.camelcase-4.3.0.tgz#b28aa6288a2b9fc651035c7711f65ab6190331a6"
    integrity sha512-TwuEnCnxbc3rAvhf/LbG7tJUDzhqXyFnv3dtzLOPgCG/hODL7WFnsbwktkD7yUV0RrreP/l1PALq/YSg6VvjlA==
  
  lodash.defaults@^4.2.0:
    version "4.2.0"
    resolved "https://registry.yarnpkg.com/lodash.defaults/-/lodash.defaults-4.2.0.tgz#d09178716ffea4dde9e5fb7b37f6f0802274580c"
    integrity sha512-qjxPLHd3r5DnsdGacqOMU6pb/avJzdh9tFX2ymgoZE27BmjXrNy/y4LoaiTeAb+O3gL8AfpJGtqfX/ae2leYYQ==
  
  lodash.flatten@^4.4.0:
    version "4.4.0"
    resolved "https://registry.yarnpkg.com/lodash.flatten/-/lodash.flatten-4.4.0.tgz#f31c22225a9632d2bbf8e4addbef240aa765a61f"
    integrity sha512-C5N2Z3DgnnKr0LOpv/hKCgKdb7ZZwafIrsesve6lmzvZIRZRGaZ/l6Q8+2W7NaT+ZwO3fFlSCzCzrDCFdJfZ4g==
  
  lodash.get@^4.4.2:
    version "4.4.2"
    resolved "https://registry.yarnpkg.com/lodash.get/-/lodash.get-4.4.2.tgz#2d177f652fa31e939b4438d5341499dfa3825e99"
    integrity sha512-z+Uw/vLuy6gQe8cfaFWD7p0wVv8fJl3mbzXh33RS+0oW2wvUqiRXiQ69gLWSLpgB5/6sU+r6BlQR0MBILadqTQ==
  
  lodash.includes@^4.3.0:
    version "4.3.0"
    resolved "https://registry.yarnpkg.com/lodash.includes/-/lodash.includes-4.3.0.tgz#60bb98a87cb923c68ca1e51325483314849f553f"
    integrity sha512-W3Bx6mdkRTGtlJISOvVD/lbqjTlPPUDTMnlXZFnVwi9NKJ6tiAk6LVdlhZMm17VZisqhKcgzpO5Wz91PCt5b0w==
  
  lodash.isarguments@^3.1.0:
    version "3.1.0"
    resolved "https://registry.yarnpkg.com/lodash.isarguments/-/lodash.isarguments-3.1.0.tgz#2f573d85c6a24289ff00663b491c1d338ff3458a"
    integrity sha512-chi4NHZlZqZD18a0imDHnZPrDeBbTtVN7GXMwuGdRH9qotxAjYs3aVLKc7zNOG9eddR5Ksd8rvFEBc9SsggPpg==
  
  lodash.isboolean@^3.0.3:
    version "3.0.3"
    resolved "https://registry.yarnpkg.com/lodash.isboolean/-/lodash.isboolean-3.0.3.tgz#6c2e171db2a257cd96802fd43b01b20d5f5870f6"
    integrity sha512-Bz5mupy2SVbPHURB98VAcw+aHh4vRV5IPNhILUCsOzRmsTmSQ17jIuqopAentWoehktxGd9e/hbIXq980/1QJg==
  
  lodash.isinteger@^4.0.4:
    version "4.0.4"
    resolved "https://registry.yarnpkg.com/lodash.isinteger/-/lodash.isinteger-4.0.4.tgz#619c0af3d03f8b04c31f5882840b77b11cd68343"
    integrity sha512-DBwtEWN2caHQ9/imiNeEA5ys1JoRtRfY3d7V9wkqtbycnAmTvRRmbHKDV4a0EYc678/dia0jrte4tjYwVBaZUA==
  
  lodash.isnil@^4.0.0:
    version "4.0.0"
    resolved "https://registry.yarnpkg.com/lodash.isnil/-/lodash.isnil-4.0.0.tgz#49e28cd559013458c814c5479d3c663a21bfaa6c"
    integrity sha512-up2Mzq3545mwVnMhTDMdfoG1OurpA/s5t88JmQX809eH3C8491iu2sfKhTfhQtKY78oPNhiaHJUpT/dUDAAtng==
  
  lodash.isnumber@^3.0.3:
    version "3.0.3"
    resolved "https://registry.yarnpkg.com/lodash.isnumber/-/lodash.isnumber-3.0.3.tgz#3ce76810c5928d03352301ac287317f11c0b1ffc"
    integrity sha512-QYqzpfwO3/CWf3XP+Z+tkQsfaLL/EnUlXWVkIk5FUPc4sBdTehEqZONuyRt2P67PXAk+NXmTBcc97zw9t1FQrw==
  
  lodash.isplainobject@^4.0.6:
    version "4.0.6"
    resolved "https://registry.yarnpkg.com/lodash.isplainobject/-/lodash.isplainobject-4.0.6.tgz#7c526a52d89b45c45cc690b88163be0497f550cb"
    integrity sha512-oSXzaWypCMHkPC3NvBEaPHf0KsA5mvPrOPgQWDsbg8n7orZ290M0BmC/jgRZ4vcJ6DTAhjrsSYgdsW/F+MFOBA==
  
  lodash.isstring@^4.0.1:
    version "4.0.1"
    resolved "https://registry.yarnpkg.com/lodash.isstring/-/lodash.isstring-4.0.1.tgz#d527dfb5456eca7cc9bb95d5daeaf88ba54a5451"
    integrity sha512-0wJxfxH1wgO3GrbuP+dTTk7op+6L41QCXbGINEmD+ny/G/eCqGzxyCsh7159S+mgDDcoarnBw6PC1PS5+wUGgw==
  
  lodash.memoize@^4.1.2:
    version "4.1.2"
    resolved "https://registry.yarnpkg.com/lodash.memoize/-/lodash.memoize-4.1.2.tgz#bcc6c49a42a2840ed997f323eada5ecd182e0bfe"
    integrity sha512-t7j+NzmgnQzTAYXcsHYLgimltOV1MXHtlOWf6GjL9Kj8GK5FInw5JotxvbOs+IvV1/Dzo04/fCGfLVs7aXb4Ag==
  
  lodash.once@^4.0.0:
    version "4.1.1"
    resolved "https://registry.yarnpkg.com/lodash.once/-/lodash.once-4.1.1.tgz#0dd3971213c7c56df880977d504c88fb471a97ac"
    integrity sha512-Sb487aTOCr9drQVL8pIxOzVhafOjZN9UU54hiN8PU3uAiSV7lx1yYNpbNmex2PK6dSJoNTSJUUswT651yww3Mg==
  
  lodash.uniq@^4.5.0:
    version "4.5.0"
    resolved "https://registry.yarnpkg.com/lodash.uniq/-/lodash.uniq-4.5.0.tgz#d0225373aeb652adc1bc82e4945339a842754773"
    integrity sha512-xfBaXQd9ryd9dlSDvnvI0lvxfLJlYAZzXomUYzLKtUeOQvOP5piqAWuGtrhWeqaXK9hhoM/iyJc5AV+XfsX3HQ==
  
  lodash@4.17.21, lodash@^4.15.0, lodash@^4.17.11, lodash@^4.17.14, lodash@^4.17.21:
    version "4.17.21"
    resolved "https://registry.yarnpkg.com/lodash/-/lodash-4.17.21.tgz#679591c564c3bffaae8454cf0b3df370c3d6911c"
    integrity sha512-v2kDEe57lecTulaDIuNTPy3Ry4gLGJ6Z1O3vE1krgXZNrsQ+LFTGHVxVjcXPs17LhbZVGedAJv8XZ1tvj5FvSg==
  
  log-symbols@^4.1.0:
    version "4.1.0"
    resolved "https://registry.yarnpkg.com/log-symbols/-/log-symbols-4.1.0.tgz#3fbdbb95b4683ac9fc785111e792e558d4abd503"
    integrity sha512-8XPvpAA8uyhfteu8pIvQxpJZ7SYYdpUivZpGy6sFsBuKRY/7rQGavedeB8aK+Zkyq6upMFVL/9AW6vOYzfRyLg==
    dependencies:
      chalk "^4.1.0"
      is-unicode-supported "^0.1.0"
  
  lru-cache@^6.0.0:
    version "6.0.0"
    resolved "https://registry.yarnpkg.com/lru-cache/-/lru-cache-6.0.0.tgz#6d6fe6570ebd96aaf90fcad1dafa3b2566db3a94"
    integrity sha512-Jo6dJ04CmSjuznwJSS3pUeWmd/H0ffTlkXXgwZi+eq1UCmqQwCh+eLsYOYCwY991i2Fah4h1BEMCx4qThGbsiA==
    dependencies:
      yallist "^4.0.0"
  
  luxon@^3.2.1:
    version "3.3.0"
    resolved "https://registry.yarnpkg.com/luxon/-/luxon-3.3.0.tgz#d73ab5b5d2b49a461c47cedbc7e73309b4805b48"
    integrity sha512-An0UCfG/rSiqtAIiBPO0Y9/zAnHUZxAMiCpTd5h2smgsj7GGmcenvrvww2cqNA8/4A5ZrD1gJpHN2mIHZQF+Mg==
  
  macos-release@^2.4.1:
    version "2.5.1"
    resolved "https://registry.yarnpkg.com/macos-release/-/macos-release-2.5.1.tgz#bccac4a8f7b93163a8d163b8ebf385b3c5f55bf9"
    integrity sha512-DXqXhEM7gW59OjZO8NIjBCz9AQ1BEMrfiOAl4AYByHCtVHRF4KoGNO8mqQeM8lRCtQe/UnJ4imO/d2HdkKsd+A==
  
  magic-string@^0.25.7:
    version "0.25.9"
    resolved "https://registry.yarnpkg.com/magic-string/-/magic-string-0.25.9.tgz#de7f9faf91ef8a1c91d02c2e5314c8277dbcdd1c"
    integrity sha512-RmF0AsMzgt25qzqqLc1+MbHmhdx0ojF2Fvs4XnOqz2ZOBXzzkEwc/dJQZCYHAn7v1jbVOjAZfK8msRn4BxO4VQ==
    dependencies:
      sourcemap-codec "^1.4.8"
  
  mailgun.js@^8.0.1:
    version "8.2.1"
    resolved "https://registry.yarnpkg.com/mailgun.js/-/mailgun.js-8.2.1.tgz#a5b828fea76b926ce4028ac528ff6bce9481c853"
    integrity sha512-iKHCMehdUcWzBAp8KU2idLP7AbsTxQ8DjJev4Gvm430Dujul+ZkzKPgn40uYpb9BXGL5l8/w5jpf2pvw51df/w==
    dependencies:
      axios "^1.3.3"
      base-64 "^1.0.0"
      url-join "^4.0.1"
  
  make-dir@^3.0.0, make-dir@^3.0.2, make-dir@^3.1.0:
    version "3.1.0"
    resolved "https://registry.yarnpkg.com/make-dir/-/make-dir-3.1.0.tgz#415e967046b3a7f1d185277d84aa58203726a13f"
    integrity sha512-g3FeP20LNwhALb/6Cz6Dd4F2ngze0jz7tbzrD2wAV+o9FeNHe4rL+yK2md0J/fiSf1sa1ADhXqi5+oVwOM/eGw==
    dependencies:
      semver "^6.0.0"
  
  make-fetch-happen@^9.1.0:
    version "9.1.0"
    resolved "https://registry.yarnpkg.com/make-fetch-happen/-/make-fetch-happen-9.1.0.tgz#53085a09e7971433e6765f7971bf63f4e05cb968"
    integrity sha512-+zopwDy7DNknmwPQplem5lAZX/eCOzSvSNNcSKm5eVwTkOBzoktEfXsa9L23J/GIRhxRsaxzkPEhrJEpE2F4Gg==
    dependencies:
      agentkeepalive "^4.1.3"
      cacache "^15.2.0"
      http-cache-semantics "^4.1.0"
      http-proxy-agent "^4.0.1"
      https-proxy-agent "^5.0.0"
      is-lambda "^1.0.1"
      lru-cache "^6.0.0"
      minipass "^3.1.3"
      minipass-collect "^1.0.2"
      minipass-fetch "^1.3.2"
      minipass-flush "^1.0.5"
      minipass-pipeline "^1.2.4"
      negotiator "^0.6.2"
      promise-retry "^2.0.1"
      socks-proxy-agent "^6.0.0"
      ssri "^8.0.0"
  
  markdown-it-anchor@^8.4.1:
    version "8.6.7"
    resolved "https://registry.yarnpkg.com/markdown-it-anchor/-/markdown-it-anchor-8.6.7.tgz#ee6926daf3ad1ed5e4e3968b1740eef1c6399634"
    integrity sha512-FlCHFwNnutLgVTflOYHPW2pPcl2AACqVzExlkGQNsi4CJgqOHN7YTgDd4LuhgN1BFO3TS0vLAruV1Td6dwWPJA==
  
  markdown-it-container@^3.0.0:
    version "3.0.0"
    resolved "https://registry.yarnpkg.com/markdown-it-container/-/markdown-it-container-3.0.0.tgz#1d19b06040a020f9a827577bb7dbf67aa5de9a5b"
    integrity sha512-y6oKTq4BB9OQuY/KLfk/O3ysFhB3IMYoIWhGJEidXt1NQFocFK2sA2t0NYZAMyMShAGL6x5OPIbrmXPIqaN9rw==
  
  markdown-it-table-of-contents@^0.6.0:
    version "0.6.0"
    resolved "https://registry.yarnpkg.com/markdown-it-table-of-contents/-/markdown-it-table-of-contents-0.6.0.tgz#7c9e8d619fb12f88c9fb05a7b32b2fe932b9c541"
    integrity sha512-jHvEjZVEibyW97zEYg19mZCIXO16lHbvRaPDkEuOfMPBmzlI7cYczMZLMfUvwkhdOVQpIxu3gx6mgaw46KsNsQ==
  
  marked@^4.0.3, marked@^4.2.12:
    version "4.3.0"
    resolved "https://registry.yarnpkg.com/marked/-/marked-4.3.0.tgz#796362821b019f734054582038b116481b456cf3"
    integrity sha512-PRsaiG84bK+AMvxziE/lCFss8juXjNaWzVbN5tXAm4XjeaS9NAHhop+PjQxz2A9h8Q4M/xGmzP8vqNwy6JeK0A==
  
  mdn-data@2.0.14:
    version "2.0.14"
    resolved "https://registry.yarnpkg.com/mdn-data/-/mdn-data-2.0.14.tgz#7113fc4281917d63ce29b43446f701e68c25ba50"
    integrity sha512-dn6wd0uw5GsdswPFfsgMp5NSB0/aDe6fK94YJV/AJDYXL6HVLWBsxeq7js7Ad+mU2K9LAlwpk6kN2D5mwCPVow==
  
  mdn-data@2.0.28:
    version "2.0.28"
    resolved "https://registry.yarnpkg.com/mdn-data/-/mdn-data-2.0.28.tgz#5ec48e7bef120654539069e1ae4ddc81ca490eba"
    integrity sha512-aylIc7Z9y4yzHYAJNuESG3hfhC+0Ibp/MAMiaOZgNv4pmEdFyfZhhhny4MNiAfWdBQ1RQ2mfDWmM1x8SvGyp8g==
  
  mdn-data@2.0.30:
    version "2.0.30"
    resolved "https://registry.yarnpkg.com/mdn-data/-/mdn-data-2.0.30.tgz#ce4df6f80af6cfbe218ecd5c552ba13c4dfa08cc"
    integrity sha512-GaqWWShW4kv/G9IEucWScBx9G1/vsFZZJUO+tD26M8J8z3Kw5RDQjaoZe03YAClgeS/SWPOcb4nkFBTEi5DUEA==
  
  media-typer@0.3.0:
    version "0.3.0"
    resolved "https://registry.yarnpkg.com/media-typer/-/media-typer-0.3.0.tgz#8710d7af0aa626f8fffa1ce00168545263255748"
    integrity sha512-dq+qelQ9akHpcOl/gUVRTxVIOkAJ1wR3QAvb4RsVjS8oVoFjDGTc679wJYmUmknUF5HwMLOgb5O+a3KxfWapPQ==
  
  memcached@^2.2.2:
    version "2.2.2"
    resolved "https://registry.yarnpkg.com/memcached/-/memcached-2.2.2.tgz#68f86ccfd84bcf93cc25ed46d6d7fc0c7521c9d5"
    integrity sha512-lHwUmqkT9WdUUgRsAvquO4xsKXYaBd644Orz31tuth+w/BIfFNuJMWwsG7sa7H3XXytaNfPTZ5R/yOG3d9zJMA==
    dependencies:
      hashring "3.2.x"
      jackpot ">=0.0.6"
  
  memjs@^1.3.0:
    version "1.3.1"
    resolved "https://registry.yarnpkg.com/memjs/-/memjs-1.3.1.tgz#88a6290810e8d406cf923645587d82cc06890c66"
    integrity sha512-yaCfHqmws1dP12uAhmD5jb+k0IM/9d//vidLoSyooxb9Rhaa5+cN+WEMwOg+CU1tH9epGiso/VsOXwchAHfvqw==
  
  memory-pager@^1.0.2:
    version "1.5.0"
    resolved "https://registry.yarnpkg.com/memory-pager/-/memory-pager-1.5.0.tgz#d8751655d22d384682741c972f2c3d6dfa3e66b5"
    integrity sha512-ZS4Bp4r/Zoeq6+NLJpP+0Zzm0pR8whtGPf1XExKLJBAczGMnSi3It14OiNCStjQjM6NU1okjQGSxgEZN8eBYKg==
  
  merge-descriptors@1.0.1:
    version "1.0.1"
    resolved "https://registry.yarnpkg.com/merge-descriptors/-/merge-descriptors-1.0.1.tgz#b00aaa556dd8b44568150ec9d1b953f3f90cbb61"
    integrity sha512-cCi6g3/Zr1iqQi6ySbseM1Xvooa98N0w31jzUYrXPX2xqObmFGHJ0tQ5u74H3mVh7wLouTseZyYIq39g8cNp1w==
  
  merge-stream@^2.0.0:
    version "2.0.0"
    resolved "https://registry.yarnpkg.com/merge-stream/-/merge-stream-2.0.0.tgz#52823629a14dd00c9770fb6ad47dc6310f2c1f60"
    integrity sha512-abv/qOcuPfk3URPfDzmZU1LKmuw8kT+0nIHvKrKgFrwifol/doWcdA4ZqsWQ8ENrFKkd67Mfpo/LovbIUsbt3w==
  
  merge2@^1.3.0, merge2@^1.4.1:
    version "1.4.1"
    resolved "https://registry.yarnpkg.com/merge2/-/merge2-1.4.1.tgz#4368892f885e907455a6fd7dc55c0c9d404990ae"
    integrity sha512-8q7VEgMJW4J8tcfVPy8g09NcQwZdbwFEqhe/WZkoIzjn/3TGDwtOCYtXGxA3O8tPzpczCCDgv+P2P5y00ZJOOg==
  
  methods@^1.1.2, methods@~1.1.2:
    version "1.1.2"
    resolved "https://registry.yarnpkg.com/methods/-/methods-1.1.2.tgz#5529a4d67654134edcc5266656835b0f851afcee"
    integrity sha512-iclAHeNqNm68zFtnZ0e+1L2yUIdvzNoauKU4WBA3VvH/vPFieF7qfRlwUZU+DA9P9bPXIS90ulxoUoCH23sV2w==
  
  micromatch@^4.0.4:
    version "4.0.5"
    resolved "https://registry.yarnpkg.com/micromatch/-/micromatch-4.0.5.tgz#bc8999a7cbbf77cdc89f132f6e467051b49090c6"
    integrity sha512-DMy+ERcEW2q8Z2Po+WNXuw3c5YaUSFjAO5GsJqfEl7UjvtIuFKO6ZrKvcItdy98dwFI2N1tg3zNIdKaQT+aNdA==
    dependencies:
      braces "^3.0.2"
      picomatch "^2.3.1"
  
  micromustache@^8.0.3:
    version "8.0.3"
    resolved "https://registry.yarnpkg.com/micromustache/-/micromustache-8.0.3.tgz#0a80eebc3bf4f800784e621d3774e2bbd4d09e5a"
    integrity sha512-SXjrEPuYNtWq0reR9LR2nHdzdQx/3re9HPcDGjm00L7hi2RsH5KMRBhYEBvPdyQC51RW/2TznjwX/sQLPPyHNw==
  
  mime-db@1.52.0, "mime-db@>= 1.43.0 < 2":
    version "1.52.0"
    resolved "https://registry.yarnpkg.com/mime-db/-/mime-db-1.52.0.tgz#bbabcdc02859f4987301c856e3387ce5ec43bf70"
    integrity sha512-sPU4uV7dYlvtWJxwwxHD0PuihVNiE7TyAbQ5SWxDCB9mUYvOgroQOwYQQOKPJ8CIbE+1ETVlOoK1UC2nU3gYvg==
  
  mime-types@^2.0.8, mime-types@^2.1.12, mime-types@^2.1.27, mime-types@^2.1.31, mime-types@^2.1.34, mime-types@~2.1.24, mime-types@~2.1.34:
    version "2.1.35"
    resolved "https://registry.yarnpkg.com/mime-types/-/mime-types-2.1.35.tgz#381a871b62a734450660ae3deee44813f70d959a"
    integrity sha512-ZDY+bPm5zTTF+YpCrAU9nK0UgICYPT0QtT1NZWFv4s++TNkcgVaT0g6+4R2uI4MjQjzysHB1zxuWL50hzaeXiw==
    dependencies:
      mime-db "1.52.0"
  
  mime@1.6.0:
    version "1.6.0"
    resolved "https://registry.yarnpkg.com/mime/-/mime-1.6.0.tgz#32cd9e5c64553bd58d19a568af452acff04981b1"
    integrity sha512-x0Vn8spI+wuJ1O6S7gnbaQg8Pxh4NNHb7KSINmEWKiPE4RKOplvijn+NkmYmmRgP68mc70j2EbeTFRsrswaQeg==
  
  mime@2.6.0:
    version "2.6.0"
    resolved "https://registry.yarnpkg.com/mime/-/mime-2.6.0.tgz#a2a682a95cd4d0cb1d6257e28f83da7e35800367"
    integrity sha512-USPkMeET31rOMiarsBNIHZKLGgvKc/LrjofAnBlOttf5ajRvqiRA8QsenbcooctK6d6Ts6aqZXBA+XbkKthiQg==
  
  mime@^3.0.0:
    version "3.0.0"
    resolved "https://registry.yarnpkg.com/mime/-/mime-3.0.0.tgz#b374550dca3a0c18443b0c950a6a58f1931cf7a7"
    integrity sha512-jSCU7/VB1loIWBZe14aEYHU/+1UMEHoaO7qxCOVJOw9GgH72VAWppxNcjU+x9a2k3GSIBXNKxXQFqRvvZ7vr3A==
  
  mimic-fn@^2.1.0:
    version "2.1.0"
    resolved "https://registry.yarnpkg.com/mimic-fn/-/mimic-fn-2.1.0.tgz#7ed2c2ccccaf84d3ffcb7a69b57711fc2083401b"
    integrity sha512-OqbOk5oEQeAZ8WXWydlu9HJjz9WVdEIvamMCcXmuqUYjTknH/sqsWvhQ3vgwKFRR1HpjvNBKQ37nbJgYzGqGcg==
  
  mimic-response@^2.0.0:
    version "2.1.0"
    resolved "https://registry.yarnpkg.com/mimic-response/-/mimic-response-2.1.0.tgz#d13763d35f613d09ec37ebb30bac0469c0ee8f43"
    integrity sha512-wXqjST+SLt7R009ySCglWBCFpjUygmCIfD790/kVbiGmUgfYGuB14PiTd5DwVxSV4NcYHjzMkoj5LjQZwTQLEA==
  
  mimic-response@^3.1.0:
    version "3.1.0"
    resolved "https://registry.yarnpkg.com/mimic-response/-/mimic-response-3.1.0.tgz#2d1d59af9c1b129815accc2c46a022a5ce1fa3c9"
    integrity sha512-z0yWI+4FDrrweS8Zmt4Ej5HdJmky15+L2e6Wgn3+iK5fWzb6T3fhNFq2+MeTRb064c6Wr4N/wv0DzQTjNzHNGQ==
  
  minim@=0.23.8:
    version "0.23.8"
    resolved "https://registry.yarnpkg.com/minim/-/minim-0.23.8.tgz#a529837afe1654f119dfb68ce7487dd8d4866b9c"
    integrity sha512-bjdr2xW1dBCMsMGGsUeqM4eFI60m94+szhxWys+B1ztIt6gWSfeGBdSVCIawezeHYLYn0j6zrsXdQS/JllBzww==
    dependencies:
      lodash "^4.15.0"
  
  minimatch@=7.4.3:
    version "7.4.3"
    resolved "https://registry.yarnpkg.com/minimatch/-/minimatch-7.4.3.tgz#012cbf110a65134bb354ae9773b55256cdb045a2"
    integrity sha512-5UB4yYusDtkRPbRiy1cqZ1IpGNcJCGlEMG17RKzPddpyiPKoCdwohbED8g4QXT0ewCt8LTkQXuljsUfQ3FKM4A==
    dependencies:
      brace-expansion "^2.0.1"
  
  minimatch@^3.1.1:
    version "3.1.2"
    resolved "https://registry.yarnpkg.com/minimatch/-/minimatch-3.1.2.tgz#19cd194bfd3e428f049a70817c038d89ab4be35b"
    integrity sha512-J7p63hRiAjw1NDEww1W7i37+ByIrOWO5XQQAzZ3VOcL0PNybwpfmV/N05zFAzwQ9USyEcX6t3UO+K5aqBQOIHw==
    dependencies:
      brace-expansion "^1.1.7"
  
  minimist@^1.2.0, minimist@^1.2.3, minimist@~1.2.0:
    version "1.2.8"
    resolved "https://registry.yarnpkg.com/minimist/-/minimist-1.2.8.tgz#c1a464e7693302e082a075cee0c057741ac4772c"
    integrity sha512-2yyAR8qBkN3YuheJanUpWC5U3bb5osDywNB8RzDVlDwDHbocAJveqqj1u8+SVD7jkWT4yvsHCpWqqWqAxb0zCA==
  
  minipass-collect@^1.0.2:
    version "1.0.2"
    resolved "https://registry.yarnpkg.com/minipass-collect/-/minipass-collect-1.0.2.tgz#22b813bf745dc6edba2576b940022ad6edc8c617"
    integrity sha512-6T6lH0H8OG9kITm/Jm6tdooIbogG9e0tLgpY6mphXSm/A9u8Nq1ryBG+Qspiub9LjWlBPsPS3tWQ/Botq4FdxA==
    dependencies:
      minipass "^3.0.0"
  
  minipass-fetch@^1.3.2:
    version "1.4.1"
    resolved "https://registry.yarnpkg.com/minipass-fetch/-/minipass-fetch-1.4.1.tgz#d75e0091daac1b0ffd7e9d41629faff7d0c1f1b6"
    integrity sha512-CGH1eblLq26Y15+Azk7ey4xh0J/XfJfrCox5LDJiKqI2Q2iwOLOKrlmIaODiSQS8d18jalF6y2K2ePUm0CmShw==
    dependencies:
      minipass "^3.1.0"
      minipass-sized "^1.0.3"
      minizlib "^2.0.0"
    optionalDependencies:
      encoding "^0.1.12"
  
  minipass-flush@^1.0.5:
    version "1.0.5"
    resolved "https://registry.yarnpkg.com/minipass-flush/-/minipass-flush-1.0.5.tgz#82e7135d7e89a50ffe64610a787953c4c4cbb373"
    integrity sha512-JmQSYYpPUqX5Jyn1mXaRwOda1uQ8HP5KAT/oDSLCzt1BYRhQU0/hDtsB1ufZfEEzMZ9aAVmsBw8+FWsIXlClWw==
    dependencies:
      minipass "^3.0.0"
  
  minipass-pipeline@^1.2.2, minipass-pipeline@^1.2.4:
    version "1.2.4"
    resolved "https://registry.yarnpkg.com/minipass-pipeline/-/minipass-pipeline-1.2.4.tgz#68472f79711c084657c067c5c6ad93cddea8214c"
    integrity sha512-xuIq7cIOt09RPRJ19gdi4b+RiNvDFYe5JH+ggNvBqGqpQXcru3PcRmOZuHBKWK1Txf9+cQ+HMVN4d6z46LZP7A==
    dependencies:
      minipass "^3.0.0"
  
  minipass-sized@^1.0.3:
    version "1.0.3"
    resolved "https://registry.yarnpkg.com/minipass-sized/-/minipass-sized-1.0.3.tgz#70ee5a7c5052070afacfbc22977ea79def353b70"
    integrity sha512-MbkQQ2CTiBMlA2Dm/5cY+9SWFEN8pzzOXi6rlM5Xxq0Yqbda5ZQy9sU75a673FE9ZK0Zsbr6Y5iP6u9nktfg2g==
    dependencies:
      minipass "^3.0.0"
  
  minipass@^3.0.0, minipass@^3.1.0, minipass@^3.1.1, minipass@^3.1.3:
    version "3.3.6"
    resolved "https://registry.yarnpkg.com/minipass/-/minipass-3.3.6.tgz#7bba384db3a1520d18c9c0e5251c3444e95dd94a"
    integrity sha512-DxiNidxSEK+tHG6zOIklvNOwm3hvCrbUrdtzY74U6HKTJxvIDfOUL5W5P2Ghd3DTkhhKPYGqeNUIh5qcM4YBfw==
    dependencies:
      yallist "^4.0.0"
  
  minipass@^4.0.0:
    version "4.2.8"
    resolved "https://registry.yarnpkg.com/minipass/-/minipass-4.2.8.tgz#f0010f64393ecfc1d1ccb5f582bcaf45f48e1a3a"
    integrity sha512-fNzuVyifolSLFL4NzpF+wEF4qrgqaaKX0haXPQEdQ7NKAN+WecoKMHV09YcuL/DHxrUsYQOK3MiuDf7Ip2OXfQ==
  
  minizlib@^2.0.0, minizlib@^2.1.1:
    version "2.1.2"
    resolved "https://registry.yarnpkg.com/minizlib/-/minizlib-2.1.2.tgz#e90d3466ba209b932451508a11ce3d3632145931"
    integrity sha512-bAxsR8BVfj60DWXHE3u30oHzfl4G7khkSuPW+qvpd7jFRHm7dLxOjUk1EHACJ/hxLY8phGJ0YhYHZo7jil7Qdg==
    dependencies:
      minipass "^3.0.0"
      yallist "^4.0.0"
  
  mkdirp-classic@^0.5.2, mkdirp-classic@^0.5.3:
    version "0.5.3"
    resolved "https://registry.yarnpkg.com/mkdirp-classic/-/mkdirp-classic-0.5.3.tgz#fa10c9115cc6d8865be221ba47ee9bed78601113"
    integrity sha512-gKLcREMhtuZRwRAfqP3RFW+TK4JqApVBtOIftVgjuABpAtpxhPGaDcfvbhNvD0B8iD1oUr/txX35NjcaY6Ns/A==
  
  mkdirp@^1.0.3, mkdirp@^1.0.4:
    version "1.0.4"
    resolved "https://registry.yarnpkg.com/mkdirp/-/mkdirp-1.0.4.tgz#3eb5ed62622756d79a5f0e2a221dfebad75c2f7e"
    integrity sha512-vVqVZQyf3WLx2Shd0qJ9xuvqgAyKPLAiqITEtqW0oIUjzo3PePDd6fW9iFz30ef7Ysp/oiWqbhszeGWW2T6Gzw==
  
  ml-array-mean@^1.1.6:
    version "1.1.6"
    resolved "https://registry.yarnpkg.com/ml-array-mean/-/ml-array-mean-1.1.6.tgz#d951a700dc8e3a17b3e0a583c2c64abd0c619c56"
    integrity sha512-MIdf7Zc8HznwIisyiJGRH9tRigg3Yf4FldW8DxKxpCCv/g5CafTw0RRu51nojVEOXuCQC7DRVVu5c7XXO/5joQ==
    dependencies:
      ml-array-sum "^1.1.6"
  
  ml-array-standard-deviation@^1.1.8:
    version "1.1.8"
    resolved "https://registry.yarnpkg.com/ml-array-standard-deviation/-/ml-array-standard-deviation-1.1.8.tgz#1bb2d571acca03555ae61274ecb688ed25d4bab5"
    integrity sha512-KshBSaMp0/JpHa709bMVry1aneI6uQhw2dh1oec2KXLxfzb0jBI6RR0wNPRAH1IYyArFm3bfVf/wKUbadGiyAg==
    dependencies:
      ml-array-variance "^1.1.8"
  
  ml-array-sum@^1.1.6:
    version "1.1.6"
    resolved "https://registry.yarnpkg.com/ml-array-sum/-/ml-array-sum-1.1.6.tgz#d1d89c20793cd29c37b09d40e85681aa4515a955"
    integrity sha512-29mAh2GwH7ZmiRnup4UyibQZB9+ZLyMShvt4cH4eTK+cL2oEMIZFnSyB3SS8MlsTh6q/w/yh48KmqLxmovN4Dw==
    dependencies:
      is-any-array "^2.0.0"
  
  ml-array-variance@^1.1.8:
    version "1.1.8"
    resolved "https://registry.yarnpkg.com/ml-array-variance/-/ml-array-variance-1.1.8.tgz#71ffbca9a912c79c85f7354b366b5f38d0fc0cce"
    integrity sha512-Pr9VNlJQb5FhiVw1VeL8rcKZsCgq7kDX3gvfx8ef0ihHqGfKtFU6K085VqYp3ho0gS7slY9b2zZzbkqfdIRekQ==
    dependencies:
      is-any-array "^2.0.0"
      ml-array-mean "^1.1.6"
  
  mmmagic@^0.5.3:
    version "0.5.3"
    resolved "https://registry.yarnpkg.com/mmmagic/-/mmmagic-0.5.3.tgz#a28feb0cf85632fd6a1e233e4a584990ae0d7302"
    integrity sha512-xLqCu7GJYTzJczg0jafXFuh+iPzQL/ru0YYf4GiTTz8Cehru/wiXtUS8Pp8Xi77zNaiVndJ0OO1yAFci6iHyFg==
    dependencies:
      nan "^2.13.2"
  
  mongodb-connection-string-url@^2.5.4:
    version "2.6.0"
    resolved "https://registry.yarnpkg.com/mongodb-connection-string-url/-/mongodb-connection-string-url-2.6.0.tgz#57901bf352372abdde812c81be47b75c6b2ec5cf"
    integrity sha512-WvTZlI9ab0QYtTYnuMLgobULWhokRjtC7db9LtcVfJ+Hsnyr5eo6ZtNAt3Ly24XZScGMelOcGtm7lSn0332tPQ==
    dependencies:
      "@types/whatwg-url" "^8.2.1"
      whatwg-url "^11.0.0"
  
  mongodb@^4.6.0:
    version "4.15.0"
    resolved "https://registry.yarnpkg.com/mongodb/-/mongodb-4.15.0.tgz#6d071c39e2b861314dffb2960a343f280f50c2c9"
    integrity sha512-1iM2fF2fSNVrecOq4pW9zaJHFNuk63RX3SsppIjC2df8JkBv6odGOIu9FuqnI6gQD0KAF2az4zZdQdabqGSLDQ==
    dependencies:
      bson "^4.7.2"
      mongodb-connection-string-url "^2.5.4"
      socks "^2.7.1"
    optionalDependencies:
      "@aws-sdk/credential-providers" "^3.186.0"
      saslprep "^1.0.3"
  
  ms@2.0.0:
    version "2.0.0"
    resolved "https://registry.yarnpkg.com/ms/-/ms-2.0.0.tgz#5608aeadfc00be6c2901df5f9861788de0d597c8"
    integrity sha512-Tpp60P6IUJDTuOq/5Z8cdskzJujfwqfOTkrwIwj7IRISpnkJnT6SyJ4PCPnGMoFjC9ddhal5KVIYtAt97ix05A==
  
  ms@2.1.2:
    version "2.1.2"
    resolved "https://registry.yarnpkg.com/ms/-/ms-2.1.2.tgz#d09d1f357b443f493382a8eb3ccd183872ae6009"
    integrity sha512-sGkPx+VjMtmA6MX27oA4FBFELFCZZ4S4XqeGOXCv68tT+jb3vk/RyaKWP0PTKyWtmLSM0b+adUTEvbs1PEaH2w==
  
  ms@2.1.3, ms@^2.0.0, ms@^2.1.1, ms@^2.1.3:
    version "2.1.3"
    resolved "https://registry.yarnpkg.com/ms/-/ms-2.1.3.tgz#574c8138ce1d2b5861f0b44579dbadd60c6615b2"
    integrity sha512-6FlzubTLZG3J2a/NVCAleEhjzq5oxgHyaCU9yYXvcLsvoVaHJq/s5xXI6/XXP6tz7R9xAOtHnSO/tXtF3WRTlA==
  
  msal@^1.0.2:
    version "1.4.17"
    resolved "https://registry.yarnpkg.com/msal/-/msal-1.4.17.tgz#b78171c0471ede506eeaabc86343f8f4e2d01634"
    integrity sha512-RjHwP2cCIWQ9iUIk1SziUMb9+jj5mC4OqG2w16E5yig8jySi/TwiFvKlwcjNrPsndph0HtgCtbENnk5julf3yQ==
    dependencies:
      tslib "^1.9.3"
  
  msgpackr-extract@^3.0.1:
    version "3.0.2"
    resolved "https://registry.yarnpkg.com/msgpackr-extract/-/msgpackr-extract-3.0.2.tgz#e05ec1bb4453ddf020551bcd5daaf0092a2c279d"
    integrity sha512-SdzXp4kD/Qf8agZ9+iTu6eql0m3kWm1A2y1hkpTeVNENutaB0BwHlSvAIaMxwntmRUAUjon2V4L8Z/njd0Ct8A==
    dependencies:
      node-gyp-build-optional-packages "5.0.7"
    optionalDependencies:
      "@msgpackr-extract/msgpackr-extract-darwin-arm64" "3.0.2"
      "@msgpackr-extract/msgpackr-extract-darwin-x64" "3.0.2"
      "@msgpackr-extract/msgpackr-extract-linux-arm" "3.0.2"
      "@msgpackr-extract/msgpackr-extract-linux-arm64" "3.0.2"
      "@msgpackr-extract/msgpackr-extract-linux-x64" "3.0.2"
      "@msgpackr-extract/msgpackr-extract-win32-x64" "3.0.2"
  
  msgpackr@^1.5.2:
    version "1.8.5"
    resolved "https://registry.yarnpkg.com/msgpackr/-/msgpackr-1.8.5.tgz#8cadfb935357680648f33699d0e833c9179dbfeb"
    integrity sha512-mpPs3qqTug6ahbblkThoUY2DQdNXcm4IapwOS3Vm/87vmpzLVelvp9h3It1y9l1VPpiFLV11vfOXnmeEwiIXwg==
    optionalDependencies:
      msgpackr-extract "^3.0.1"
  
  mssql@^7.3.0:
    version "7.3.5"
    resolved "https://registry.yarnpkg.com/mssql/-/mssql-7.3.5.tgz#f2efe50d863b642e64ed5c7bf33cf640dd0f854c"
    integrity sha512-LTOSQ3k8yZTBfO/5XwH7zC6fDPBx1sYgMXZyP/k+ErWrhZN8faAvDq+/gMlm9DaFG9yaOipHedF5JSPV17EHNw==
    dependencies:
      "@tediousjs/connection-string" "^0.3.0"
      debug "^4.3.3"
      rfdc "^1.3.0"
      tarn "^3.0.1"
      tedious "^11.4.0"
  
  mute-stream@0.0.8:
    version "0.0.8"
    resolved "https://registry.yarnpkg.com/mute-stream/-/mute-stream-0.0.8.tgz#1630c42b2251ff81e2a283de96a5497ea92e5e0d"
    integrity sha512-nnbWWOkoWyUsTjKrhgD0dcz22mdkSnpYqbEjIm2nhwhuxlSkpywJmBo8h0ZqJdkp73mb90SssHkN4rsRaBAfAA==
  
  mv-data-core@9.13.7:
    version "9.13.7"
    resolved "https://registry.yarnpkg.com/mv-data-core/-/mv-data-core-9.13.7.tgz#32cbc384a641f039884e6d0d3b7858301dc739d3"
    integrity sha512-hhJqsFw1eFb7sKc5apBPA4OOWXKCfWZWrwOUh2fpRaAN49LTAaJt2mjrpicUR15qqBeV02K+3h4D6YUODnwFxA==
    dependencies:
      "@aws-sdk/client-ses" "^3.40.0"
      "@directus/app" "npm:@mv-data-core/app@9.13.1"
      "@directus/drive" "npm:@mv-data-core/drive@9.12.0"
      "@directus/drive-azure" "npm:@mv-data-core/drive-azure@9.12.1"
      "@directus/drive-gcs" "npm:@mv-data-core/drive-gcs@9.12.0"
      "@directus/drive-s3" "npm:@mv-data-core/drive-s3@9.12.0"
      "@directus/extensions-sdk" "npm:@mv-data-core/extensions-sdk@9.12.0"
      "@directus/format-title" "npm:@mv-data-core/format-title@9.12.0"
      "@directus/schema" "npm:@mv-data-core/schema@9.12.0"
      "@directus/shared" "npm:@mv-data-core/shared@9.12.4"
      "@directus/specs" "npm:@mv-data-core/specs@9.12.1"
      "@godaddy/terminus" "^4.9.0"
      "@rollup/plugin-alias" "^3.1.9"
      "@rollup/plugin-virtual" "^2.0.0"
      argon2 "^0.28.2"
      async "^3.2.0"
      async-mutex "^0.3.1"
      axios "^0.24.0"
      bull "^4.8.5"
      busboy "^0.3.1"
      camelcase "^6.2.0"
      chalk "^4.1.1"
      chokidar "^3.5.2"
      commander "^8.0.0"
      cookie-parser "^1.4.5"
      cors "^2.8.5"
      csv-parser "^3.0.0"
      date-fns "^2.22.1"
      deep-diff "^1.0.2"
      deep-map "^2.0.0"
      destroy "^1.0.4"
      dotenv "^10.0.0"
      eventemitter2 "^6.4.3"
      execa "^5.1.1"
      exifr "^7.1.2"
      express "^4.17.1"
      fast-redact "^3.1.1"
      flat "^5.0.2"
      fs-extra "^10.0.0"
      globby "^11.0.4"
      graphql "^15.5.0"
      graphql-compose "^9.0.1"
      helmet "^4.6.0"
      inquirer "^8.1.1"
      ioredis "^4.27.6"
      joi "^17.3.0"
      js-yaml "^4.1.0"
      js2xmlparser "^4.0.1"
      json2csv "^5.0.3"
      jsonwebtoken "^8.5.1"
      keyv "^4.0.3"
      knex "*"
      knex-schema-inspector "1.7.3"
      ldapjs "^2.3.1"
      liquidjs "^9.25.0"
      lodash "^4.17.21"
      macos-release "^2.4.1"
      marked "^4.0.3"
      micromustache "^8.0.3"
      mime-types "^2.1.31"
      ml-array-standard-deviation "^1.1.8"
      mmmagic "^0.5.3"
      mongodb "^4.6.0"
      ms "^2.1.3"
      nanoid "^3.1.23"
      node-cron "^3.0.0"
      node-machine-id "^1.1.12"
      nodemailer "^6.6.1"
      object-hash "^2.2.0"
      openapi3-ts "^2.0.0"
      openid-client "^5.0.0"
      ora "^5.4.0"
      otplib "^12.0.1"
      pino "6.13.3"
      pino-colada "^2.1.0"
      pino-http "5.8.0"
      progressbar "^1.3.0"
      qs "^6.9.4"
      rapidoc "^9.3.2"
      rate-limiter-flexible "^2.2.2"
      reflect-metadata "^0.1.13"
      resolve-cwd "^3.0.0"
      rollup "^2.67.3"
      sanitize-html "^2.6.0"
      sharp "^0.30.3"
      socket.io "^4.5.1"
      stream-json "^1.7.1"
      stream-mime-type "^1.0.2"
      strip-bom-stream "^4.0.0"
      supertest "^6.1.6"
      swagger-ui-express "^4.4.0"
      tmp-promise "^3.0.3"
      update-check "^1.5.4"
      uuid "^8.3.2"
      uuid-validate "0.0.3"
      wellknown "^0.5.0"
    optionalDependencies:
      "@keyv/redis" "^2.1.2"
      keyv-memcache "^1.2.5"
      memcached "^2.2.2"
      mysql "^2.18.1"
      nodemailer-mailgun-transport "^2.1.3"
      pg "^8.6.0"
      sqlite3 "^5.0.6"
      tedious "^13.0.0"
  
  mysql@^2.18.1:
    version "2.18.1"
    resolved "https://registry.yarnpkg.com/mysql/-/mysql-2.18.1.tgz#2254143855c5a8c73825e4522baf2ea021766717"
    integrity sha512-Bca+gk2YWmqp2Uf6k5NFEurwY/0td0cpebAucFpY/3jhrwrVGuxU2uQFCHjU19SJfje0yQvi+rVWdq78hR5lig==
    dependencies:
      bignumber.js "9.0.0"
      readable-stream "2.3.7"
      safe-buffer "5.1.2"
      sqlstring "2.3.1"
  
  nan@^2.13.2, nan@^2.14.0, nan@^2.14.1:
    version "2.17.0"
    resolved "https://registry.yarnpkg.com/nan/-/nan-2.17.0.tgz#c0150a2368a182f033e9aa5195ec76ea41a199cb"
    integrity sha512-2ZTgtl0nJsO0KQCjEpxcIr5D+Yv90plTitZt9JBfQvVJDS5seMl3FOvsh3+9CoYWXf/1l5OaZzzF6nDm4cagaQ==
  
  nanoid@^3.1.23, nanoid@^3.3.4:
    version "3.3.6"
    resolved "https://registry.yarnpkg.com/nanoid/-/nanoid-3.3.6.tgz#443380c856d6e9f9824267d960b4236ad583ea4c"
    integrity sha512-BGcqMMJuToF7i1rt+2PWSNVnWIkGCU78jBG3RxO/bZlnZPK2Cmi2QaffxGO/2RvWi9sL+FAiRiXMgsyxQ1DIDA==
  
  napi-build-utils@^1.0.1:
    version "1.0.2"
    resolved "https://registry.yarnpkg.com/napi-build-utils/-/napi-build-utils-1.0.2.tgz#b1fddc0b2c46e380a0b7a76f984dd47c41a13806"
    integrity sha512-ONmRUqK7zj7DWX0D9ADe03wbwOBZxNAfF20PlGfCWQcD3+/MakShIHrMqx9YwPTfxDdF1zLeL+RGZiR9kGMLdg==
  
  native-duplexpair@^1.0.0:
    version "1.0.0"
    resolved "https://registry.yarnpkg.com/native-duplexpair/-/native-duplexpair-1.0.0.tgz#7899078e64bf3c8a3d732601b3d40ff05db58fa0"
    integrity sha512-E7QQoM+3jvNtlmyfqRZ0/U75VFgCls+fSkbml2MpgWkWyz3ox8Y58gNhfuziuQYGNNQAbFZJQck55LHCnCK6CA==
  
  negotiator@0.6.3, negotiator@^0.6.2:
    version "0.6.3"
    resolved "https://registry.yarnpkg.com/negotiator/-/negotiator-0.6.3.tgz#58e323a72fedc0d6f9cd4d31fe49f51479590ccd"
    integrity sha512-+EUsqGPLsM+j/zdChZjsnX51g4XrHFOIXwfnCVPGlQk/k5giakcKsuxCObBRu6DSm9opw/O6slWbJdghQM4bBg==
  
  node-abi@^2.21.0:
    version "2.30.1"
    resolved "https://registry.yarnpkg.com/node-abi/-/node-abi-2.30.1.tgz#c437d4b1fe0e285aaf290d45b45d4d7afedac4cf"
    integrity sha512-/2D0wOQPgaUWzVSVgRMx+trKJRC2UG4SUc4oCJoXx9Uxjtp0Vy3/kt7zcbxHF8+Z/pK3UloLWzBISg72brfy1w==
    dependencies:
      semver "^5.4.1"
  
  node-abi@^3.3.0:
    version "3.35.0"
    resolved "https://registry.yarnpkg.com/node-abi/-/node-abi-3.35.0.tgz#c7f171af995cc5286fa95612c4ca97b3910eaa79"
    integrity sha512-jAlSOFR1Bls963NmFwxeQkNTzqjUF0NThm8Le7eRIRGzFUVJuMOFZDLv5Y30W/Oaw+KEebEJLAigwO9gQHoEmw==
    dependencies:
      semver "^7.3.5"
  
  node-abort-controller@^2.0.0:
    version "2.0.0"
    resolved "https://registry.yarnpkg.com/node-abort-controller/-/node-abort-controller-2.0.0.tgz#800e0d250d3b977175e48df4f74c2d3960076a79"
    integrity sha512-L8RfEgjBTHAISTuagw51PprVAqNZoG6KSB6LQ6H1bskMVkFs5E71IyjauLBv3XbuomJlguWF/VnRHdJ1gqiAqA==
  
  node-abort-controller@^3.0.0:
    version "3.1.1"
    resolved "https://registry.yarnpkg.com/node-abort-controller/-/node-abort-controller-3.1.1.tgz#a94377e964a9a37ac3976d848cb5c765833b8548"
    integrity sha512-AGK2yQKIjRuqnc6VkX2Xj5d+QW8xZ87pa1UK6yA6ouUyuxfHuMP6umE5QK7UmTeOAymo+Zx1Fxiuw9rVx8taHQ==
  
  node-addon-api@^4.2.0, node-addon-api@^4.3.0:
    version "4.3.0"
    resolved "https://registry.yarnpkg.com/node-addon-api/-/node-addon-api-4.3.0.tgz#52a1a0b475193e0928e98e0426a0d1254782b77f"
    integrity sha512-73sE9+3UaLYYFmDsFZnqCInzPyh3MqIwZO9cw58yIqAZhONrrabrYyYe3TuIqtIiOuTXVhsGau8hcrhhwSsDIQ==
  
  node-addon-api@^5.0.0:
    version "5.1.0"
    resolved "https://registry.yarnpkg.com/node-addon-api/-/node-addon-api-5.1.0.tgz#49da1ca055e109a23d537e9de43c09cca21eb762"
    integrity sha512-eh0GgfEkpnoWDq+VY8OyvYhFEzBk6jIYbRKdIlyTiAXIVJ8PyBaKb0rp7oDtoddbdoHWhq8wwr+XZ81F1rpNdA==
  
  node-cron@^3.0.0:
    version "3.0.2"
    resolved "https://registry.yarnpkg.com/node-cron/-/node-cron-3.0.2.tgz#bb0681342bd2dfb568f28e464031280e7f06bd01"
    integrity sha512-iP8l0yGlNpE0e6q1o185yOApANRe47UPbLf4YxfbiNHt/RU5eBcGB/e0oudruheSf+LQeDMezqC5BVAb5wwRcQ==
    dependencies:
      uuid "8.3.2"
  
  node-domexception@1.0.0:
    version "1.0.0"
    resolved "https://registry.yarnpkg.com/node-domexception/-/node-domexception-1.0.0.tgz#6888db46a1f71c0b76b3f7555016b63fe64766e5"
    integrity sha512-/jKZoMpw0F8GRwl4/eLROPA3cfcXtLApP0QzLmUT/HuPCZWyB7IY9ZrMeKw2O/nFIqPQB3PVM9aYm0F312AXDQ==
  
  node-exceptions@^4.0.1:
    version "4.0.1"
    resolved "https://registry.yarnpkg.com/node-exceptions/-/node-exceptions-4.0.1.tgz#70425d17a245c3c00709c72f57c4c20b39ef1a4c"
    integrity sha512-KJI+FawYOv74x60H6+zrBPfO2vvp9m0pHZi6SH8BBBuc67Irv11DsqY4Le4EBFq1/T5aXFU3hkLrMgtW7RNXxA==
  
  node-fetch@2.6.7:
    version "2.6.7"
    resolved "https://registry.yarnpkg.com/node-fetch/-/node-fetch-2.6.7.tgz#24de9fba827e3b4ae44dc8b20256a379160052ad"
    integrity sha512-ZjMPFEfVx5j+y2yF35Kzx5sF7kDzxuDj6ziH4FFbOp87zKDZNx8yExJIb05OGF4Nlt9IHFIMBkRl41VdvcNdbQ==
    dependencies:
      whatwg-url "^5.0.0"
  
  node-fetch@^2.6.1, node-fetch@^2.6.7:
    version "2.6.9"
    resolved "https://registry.yarnpkg.com/node-fetch/-/node-fetch-2.6.9.tgz#7c7f744b5cc6eb5fd404e0c7a9fec630a55657e6"
    integrity sha512-DJm/CJkZkRjKKj4Zi4BsKVZh3ValV5IR5s7LVZnW+6YMh0W1BfNA8XSs6DLMGYlId5F3KnA70uu2qepcR08Qqg==
    dependencies:
      whatwg-url "^5.0.0"
  
  node-forge@^1.3.1:
    version "1.3.1"
    resolved "https://registry.yarnpkg.com/node-forge/-/node-forge-1.3.1.tgz#be8da2af243b2417d5f646a770663a92b7e9ded3"
    integrity sha512-dPEtOeMvF9VMcYV/1Wb8CPoVAXtp6MKMlcbAt4ddqmGqUJ6fQZFXkNZNkNlfevtNkGtaSoXf/vNNNSvgrdXwtA==
  
  node-gyp-build-optional-packages@5.0.7:
    version "5.0.7"
    resolved "https://registry.yarnpkg.com/node-gyp-build-optional-packages/-/node-gyp-build-optional-packages-5.0.7.tgz#5d2632bbde0ab2f6e22f1bbac2199b07244ae0b3"
    integrity sha512-YlCCc6Wffkx0kHkmam79GKvDQ6x+QZkMjFGrIMxgFNILFvGSbCp2fCBC55pGTT9gVaz8Na5CLmxt/urtzRv36w==
  
  node-gyp@8.x:
    version "8.4.1"
    resolved "https://registry.yarnpkg.com/node-gyp/-/node-gyp-8.4.1.tgz#3d49308fc31f768180957d6b5746845fbd429937"
    integrity sha512-olTJRgUtAb/hOXG0E93wZDs5YiJlgbXxTwQAFHyNlRsXQnYzUaF2aGgujZbw+hR8aF4ZG/rST57bWMWD16jr9w==
    dependencies:
      env-paths "^2.2.0"
      glob "^7.1.4"
      graceful-fs "^4.2.6"
      make-fetch-happen "^9.1.0"
      nopt "^5.0.0"
      npmlog "^6.0.0"
      rimraf "^3.0.2"
      semver "^7.3.5"
      tar "^6.1.2"
      which "^2.0.2"
  
  node-machine-id@^1.1.12:
    version "1.1.12"
    resolved "https://registry.yarnpkg.com/node-machine-id/-/node-machine-id-1.1.12.tgz#37904eee1e59b320bb9c5d6c0a59f3b469cb6267"
    integrity sha512-QNABxbrPa3qEIfrE6GOJ7BYIuignnJw7iQ2YPbc3Nla1HzRJjXzZOiikfF8m7eAMfichLt3M4VgLOetqgDmgGQ==
  
  node-releases@^2.0.8:
    version "2.0.10"
    resolved "https://registry.yarnpkg.com/node-releases/-/node-releases-2.0.10.tgz#c311ebae3b6a148c89b1813fd7c4d3c024ef537f"
    integrity sha512-5GFldHPXVG/YZmFzJvKK2zDSzPKhEp0+ZR5SVaoSag9fsL5YgHbUHDfnG5494ISANDcK4KwPXAx2xqVEydmd7w==
  
  nodemailer-mailgun-transport@^2.1.3:
    version "2.1.5"
    resolved "https://registry.yarnpkg.com/nodemailer-mailgun-transport/-/nodemailer-mailgun-transport-2.1.5.tgz#4a83dfa4541dc2b56d891e74f8288a25125948a4"
    integrity sha512-hF7POkaxFgMvYEd5aHLaQJI2511ld+aQlQi7JH6bGjhjlZ33cIbTB9PimlIrLu5XC3z76Kde6e65OIwL9lOdTA==
    dependencies:
      consolidate "^0.15.1"
      form-data "^4.0.0"
      mailgun.js "^8.0.1"
  
  nodemailer@^6.6.1:
    version "6.9.1"
    resolved "https://registry.yarnpkg.com/nodemailer/-/nodemailer-6.9.1.tgz#8249d928a43ed85fec17b13d2870c8f758a126ed"
    integrity sha512-qHw7dOiU5UKNnQpXktdgQ1d3OFgRAekuvbJLcdG5dnEo/GtcTHRYM7+UfJARdOFU9WUQO8OiIamgWPmiSFHYAA==
  
  nopt@^5.0.0:
    version "5.0.0"
    resolved "https://registry.yarnpkg.com/nopt/-/nopt-5.0.0.tgz#530942bb58a512fccafe53fe210f13a25355dc88"
    integrity sha512-Tbj67rffqceeLpcRXrT7vKAN8CwfPeIBgM7E6iBkmKLV7bEMwpGgYLGv0jACUsECaa/vuxP0IjEont6umdMgtQ==
    dependencies:
      abbrev "1"
  
  normalize-path@^3.0.0, normalize-path@~3.0.0:
    version "3.0.0"
    resolved "https://registry.yarnpkg.com/normalize-path/-/normalize-path-3.0.0.tgz#0dcd69ff23a1c9b11fd0978316644a0388216a65"
    integrity sha512-6eZs5Ls3WtCisHWp9S2GUy8dqkpGi4BVSz3GaqiE6ezub0512ESztXUwUB6C6IKbQkY2Pnb/mD4WYojCRwcwLA==
  
  normalize-url@^6.0.1:
    version "6.1.0"
    resolved "https://registry.yarnpkg.com/normalize-url/-/normalize-url-6.1.0.tgz#40d0885b535deffe3f3147bec877d05fe4c5668a"
    integrity sha512-DlL+XwOy3NxAQ8xuC0okPgK46iuVNAK01YN7RueYBqqFeGsBjV9XmCAzAdgt+667bCl5kPh9EqKKDwnaPG1I7A==
  
  npm-run-path@^4.0.1:
    version "4.0.1"
    resolved "https://registry.yarnpkg.com/npm-run-path/-/npm-run-path-4.0.1.tgz#b7ecd1e5ed53da8e37a55e1c2269e0b97ed748ea"
    integrity sha512-S48WzZW777zhNIrn7gxOlISNAqi9ZC/uQFnRdbeIHhZhCA6UqpkOT8T1G7BvfdgP4Er8gF4sUbaS0i7QvIfCWw==
    dependencies:
      path-key "^3.0.0"
  
  npmlog@^4.0.1:
    version "4.1.2"
    resolved "https://registry.yarnpkg.com/npmlog/-/npmlog-4.1.2.tgz#08a7f2a8bf734604779a9efa4ad5cc717abb954b"
    integrity sha512-2uUqazuKlTaSI/dC8AzicUck7+IrEaOnN/e0jd3Xtt1KcGpwx30v50mL7oPyr/h9bL3E4aZccVwpwP+5W9Vjkg==
    dependencies:
      are-we-there-yet "~1.1.2"
      console-control-strings "~1.1.0"
      gauge "~2.7.3"
      set-blocking "~2.0.0"
  
  npmlog@^5.0.1:
    version "5.0.1"
    resolved "https://registry.yarnpkg.com/npmlog/-/npmlog-5.0.1.tgz#f06678e80e29419ad67ab964e0fa69959c1eb8b0"
    integrity sha512-AqZtDUWOMKs1G/8lwylVjrdYgqA4d9nu8hc+0gzRxlDb1I10+FHBGMXs6aiQHFdCUUlqH99MUMuLfzWDNDtfxw==
    dependencies:
      are-we-there-yet "^2.0.0"
      console-control-strings "^1.1.0"
      gauge "^3.0.0"
      set-blocking "^2.0.0"
  
  npmlog@^6.0.0:
    version "6.0.2"
    resolved "https://registry.yarnpkg.com/npmlog/-/npmlog-6.0.2.tgz#c8166017a42f2dea92d6453168dd865186a70830"
    integrity sha512-/vBvz5Jfr9dT/aFWd0FIRf+T/Q2WBsLENygUaFUqstqsycmZAP/t5BvFJTK0viFmSUxiUKTUplWy5vt+rvKIxg==
    dependencies:
      are-we-there-yet "^3.0.0"
      console-control-strings "^1.1.0"
      gauge "^4.0.3"
      set-blocking "^2.0.0"
  
  nth-check@^2.0.1:
    version "2.1.1"
    resolved "https://registry.yarnpkg.com/nth-check/-/nth-check-2.1.1.tgz#c9eab428effce36cd6b92c924bdb000ef1f1ed1d"
    integrity sha512-lqjrjmaOoAnWfMmBPL+XNnynZh2+swxiX3WUE0s4yEHI6m+AwrK2UZOimIRl3X/4QctVqS8AiZjFqyOGrMXb/w==
    dependencies:
      boolbase "^1.0.0"
  
  number-is-nan@^1.0.0:
    version "1.0.1"
    resolved "https://registry.yarnpkg.com/number-is-nan/-/number-is-nan-1.0.1.tgz#097b602b53422a522c1afb8790318336941a011d"
    integrity sha512-4jbtZXNAsfZbAHiiqjLPBiCl16dES1zI4Hpzzxw61Tk+loF+sBDBKx1ICKKKwIqQ7M0mFn1TmkN7euSncWgHiQ==
  
  object-assign@^4, object-assign@^4.1.0, object-assign@^4.1.1:
    version "4.1.1"
    resolved "https://registry.yarnpkg.com/object-assign/-/object-assign-4.1.1.tgz#2109adc7965887cfc05cbbd442cac8bfbb360863"
    integrity sha512-rJgTQnkUnH1sFw8yT6VSU3zD3sWmu6sZhIseY8VX+GRu3P6F7Fu+JNDoXfklElbLJSnc3FUQHVe4cU5hj+BcUg==
  
  object-hash@^2.0.1, object-hash@^2.2.0:
    version "2.2.0"
    resolved "https://registry.yarnpkg.com/object-hash/-/object-hash-2.2.0.tgz#5ad518581eefc443bd763472b8ff2e9c2c0d54a5"
    integrity sha512-gScRMn0bS5fH+IuwyIFgnh9zBdo4DV+6GhygmWM9HyNJSgS0hScp1f5vjtm7oIIOiT9trXrShAkLFSc2IqKNgw==
  
  object-inspect@^1.9.0:
    version "1.12.3"
    resolved "https://registry.yarnpkg.com/object-inspect/-/object-inspect-1.12.3.tgz#ba62dffd67ee256c8c086dfae69e016cd1f198b9"
    integrity sha512-geUvdk7c+eizMNUDkRpW1wJwgfOiOeHbxBR/hLXK1aT6zmVSO0jsQcs7fj6MGw89jC/cjGfLcNOrtMYtGqm81g==
  
  oidc-token-hash@^5.0.1:
    version "5.0.2"
    resolved "https://registry.yarnpkg.com/oidc-token-hash/-/oidc-token-hash-5.0.2.tgz#f9ca7f7f1f92d721a2973e66b7430cb52a486648"
    integrity sha512-U91Ba78GtVBxcExLI7U+hC2AwJQqXQEW/D3fjmJC4hhSVIgdl954KO4Gu95WqAlgDKJdLATxkmuxraWLT0fVRQ==
  
  on-finished@2.4.1:
    version "2.4.1"
    resolved "https://registry.yarnpkg.com/on-finished/-/on-finished-2.4.1.tgz#58c8c44116e54845ad57f14ab10b03533184ac3f"
    integrity sha512-oVlzkg3ENAhCk2zdv7IJwd/QUD4z2RxRwpkcGY8psCVcCYZNq4wYnVWALHM+brtuJjePWiYF/ClmuDr8Ch5+kg==
    dependencies:
      ee-first "1.1.1"
  
  once@^1.3.0, once@^1.3.1, once@^1.4.0:
    version "1.4.0"
    resolved "https://registry.yarnpkg.com/once/-/once-1.4.0.tgz#583b1aa775961d4b113ac17d9c50baef9dd76bd1"
    integrity sha512-lNaJgI+2Q5URQBkccEKHTQOPaXdUxnZZElQTZY0MFUAuaEqe1E+Nyvgdz/aIyNi6Z9MzO5dv1H8n58/GELp3+w==
    dependencies:
      wrappy "1"
  
  onetime@^5.1.0, onetime@^5.1.2:
    version "5.1.2"
    resolved "https://registry.yarnpkg.com/onetime/-/onetime-5.1.2.tgz#d0e96ebb56b07476df1dd9c4806e5237985ca45e"
    integrity sha512-kbpaSSGJTWdAY5KPVeMOKXSrPtr8C8C7wodJbcsd51jRnmD+GZu8Y0VoU6Dm5Z4vWr0Ig/1NKuWRKf7j5aaYSg==
    dependencies:
      mimic-fn "^2.1.0"
  
  open@^7.0.0:
    version "7.4.2"
    resolved "https://registry.yarnpkg.com/open/-/open-7.4.2.tgz#b8147e26dcf3e426316c730089fd71edd29c2321"
    integrity sha512-MVHddDVweXZF3awtlAS+6pgKLlm/JgxZ90+/NBurBoQctVOOB/zDdVjcyPzQ+0laDGbsWgrRkflI65sQeOgT9Q==
    dependencies:
      is-docker "^2.0.0"
      is-wsl "^2.1.1"
  
  openapi3-ts@^2.0.0, openapi3-ts@^2.0.1:
    version "2.0.2"
    resolved "https://registry.yarnpkg.com/openapi3-ts/-/openapi3-ts-2.0.2.tgz#a200dd838bf24c9086c8eedcfeb380b7eb31e82a"
    integrity sha512-TxhYBMoqx9frXyOgnRHufjQfPXomTIHYKhSKJ6jHfj13kS8OEIhvmE8CTuQyKtjjWttAjX5DPxM1vmalEpo8Qw==
    dependencies:
      yaml "^1.10.2"
  
  openid-client@^5.0.0:
    version "5.4.0"
    resolved "https://registry.yarnpkg.com/openid-client/-/openid-client-5.4.0.tgz#77f1cda14e2911446f16ea3f455fc7c405103eac"
    integrity sha512-hgJa2aQKcM2hn3eyVtN12tEA45ECjTJPXCgUh5YzTzy9qwapCvmDTVPWOcWVL0d34zeQoQ/hbG9lJhl3AYxJlQ==
    dependencies:
      jose "^4.10.0"
      lru-cache "^6.0.0"
      object-hash "^2.0.1"
      oidc-token-hash "^5.0.1"
  
  ora@^5.4.0, ora@^5.4.1:
    version "5.4.1"
    resolved "https://registry.yarnpkg.com/ora/-/ora-5.4.1.tgz#1b2678426af4ac4a509008e5e4ac9e9959db9e18"
    integrity sha512-5b6Y85tPxZZ7QytO+BQzysW31HJku27cRIlkbAXaNx+BdcVi+LlRFmVXzeF6a7JCwJpyw5c4b+YSVImQIrBpuQ==
    dependencies:
      bl "^4.1.0"
      chalk "^4.1.0"
      cli-cursor "^3.1.0"
      cli-spinners "^2.5.0"
      is-interactive "^1.0.0"
      is-unicode-supported "^0.1.0"
      log-symbols "^4.1.0"
      strip-ansi "^6.0.0"
      wcwidth "^1.0.1"
  
  os-tmpdir@~1.0.2:
    version "1.0.2"
    resolved "https://registry.yarnpkg.com/os-tmpdir/-/os-tmpdir-1.0.2.tgz#bbe67406c79aa85c5cfec766fe5734555dfa1274"
    integrity sha512-D2FR03Vir7FIu45XBY20mTb+/ZSWB00sjU9jdQXt83gDrI4Ztz5Fs7/yy74g2N5SVQY4xY1qDr4rNddwYRVX0g==
  
  otplib@^12.0.1:
    version "12.0.1"
    resolved "https://registry.yarnpkg.com/otplib/-/otplib-12.0.1.tgz#c1d3060ab7aadf041ed2960302f27095777d1f73"
    integrity sha512-xDGvUOQjop7RDgxTQ+o4pOol0/3xSZzawTiPKRrHnQWAy0WjhNs/5HdIDJCrqC4MBynmjXgULc6YfioaxZeFgg==
    dependencies:
      "@otplib/core" "^12.0.1"
      "@otplib/preset-default" "^12.0.1"
      "@otplib/preset-v11" "^12.0.1"
  
  p-finally@^1.0.0:
    version "1.0.0"
    resolved "https://registry.yarnpkg.com/p-finally/-/p-finally-1.0.0.tgz#3fbcfb15b899a44123b34b6dcc18b724336a2cae"
    integrity sha512-LICb2p9CB7FS+0eR1oqWnHhp0FljGLZCWBE9aix0Uye9W8LTQPwMTYVGWQWIw9RdQiDg4+epXQODwIYJtSJaow==
  
  p-limit@^2.2.0:
    version "2.3.0"
    resolved "https://registry.yarnpkg.com/p-limit/-/p-limit-2.3.0.tgz#3dd33c647a214fdfffd835933eb086da0dc21db1"
    integrity sha512-//88mFWSJx8lxCzwdAABTJL2MyWB12+eIY7MDL2SqLmAkeKU9qxRvWuSyTjm3FUmpBEMuFfckAIqEaVGUDxb6w==
    dependencies:
      p-try "^2.0.0"
  
  p-limit@^3.0.1, p-limit@^3.0.2:
    version "3.1.0"
    resolved "https://registry.yarnpkg.com/p-limit/-/p-limit-3.1.0.tgz#e1daccbe78d0d1388ca18c64fea38e3e57e3706b"
    integrity sha512-TYOanM3wGwNGsZN2cVTYPArw454xnXj5qmWF1bEoAc4+cU/ol7GVh7odevjp1FNHduHc3KZMcFduxU5Xc6uJRQ==
    dependencies:
      yocto-queue "^0.1.0"
  
  p-locate@^4.1.0:
    version "4.1.0"
    resolved "https://registry.yarnpkg.com/p-locate/-/p-locate-4.1.0.tgz#a3428bb7088b3a60292f66919278b7c297ad4f07"
    integrity sha512-R79ZZ/0wAxKGu3oYMlz8jy/kbhsNrS7SKZ7PxEHBgJ5+F2mtFW2fK2cOtBh1cHYkQsbzFV7I+EoRKe6Yt0oK7A==
    dependencies:
      p-limit "^2.2.0"
  
  p-locate@^5.0.0:
    version "5.0.0"
    resolved "https://registry.yarnpkg.com/p-locate/-/p-locate-5.0.0.tgz#83c8315c6785005e3bd021839411c9e110e6d834"
    integrity sha512-LaNjtRWUBY++zB5nE/NwcaoMylSPk+S+ZHNB1TzdbMJMny6dynpAGt7X/tl/QYq3TIeE6nxHppbo2LGymrG5Pw==
    dependencies:
      p-limit "^3.0.2"
  
  p-map@^2.1.0:
    version "2.1.0"
    resolved "https://registry.yarnpkg.com/p-map/-/p-map-2.1.0.tgz#310928feef9c9ecc65b68b17693018a665cea175"
    integrity sha512-y3b8Kpd8OAN444hxfBbFfj1FY/RjtTd8tzYwhUqNYXx0fXx2iX4maP4Qr6qhIKbQXI02wTLAda4fYUbDagTUFw==
  
  p-map@^4.0.0:
    version "4.0.0"
    resolved "https://registry.yarnpkg.com/p-map/-/p-map-4.0.0.tgz#bb2f95a5eda2ec168ec9274e06a747c3e2904d2b"
    integrity sha512-/bjOqmgETBYB5BoEeGVea8dmvHb2m9GLy1E9W43yeyfP6QQCZGFNa+XRceJEuDB6zqr+gKpIAmlLebMpykw/MQ==
    dependencies:
      aggregate-error "^3.0.0"
  
  p-queue@^6.6.2:
    version "6.6.2"
    resolved "https://registry.yarnpkg.com/p-queue/-/p-queue-6.6.2.tgz#2068a9dcf8e67dd0ec3e7a2bcb76810faa85e426"
    integrity sha512-RwFpb72c/BhQLEXIZ5K2e+AhgNVmIejGlTgiB9MzZ0e93GRvqZ7uSi0dvRF7/XIXDeNkra2fNHBxTyPDGySpjQ==
    dependencies:
      eventemitter3 "^4.0.4"
      p-timeout "^3.2.0"
  
  p-timeout@^3.2.0:
    version "3.2.0"
    resolved "https://registry.yarnpkg.com/p-timeout/-/p-timeout-3.2.0.tgz#c7e17abc971d2a7962ef83626b35d635acf23dfe"
    integrity sha512-rhIwUycgwwKcP9yTOOFK/AKsAopjjCakVqLHePO3CC6Mir1Z99xT+R63jZxAT5lFZLa2inS5h+ZS2GvR99/FBg==
    dependencies:
      p-finally "^1.0.0"
  
  p-try@^2.0.0:
    version "2.2.0"
    resolved "https://registry.yarnpkg.com/p-try/-/p-try-2.2.0.tgz#cb2868540e313d61de58fafbe35ce9004d5540e6"
    integrity sha512-R4nPAVTAU0B9D35/Gk3uJf/7XYbQcyohSKdvAxIRSNghFl4e71hVoGnBNQz9cWaXxO2I10KTC+3jMdvvoKw6dQ==
  
  packet-reader@1.0.0:
    version "1.0.0"
    resolved "https://registry.yarnpkg.com/packet-reader/-/packet-reader-1.0.0.tgz#9238e5480dedabacfe1fe3f2771063f164157d74"
    integrity sha512-HAKu/fG3HpHFO0AA8WE8q2g+gBJaZ9MG7fcKk+IJPLTGAD6Psw4443l+9DGRbOIh3/aXr7Phy0TjilYivJo5XQ==
  
  parent-module@^1.0.0:
    version "1.0.1"
    resolved "https://registry.yarnpkg.com/parent-module/-/parent-module-1.0.1.tgz#691d2709e78c79fae3a156622452d00762caaaa2"
    integrity sha512-GQ2EWRpQV8/o+Aw8YqtfZZPfNRWZYkbidE9k5rpl/hC3vtHHBfGm2Ifi6qWV+coDGkrUKZAxE3Lot5kcsRlh+g==
    dependencies:
      callsites "^3.0.0"
  
  parse-json@^5.0.0:
    version "5.2.0"
    resolved "https://registry.yarnpkg.com/parse-json/-/parse-json-5.2.0.tgz#c76fc66dee54231c962b22bcc8a72cf2f99753cd"
    integrity sha512-ayCKvm/phCGxOkYRSCM82iDwct8/EonSEgCSxWxD7ve6jHggsFl4fZVQBPRNgQoKiuV/odhFrGzQXZwbifC8Rg==
    dependencies:
      "@babel/code-frame" "^7.0.0"
      error-ex "^1.3.1"
      json-parse-even-better-errors "^2.3.0"
      lines-and-columns "^1.1.6"
  
  parse-ms@^2.1.0:
    version "2.1.0"
    resolved "https://registry.yarnpkg.com/parse-ms/-/parse-ms-2.1.0.tgz#348565a753d4391fa524029956b172cb7753097d"
    integrity sha512-kHt7kzLoS9VBZfUsiKjv43mr91ea+U05EyKkEtqp7vNbHxmaVuEqN7XxeEVnGrMtYOAxGrDElSi96K7EgO1zCA==
  
  parse-srcset@^1.0.2:
    version "1.0.2"
    resolved "https://registry.yarnpkg.com/parse-srcset/-/parse-srcset-1.0.2.tgz#f2bd221f6cc970a938d88556abc589caaaa2bde1"
    integrity sha512-/2qh0lav6CmI15FzA3i/2Bzk2zCgQhGMkvhOhKNcBVQ1ldgpbfiNTVslmooUmWJcADi1f1kIeynbDRVzNlfR6Q==
  
  parseurl@~1.3.3:
    version "1.3.3"
    resolved "https://registry.yarnpkg.com/parseurl/-/parseurl-1.3.3.tgz#9da19e7bee8d12dff0513ed5b76957793bc2e8d4"
    integrity sha512-CiyeOxFT/JZyN5m0z9PfXw4SCBJ6Sygz1Dpl0wqjlhDEGGBP1GnsUVEL0p63hoG1fcj3fHynXi9NYO4nWOL+qQ==
  
  path-exists@^4.0.0:
    version "4.0.0"
    resolved "https://registry.yarnpkg.com/path-exists/-/path-exists-4.0.0.tgz#513bdbe2d3b95d7762e8c1137efa195c6c61b5b3"
    integrity sha512-ak9Qy5Q7jYb2Wwcey5Fpvg2KoAc/ZIhLSLOSBmRmygPsGwkVVt0fZa0qrtMz+m6tJTAHfZQ8FnmB4MG4LWy7/w==
  
  path-is-absolute@^1.0.0:
    version "1.0.1"
    resolved "https://registry.yarnpkg.com/path-is-absolute/-/path-is-absolute-1.0.1.tgz#174b9268735534ffbc7ace6bf53a5a9e1b5c5f5f"
    integrity sha512-AVbw3UJ2e9bq64vSaS9Am0fje1Pa8pbGqTTsmXfaIiMpnr5DlDhfJOuLj9Sf95ZPVDAUerDfEk88MPmPe7UCQg==
  
  path-is-network-drive@^1.0.20:
    version "1.0.20"
    resolved "https://registry.yarnpkg.com/path-is-network-drive/-/path-is-network-drive-1.0.20.tgz#9c264db2e0fce5e9bc2ef9177fcab3f996d1a1b5"
    integrity sha512-p5wCWlRB4+ggzxWshqHH9aF3kAuVu295NaENXmVhThbZPJQBeJdxZTP6CIoUR+kWHDUW56S9YcaO1gXnc/BOxw==
    dependencies:
      tslib "^2"
  
  path-key@^3.0.0, path-key@^3.1.0:
    version "3.1.1"
    resolved "https://registry.yarnpkg.com/path-key/-/path-key-3.1.1.tgz#581f6ade658cbba65a0d3380de7753295054f375"
    integrity sha512-ojmeN0qd+y0jszEtoY48r0Peq5dwMEkIlCOu6Q5f41lfkswXuKtYrhgoTpLnyIcHm24Uhqx+5Tqm2InSwLhE6Q==
  
  path-parse@^1.0.7:
    version "1.0.7"
    resolved "https://registry.yarnpkg.com/path-parse/-/path-parse-1.0.7.tgz#fbc114b60ca42b30d9daf5858e4bd68bbedb6735"
    integrity sha512-LDJzPVEEEPR+y48z93A0Ed0yXb8pAByGWo/k5YYdYgpY2/2EsOsksJrq7lOHxryrVOn1ejG6oAp8ahvOIQD8sw==
  
  path-strip-sep@^1.0.17:
    version "1.0.17"
    resolved "https://registry.yarnpkg.com/path-strip-sep/-/path-strip-sep-1.0.17.tgz#3b7dd4f461cf73a9277333f50289ce9b00cffba3"
    integrity sha512-+2zIC2fNgdilgV7pTrktY6oOxxZUo9x5zJYfTzxsGze5kSGDDwhA5/0WlBn+sUyv/WuuyYn3OfM+Ue5nhdQUgA==
    dependencies:
      tslib "^2"
  
  path-to-regexp@0.1.7:
    version "0.1.7"
    resolved "https://registry.yarnpkg.com/path-to-regexp/-/path-to-regexp-0.1.7.tgz#df604178005f522f15eb4490e7247a1bfaa67f8c"
    integrity sha512-5DFkuoqlv1uYQKxy8omFBeJPQcdoE07Kv2sferDCrAq1ohOU+MSDswDIbnx3YAM60qIOnYa53wBhXW0EbMonrQ==
  
  path-type@^4.0.0:
    version "4.0.0"
    resolved "https://registry.yarnpkg.com/path-type/-/path-type-4.0.0.tgz#84ed01c0a7ba380afe09d90a8c180dcd9d03043b"
    integrity sha512-gDKb8aZMDeD/tZWs9P6+q0J9Mwkdl6xMV8TjnGP3qJVJ06bdMgkbBlLU8IdfOsIsFz2BW1rNVT3XuNEl8zPAvw==
  
  peek-readable@^4.1.0:
    version "4.1.0"
    resolved "https://registry.yarnpkg.com/peek-readable/-/peek-readable-4.1.0.tgz#4ece1111bf5c2ad8867c314c81356847e8a62e72"
    integrity sha512-ZI3LnwUv5nOGbQzD9c2iDG6toheuXSZP5esSHBjopsXH4dg19soufvpUGA3uohi5anFtGb2lhAVdHzH6R/Evvg==
  
  pg-connection-string@2.5.0, pg-connection-string@^2.5.0:
    version "2.5.0"
    resolved "https://registry.yarnpkg.com/pg-connection-string/-/pg-connection-string-2.5.0.tgz#538cadd0f7e603fc09a12590f3b8a452c2c0cf34"
    integrity sha512-r5o/V/ORTA6TmUnyWZR9nCj1klXCO2CEKNRlVuJptZe85QuhFayC7WeMic7ndayT5IRIR0S0xFxFi2ousartlQ==
  
  pg-int8@1.0.1:
    version "1.0.1"
    resolved "https://registry.yarnpkg.com/pg-int8/-/pg-int8-1.0.1.tgz#943bd463bf5b71b4170115f80f8efc9a0c0eb78c"
    integrity sha512-WCtabS6t3c8SkpDBUlb1kjOs7l66xsGdKpIPZsg4wR+B3+u9UAum2odSsF9tnvxg80h4ZxLWMy4pRjOsFIqQpw==
  
  pg-pool@^3.6.0:
    version "3.6.0"
    resolved "https://registry.yarnpkg.com/pg-pool/-/pg-pool-3.6.0.tgz#3190df3e4747a0d23e5e9e8045bcd99bda0a712e"
    integrity sha512-clFRf2ksqd+F497kWFyM21tMjeikn60oGDmqMT8UBrynEwVEX/5R5xd2sdvdo1cZCFlguORNpVuqxIj+aK4cfQ==
  
  pg-protocol@^1.6.0:
    version "1.6.0"
    resolved "https://registry.yarnpkg.com/pg-protocol/-/pg-protocol-1.6.0.tgz#4c91613c0315349363af2084608db843502f8833"
    integrity sha512-M+PDm637OY5WM307051+bsDia5Xej6d9IR4GwJse1qA1DIhiKlksvrneZOYQq42OM+spubpcNYEo2FcKQrDk+Q==
  
  pg-types@^2.1.0:
    version "2.2.0"
    resolved "https://registry.yarnpkg.com/pg-types/-/pg-types-2.2.0.tgz#2d0250d636454f7cfa3b6ae0382fdfa8063254a3"
    integrity sha512-qTAAlrEsl8s4OiEQY69wDvcMIdQN6wdz5ojQiOy6YRMuynxenON0O5oCpJI6lshc6scgAY8qvJ2On/p+CXY0GA==
    dependencies:
      pg-int8 "1.0.1"
      postgres-array "~2.0.0"
      postgres-bytea "~1.0.0"
      postgres-date "~1.0.4"
      postgres-interval "^1.1.0"
  
  pg@^8.6.0:
    version "8.10.0"
    resolved "https://registry.yarnpkg.com/pg/-/pg-8.10.0.tgz#5b8379c9b4a36451d110fc8cd98fc325fe62ad24"
    integrity sha512-ke7o7qSTMb47iwzOSaZMfeR7xToFdkE71ifIipOAAaLIM0DYzfOAXlgFFmYUIE2BcJtvnVlGCID84ZzCegE8CQ==
    dependencies:
      buffer-writer "2.0.0"
      packet-reader "1.0.0"
      pg-connection-string "^2.5.0"
      pg-pool "^3.6.0"
      pg-protocol "^1.6.0"
      pg-types "^2.1.0"
      pgpass "1.x"
  
  pgpass@1.x:
    version "1.0.5"
    resolved "https://registry.yarnpkg.com/pgpass/-/pgpass-1.0.5.tgz#9b873e4a564bb10fa7a7dbd55312728d422a223d"
    integrity sha512-FdW9r/jQZhSeohs1Z3sI1yxFQNFvMcnmfuj4WBMUTxOrAyLMaTcE1aAMBiTlbMNaXvBCQuVi0R7hd8udDSP7ug==
    dependencies:
      split2 "^4.1.0"
  
  picocolors@^1.0.0:
    version "1.0.0"
    resolved "https://registry.yarnpkg.com/picocolors/-/picocolors-1.0.0.tgz#cb5bdc74ff3f51892236eaf79d68bc44564ab81c"
    integrity sha512-1fygroTLlHu66zi26VoTDv8yRgm0Fccecssto+MhsZ0D/DGW2sm8E8AjW7NU5VVTRt5GxbeZ5qBuJr+HyLYkjQ==
  
  picomatch@^2.0.4, picomatch@^2.2.1, picomatch@^2.2.2, picomatch@^2.3.1:
    version "2.3.1"
    resolved "https://registry.yarnpkg.com/picomatch/-/picomatch-2.3.1.tgz#3ba3833733646d9d3e4995946c1365a67fb07a42"
    integrity sha512-JU3teHTNjmE2VCGFzuY8EXzCDVwEqB2a8fsIvwaStHhAWJEeVd1o1QD80CU6+ZdEXXSLbSsuLwJjkCBWqRQUVA==
  
  pino-colada@^2.1.0:
    version "2.2.2"
    resolved "https://registry.yarnpkg.com/pino-colada/-/pino-colada-2.2.2.tgz#d52a9a20ea4a2916d54a6ec97100ae7898885e4c"
    integrity sha512-tzZl6j4D2v9WSQ4vEa7s8j15v16U6+z6M0fAWJOu5gBKxpy+XnOAgFBzeZGkxm6W3AQ04WvdSpqVLnDBdJlvOQ==
    dependencies:
      chalk "^3.0.0"
      fast-json-parse "^1.0.2"
      prettier-bytes "^1.0.3"
      pretty-ms "^5.0.0"
      split2 "^3.0.0"
  
  pino-http@5.8.0:
    version "5.8.0"
    resolved "https://registry.yarnpkg.com/pino-http/-/pino-http-5.8.0.tgz#6e688fd5f965c5b6991f340eb660ea2927be9aa7"
    integrity sha512-YwXiyRb9y0WCD1P9PcxuJuh3Dc5qmXde/paJE86UGYRdiFOi828hR9iUGmk5gaw6NBT9gLtKANOHFimvh19U5w==
    dependencies:
      fast-url-parser "^1.1.3"
      pino "^6.13.0"
      pino-std-serializers "^4.0.0"
  
  pino-std-serializers@^3.1.0:
    version "3.2.0"
    resolved "https://registry.yarnpkg.com/pino-std-serializers/-/pino-std-serializers-3.2.0.tgz#b56487c402d882eb96cd67c257868016b61ad671"
    integrity sha512-EqX4pwDPrt3MuOAAUBMU0Tk5kR/YcCM5fNPEzgCO2zJ5HfX0vbiH9HbJglnyeQsN96Kznae6MWD47pZB5avTrg==
  
  pino-std-serializers@^4.0.0:
    version "4.0.0"
    resolved "https://registry.yarnpkg.com/pino-std-serializers/-/pino-std-serializers-4.0.0.tgz#1791ccd2539c091ae49ce9993205e2cd5dbba1e2"
    integrity sha512-cK0pekc1Kjy5w9V2/n+8MkZwusa6EyyxfeQCB799CQRhRt/CqYKiWs5adeu8Shve2ZNffvfC/7J64A2PJo1W/Q==
  
  pino@6.13.3:
    version "6.13.3"
    resolved "https://registry.yarnpkg.com/pino/-/pino-6.13.3.tgz#60b93bcda1541f92fb37b3f2be0a25cf1d05b6fe"
    integrity sha512-tJy6qVgkh9MwNgqX1/oYi3ehfl2Y9H0uHyEEMsBe74KinESIjdMrMQDWpcZPpPicg3VV35d/GLQZmo4QgU2Xkg==
    dependencies:
      fast-redact "^3.0.0"
      fast-safe-stringify "^2.0.8"
      fastify-warning "^0.2.0"
      flatstr "^1.0.12"
      pino-std-serializers "^3.1.0"
      quick-format-unescaped "^4.0.3"
      sonic-boom "^1.0.2"
  
  pino@^6.13.0:
    version "6.14.0"
    resolved "https://registry.yarnpkg.com/pino/-/pino-6.14.0.tgz#b745ea87a99a6c4c9b374e4f29ca7910d4c69f78"
    integrity sha512-iuhEDel3Z3hF9Jfe44DPXR8l07bhjuFY3GMHIXbjnY9XcafbyDDwl2sN2vw2GjMPf5Nkoe+OFao7ffn9SXaKDg==
    dependencies:
      fast-redact "^3.0.0"
      fast-safe-stringify "^2.0.8"
      flatstr "^1.0.12"
      pino-std-serializers "^3.1.0"
      process-warning "^1.0.0"
      quick-format-unescaped "^4.0.3"
      sonic-boom "^1.0.2"
  
  "pkg-dir@< 6 >= 5":
    version "5.0.0"
    resolved "https://registry.yarnpkg.com/pkg-dir/-/pkg-dir-5.0.0.tgz#a02d6aebe6ba133a928f74aec20bafdfe6b8e760"
    integrity sha512-NPE8TDbzl/3YQYY7CSS228s3g2ollTFnc+Qi3tqmqJp9Vg2ovUpixcJEo2HJScN2Ez+kEaal6y70c0ehqJBJeA==
    dependencies:
      find-up "^5.0.0"
  
  pkg-dir@^4.1.0:
    version "4.2.0"
    resolved "https://registry.yarnpkg.com/pkg-dir/-/pkg-dir-4.2.0.tgz#f099133df7ede422e81d1d8448270eeb3e4261f3"
    integrity sha512-HRDzbaKjC+AOWVXxAU/x54COGeIv9eb+6CkDSQoNTt4XyWoIJvuPsXizxu/Fr23EiekbtZwmh1IcIG/l/a10GQ==
    dependencies:
      find-up "^4.0.0"
  
  postcss-calc@^8.2.3:
    version "8.2.4"
    resolved "https://registry.yarnpkg.com/postcss-calc/-/postcss-calc-8.2.4.tgz#77b9c29bfcbe8a07ff6693dc87050828889739a5"
    integrity sha512-SmWMSJmB8MRnnULldx0lQIyhSNvuDl9HfrZkaqqE/WHAhToYsAvDq+yAsA/kIyINDszOp3Rh0GFoNuH5Ypsm3Q==
    dependencies:
      postcss-selector-parser "^6.0.9"
      postcss-value-parser "^4.2.0"
  
  postcss-colormin@^5.3.1:
    version "5.3.1"
    resolved "https://registry.yarnpkg.com/postcss-colormin/-/postcss-colormin-5.3.1.tgz#86c27c26ed6ba00d96c79e08f3ffb418d1d1988f"
    integrity sha512-UsWQG0AqTFQmpBegeLLc1+c3jIqBNB0zlDGRWR+dQ3pRKJL1oeMzyqmH3o2PIfn9MBdNrVPWhDbT769LxCTLJQ==
    dependencies:
      browserslist "^4.21.4"
      caniuse-api "^3.0.0"
      colord "^2.9.1"
      postcss-value-parser "^4.2.0"
  
  postcss-colormin@^6.0.0:
    version "6.0.0"
    resolved "https://registry.yarnpkg.com/postcss-colormin/-/postcss-colormin-6.0.0.tgz#d4250652e952e1c0aca70c66942da93d3cdeaafe"
    integrity sha512-EuO+bAUmutWoZYgHn2T1dG1pPqHU6L4TjzPlu4t1wZGXQ/fxV16xg2EJmYi0z+6r+MGV1yvpx1BHkUaRrPa2bw==
    dependencies:
      browserslist "^4.21.4"
      caniuse-api "^3.0.0"
      colord "^2.9.1"
      postcss-value-parser "^4.2.0"
  
  postcss-convert-values@^5.1.3:
    version "5.1.3"
    resolved "https://registry.yarnpkg.com/postcss-convert-values/-/postcss-convert-values-5.1.3.tgz#04998bb9ba6b65aa31035d669a6af342c5f9d393"
    integrity sha512-82pC1xkJZtcJEfiLw6UXnXVXScgtBrjlO5CBmuDQc+dlb88ZYheFsjTn40+zBVi3DkfF7iezO0nJUPLcJK3pvA==
    dependencies:
      browserslist "^4.21.4"
      postcss-value-parser "^4.2.0"
  
  postcss-convert-values@^6.0.0:
    version "6.0.0"
    resolved "https://registry.yarnpkg.com/postcss-convert-values/-/postcss-convert-values-6.0.0.tgz#ec94a954957e5c3f78f0e8f65dfcda95280b8996"
    integrity sha512-U5D8QhVwqT++ecmy8rnTb+RL9n/B806UVaS3m60lqle4YDFcpbS3ae5bTQIh3wOGUSDHSEtMYLs/38dNG7EYFw==
    dependencies:
      browserslist "^4.21.4"
      postcss-value-parser "^4.2.0"
  
  postcss-discard-comments@^5.1.2:
    version "5.1.2"
    resolved "https://registry.yarnpkg.com/postcss-discard-comments/-/postcss-discard-comments-5.1.2.tgz#8df5e81d2925af2780075840c1526f0660e53696"
    integrity sha512-+L8208OVbHVF2UQf1iDmRcbdjJkuBF6IS29yBDSiWUIzpYaAhtNl6JYnYm12FnkeCwQqF5LeklOu6rAqgfBZqQ==
  
  postcss-discard-comments@^6.0.0:
    version "6.0.0"
    resolved "https://registry.yarnpkg.com/postcss-discard-comments/-/postcss-discard-comments-6.0.0.tgz#9ca335e8b68919f301b24ba47dde226a42e535fe"
    integrity sha512-p2skSGqzPMZkEQvJsgnkBhCn8gI7NzRH2683EEjrIkoMiwRELx68yoUJ3q3DGSGuQ8Ug9Gsn+OuDr46yfO+eFw==
  
  postcss-discard-duplicates@^5.1.0:
    version "5.1.0"
    resolved "https://registry.yarnpkg.com/postcss-discard-duplicates/-/postcss-discard-duplicates-5.1.0.tgz#9eb4fe8456706a4eebd6d3b7b777d07bad03e848"
    integrity sha512-zmX3IoSI2aoenxHV6C7plngHWWhUOV3sP1T8y2ifzxzbtnuhk1EdPwm0S1bIUNaJ2eNbWeGLEwzw8huPD67aQw==
  
  postcss-discard-duplicates@^6.0.0:
    version "6.0.0"
    resolved "https://registry.yarnpkg.com/postcss-discard-duplicates/-/postcss-discard-duplicates-6.0.0.tgz#c26177a6c33070922e67e9a92c0fd23d443d1355"
    integrity sha512-bU1SXIizMLtDW4oSsi5C/xHKbhLlhek/0/yCnoMQany9k3nPBq+Ctsv/9oMmyqbR96HYHxZcHyK2HR5P/mqoGA==
  
  postcss-discard-empty@^5.1.1:
    version "5.1.1"
    resolved "https://registry.yarnpkg.com/postcss-discard-empty/-/postcss-discard-empty-5.1.1.tgz#e57762343ff7f503fe53fca553d18d7f0c369c6c"
    integrity sha512-zPz4WljiSuLWsI0ir4Mcnr4qQQ5e1Ukc3i7UfE2XcrwKK2LIPIqE5jxMRxO6GbI3cv//ztXDsXwEWT3BHOGh3A==
  
  postcss-discard-empty@^6.0.0:
    version "6.0.0"
    resolved "https://registry.yarnpkg.com/postcss-discard-empty/-/postcss-discard-empty-6.0.0.tgz#06c1c4fce09e22d2a99e667c8550eb8a3a1b9aee"
    integrity sha512-b+h1S1VT6dNhpcg+LpyiUrdnEZfICF0my7HAKgJixJLW7BnNmpRH34+uw/etf5AhOlIhIAuXApSzzDzMI9K/gQ==
  
  postcss-discard-overridden@^5.1.0:
    version "5.1.0"
    resolved "https://registry.yarnpkg.com/postcss-discard-overridden/-/postcss-discard-overridden-5.1.0.tgz#7e8c5b53325747e9d90131bb88635282fb4a276e"
    integrity sha512-21nOL7RqWR1kasIVdKs8HNqQJhFxLsyRfAnUDm4Fe4t4mCWL9OJiHvlHPjcd8zc5Myu89b/7wZDnOSjFgeWRtw==
  
  postcss-discard-overridden@^6.0.0:
    version "6.0.0"
    resolved "https://registry.yarnpkg.com/postcss-discard-overridden/-/postcss-discard-overridden-6.0.0.tgz#49c5262db14e975e349692d9024442de7cd8e234"
    integrity sha512-4VELwssYXDFigPYAZ8vL4yX4mUepF/oCBeeIT4OXsJPYOtvJumyz9WflmJWTfDwCUcpDR+z0zvCWBXgTx35SVw==
  
  postcss-merge-longhand@^5.1.7:
    version "5.1.7"
    resolved "https://registry.yarnpkg.com/postcss-merge-longhand/-/postcss-merge-longhand-5.1.7.tgz#24a1bdf402d9ef0e70f568f39bdc0344d568fb16"
    integrity sha512-YCI9gZB+PLNskrK0BB3/2OzPnGhPkBEwmwhfYk1ilBHYVAZB7/tkTHFBAnCrvBBOmeYyMYw3DMjT55SyxMBzjQ==
    dependencies:
      postcss-value-parser "^4.2.0"
      stylehacks "^5.1.1"
  
  postcss-merge-longhand@^6.0.0:
    version "6.0.0"
    resolved "https://registry.yarnpkg.com/postcss-merge-longhand/-/postcss-merge-longhand-6.0.0.tgz#6f627b27db939bce316eaa97e22400267e798d69"
    integrity sha512-4VSfd1lvGkLTLYcxFuISDtWUfFS4zXe0FpF149AyziftPFQIWxjvFSKhA4MIxMe4XM3yTDgQMbSNgzIVxChbIg==
    dependencies:
      postcss-value-parser "^4.2.0"
      stylehacks "^6.0.0"
  
  postcss-merge-rules@^5.1.4:
    version "5.1.4"
    resolved "https://registry.yarnpkg.com/postcss-merge-rules/-/postcss-merge-rules-5.1.4.tgz#2f26fa5cacb75b1402e213789f6766ae5e40313c"
    integrity sha512-0R2IuYpgU93y9lhVbO/OylTtKMVcHb67zjWIfCiKR9rWL3GUk1677LAqD/BcHizukdZEjT8Ru3oHRoAYoJy44g==
    dependencies:
      browserslist "^4.21.4"
      caniuse-api "^3.0.0"
      cssnano-utils "^3.1.0"
      postcss-selector-parser "^6.0.5"
  
  postcss-merge-rules@^6.0.0:
    version "6.0.0"
    resolved "https://registry.yarnpkg.com/postcss-merge-rules/-/postcss-merge-rules-6.0.0.tgz#0d95bc73541156b8b4e763bd0de2c3f9d0ecf013"
    integrity sha512-rCXkklftzEkniyv3f4mRCQzxD6oE4Quyh61uyWTUbCJ26Pv2hoz+fivJSsSBWxDBeScR4fKCfF3HHTcD7Ybqnw==
    dependencies:
      browserslist "^4.21.4"
      caniuse-api "^3.0.0"
      cssnano-utils "^4.0.0"
      postcss-selector-parser "^6.0.5"
  
  postcss-minify-font-values@^5.1.0:
    version "5.1.0"
    resolved "https://registry.yarnpkg.com/postcss-minify-font-values/-/postcss-minify-font-values-5.1.0.tgz#f1df0014a726083d260d3bd85d7385fb89d1f01b"
    integrity sha512-el3mYTgx13ZAPPirSVsHqFzl+BBBDrXvbySvPGFnQcTI4iNslrPaFq4muTkLZmKlGk4gyFAYUBMH30+HurREyA==
    dependencies:
      postcss-value-parser "^4.2.0"
  
  postcss-minify-font-values@^6.0.0:
    version "6.0.0"
    resolved "https://registry.yarnpkg.com/postcss-minify-font-values/-/postcss-minify-font-values-6.0.0.tgz#68d4a028f9fa5f61701974724b2cc9445d8e6070"
    integrity sha512-zNRAVtyh5E8ndZEYXA4WS8ZYsAp798HiIQ1V2UF/C/munLp2r1UGHwf1+6JFu7hdEhJFN+W1WJQKBrtjhFgEnA==
    dependencies:
      postcss-value-parser "^4.2.0"
  
  postcss-minify-gradients@^5.1.1:
    version "5.1.1"
    resolved "https://registry.yarnpkg.com/postcss-minify-gradients/-/postcss-minify-gradients-5.1.1.tgz#f1fe1b4f498134a5068240c2f25d46fcd236ba2c"
    integrity sha512-VGvXMTpCEo4qHTNSa9A0a3D+dxGFZCYwR6Jokk+/3oB6flu2/PnPXAh2x7x52EkY5xlIHLm+Le8tJxe/7TNhzw==
    dependencies:
      colord "^2.9.1"
      cssnano-utils "^3.1.0"
      postcss-value-parser "^4.2.0"
  
  postcss-minify-gradients@^6.0.0:
    version "6.0.0"
    resolved "https://registry.yarnpkg.com/postcss-minify-gradients/-/postcss-minify-gradients-6.0.0.tgz#22b5c88cc63091dadbad34e31ff958404d51d679"
    integrity sha512-wO0F6YfVAR+K1xVxF53ueZJza3L+R3E6cp0VwuXJQejnNUH0DjcAFe3JEBeTY1dLwGa0NlDWueCA1VlEfiKgAA==
    dependencies:
      colord "^2.9.1"
      cssnano-utils "^4.0.0"
      postcss-value-parser "^4.2.0"
  
  postcss-minify-params@^5.1.4:
    version "5.1.4"
    resolved "https://registry.yarnpkg.com/postcss-minify-params/-/postcss-minify-params-5.1.4.tgz#c06a6c787128b3208b38c9364cfc40c8aa5d7352"
    integrity sha512-+mePA3MgdmVmv6g+30rn57USjOGSAyuxUmkfiWpzalZ8aiBkdPYjXWtHuwJGm1v5Ojy0Z0LaSYhHaLJQB0P8Jw==
    dependencies:
      browserslist "^4.21.4"
      cssnano-utils "^3.1.0"
      postcss-value-parser "^4.2.0"
  
  postcss-minify-params@^6.0.0:
    version "6.0.0"
    resolved "https://registry.yarnpkg.com/postcss-minify-params/-/postcss-minify-params-6.0.0.tgz#2b3a85a9e3b990d7a16866f430f5fd1d5961b539"
    integrity sha512-Fz/wMQDveiS0n5JPcvsMeyNXOIMrwF88n7196puSuQSWSa+/Ofc1gDOSY2xi8+A4PqB5dlYCKk/WfqKqsI+ReQ==
    dependencies:
      browserslist "^4.21.4"
      cssnano-utils "^4.0.0"
      postcss-value-parser "^4.2.0"
  
  postcss-minify-selectors@^5.2.1:
    version "5.2.1"
    resolved "https://registry.yarnpkg.com/postcss-minify-selectors/-/postcss-minify-selectors-5.2.1.tgz#d4e7e6b46147b8117ea9325a915a801d5fe656c6"
    integrity sha512-nPJu7OjZJTsVUmPdm2TcaiohIwxP+v8ha9NehQ2ye9szv4orirRU3SDdtUmKH+10nzn0bAyOXZ0UEr7OpvLehg==
    dependencies:
      postcss-selector-parser "^6.0.5"
  
  postcss-minify-selectors@^6.0.0:
    version "6.0.0"
    resolved "https://registry.yarnpkg.com/postcss-minify-selectors/-/postcss-minify-selectors-6.0.0.tgz#5046c5e8680a586e5a0cad52cc9aa36d6be5bda2"
    integrity sha512-ec/q9JNCOC2CRDNnypipGfOhbYPuUkewGwLnbv6omue/PSASbHSU7s6uSQ0tcFRVv731oMIx8k0SP4ZX6be/0g==
    dependencies:
      postcss-selector-parser "^6.0.5"
  
  postcss-modules-extract-imports@^3.0.0:
    version "3.0.0"
    resolved "https://registry.yarnpkg.com/postcss-modules-extract-imports/-/postcss-modules-extract-imports-3.0.0.tgz#cda1f047c0ae80c97dbe28c3e76a43b88025741d"
    integrity sha512-bdHleFnP3kZ4NYDhuGlVK+CMrQ/pqUm8bx/oGL93K6gVwiclvX5x0n76fYMKuIGKzlABOy13zsvqjb0f92TEXw==
  
  postcss-modules-local-by-default@^4.0.0:
    version "4.0.0"
    resolved "https://registry.yarnpkg.com/postcss-modules-local-by-default/-/postcss-modules-local-by-default-4.0.0.tgz#ebbb54fae1598eecfdf691a02b3ff3b390a5a51c"
    integrity sha512-sT7ihtmGSF9yhm6ggikHdV0hlziDTX7oFoXtuVWeDd3hHObNkcHRo9V3yg7vCAY7cONyxJC/XXCmmiHHcvX7bQ==
    dependencies:
      icss-utils "^5.0.0"
      postcss-selector-parser "^6.0.2"
      postcss-value-parser "^4.1.0"
  
  postcss-modules-scope@^3.0.0:
    version "3.0.0"
    resolved "https://registry.yarnpkg.com/postcss-modules-scope/-/postcss-modules-scope-3.0.0.tgz#9ef3151456d3bbfa120ca44898dfca6f2fa01f06"
    integrity sha512-hncihwFA2yPath8oZ15PZqvWGkWf+XUfQgUGamS4LqoP1anQLOsOJw0vr7J7IwLpoY9fatA2qiGUGmuZL0Iqlg==
    dependencies:
      postcss-selector-parser "^6.0.4"
  
  postcss-modules-values@^4.0.0:
    version "4.0.0"
    resolved "https://registry.yarnpkg.com/postcss-modules-values/-/postcss-modules-values-4.0.0.tgz#d7c5e7e68c3bb3c9b27cbf48ca0bb3ffb4602c9c"
    integrity sha512-RDxHkAiEGI78gS2ofyvCsu7iycRv7oqw5xMWn9iMoR0N/7mf9D50ecQqUo5BZ9Zh2vH4bCUR/ktCqbB9m8vJjQ==
    dependencies:
      icss-utils "^5.0.0"
  
  postcss-normalize-charset@^5.1.0:
    version "5.1.0"
    resolved "https://registry.yarnpkg.com/postcss-normalize-charset/-/postcss-normalize-charset-5.1.0.tgz#9302de0b29094b52c259e9b2cf8dc0879879f0ed"
    integrity sha512-mSgUJ+pd/ldRGVx26p2wz9dNZ7ji6Pn8VWBajMXFf8jk7vUoSrZ2lt/wZR7DtlZYKesmZI680qjr2CeFF2fbUg==
  
  postcss-normalize-charset@^6.0.0:
    version "6.0.0"
    resolved "https://registry.yarnpkg.com/postcss-normalize-charset/-/postcss-normalize-charset-6.0.0.tgz#36cc12457259064969fb96f84df491652a4b0975"
    integrity sha512-cqundwChbu8yO/gSWkuFDmKrCZ2vJzDAocheT2JTd0sFNA4HMGoKMfbk2B+J0OmO0t5GUkiAkSM5yF2rSLUjgQ==
  
  postcss-normalize-display-values@^5.1.0:
    version "5.1.0"
    resolved "https://registry.yarnpkg.com/postcss-normalize-display-values/-/postcss-normalize-display-values-5.1.0.tgz#72abbae58081960e9edd7200fcf21ab8325c3da8"
    integrity sha512-WP4KIM4o2dazQXWmFaqMmcvsKmhdINFblgSeRgn8BJ6vxaMyaJkwAzpPpuvSIoG/rmX3M+IrRZEz2H0glrQNEA==
    dependencies:
      postcss-value-parser "^4.2.0"
  
  postcss-normalize-display-values@^6.0.0:
    version "6.0.0"
    resolved "https://registry.yarnpkg.com/postcss-normalize-display-values/-/postcss-normalize-display-values-6.0.0.tgz#8d2961415078644d8c6bbbdaf9a2fdd60f546cd4"
    integrity sha512-Qyt5kMrvy7dJRO3OjF7zkotGfuYALETZE+4lk66sziWSPzlBEt7FrUshV6VLECkI4EN8Z863O6Nci4NXQGNzYw==
    dependencies:
      postcss-value-parser "^4.2.0"
  
  postcss-normalize-positions@^5.1.1:
    version "5.1.1"
    resolved "https://registry.yarnpkg.com/postcss-normalize-positions/-/postcss-normalize-positions-5.1.1.tgz#ef97279d894087b59325b45c47f1e863daefbb92"
    integrity sha512-6UpCb0G4eofTCQLFVuI3EVNZzBNPiIKcA1AKVka+31fTVySphr3VUgAIULBhxZkKgwLImhzMR2Bw1ORK+37INg==
    dependencies:
      postcss-value-parser "^4.2.0"
  
  postcss-normalize-positions@^6.0.0:
    version "6.0.0"
    resolved "https://registry.yarnpkg.com/postcss-normalize-positions/-/postcss-normalize-positions-6.0.0.tgz#25b96df99a69f8925f730eaee0be74416865e301"
    integrity sha512-mPCzhSV8+30FZyWhxi6UoVRYd3ZBJgTRly4hOkaSifo0H+pjDYcii/aVT4YE6QpOil15a5uiv6ftnY3rm0igPg==
    dependencies:
      postcss-value-parser "^4.2.0"
  
  postcss-normalize-repeat-style@^5.1.1:
    version "5.1.1"
    resolved "https://registry.yarnpkg.com/postcss-normalize-repeat-style/-/postcss-normalize-repeat-style-5.1.1.tgz#e9eb96805204f4766df66fd09ed2e13545420fb2"
    integrity sha512-mFpLspGWkQtBcWIRFLmewo8aC3ImN2i/J3v8YCFUwDnPu3Xz4rLohDO26lGjwNsQxB3YF0KKRwspGzE2JEuS0g==
    dependencies:
      postcss-value-parser "^4.2.0"
  
  postcss-normalize-repeat-style@^6.0.0:
    version "6.0.0"
    resolved "https://registry.yarnpkg.com/postcss-normalize-repeat-style/-/postcss-normalize-repeat-style-6.0.0.tgz#ddf30ad8762feb5b1eb97f39f251acd7b8353299"
    integrity sha512-50W5JWEBiOOAez2AKBh4kRFm2uhrT3O1Uwdxz7k24aKtbD83vqmcVG7zoIwo6xI2FZ/HDlbrCopXhLeTpQib1A==
    dependencies:
      postcss-value-parser "^4.2.0"
  
  postcss-normalize-string@^5.1.0:
    version "5.1.0"
    resolved "https://registry.yarnpkg.com/postcss-normalize-string/-/postcss-normalize-string-5.1.0.tgz#411961169e07308c82c1f8c55f3e8a337757e228"
    integrity sha512-oYiIJOf4T9T1N4i+abeIc7Vgm/xPCGih4bZz5Nm0/ARVJ7K6xrDlLwvwqOydvyL3RHNf8qZk6vo3aatiw/go3w==
    dependencies:
      postcss-value-parser "^4.2.0"
  
  postcss-normalize-string@^6.0.0:
    version "6.0.0"
    resolved "https://registry.yarnpkg.com/postcss-normalize-string/-/postcss-normalize-string-6.0.0.tgz#948282647a51e409d69dde7910f0ac2ff97cb5d8"
    integrity sha512-KWkIB7TrPOiqb8ZZz6homet2KWKJwIlysF5ICPZrXAylGe2hzX/HSf4NTX2rRPJMAtlRsj/yfkrWGavFuB+c0w==
    dependencies:
      postcss-value-parser "^4.2.0"
  
  postcss-normalize-timing-functions@^5.1.0:
    version "5.1.0"
    resolved "https://registry.yarnpkg.com/postcss-normalize-timing-functions/-/postcss-normalize-timing-functions-5.1.0.tgz#d5614410f8f0b2388e9f240aa6011ba6f52dafbb"
    integrity sha512-DOEkzJ4SAXv5xkHl0Wa9cZLF3WCBhF3o1SKVxKQAa+0pYKlueTpCgvkFAHfk+Y64ezX9+nITGrDZeVGgITJXjg==
    dependencies:
      postcss-value-parser "^4.2.0"
  
  postcss-normalize-timing-functions@^6.0.0:
    version "6.0.0"
    resolved "https://registry.yarnpkg.com/postcss-normalize-timing-functions/-/postcss-normalize-timing-functions-6.0.0.tgz#5f13e650b8c43351989fc5de694525cc2539841c"
    integrity sha512-tpIXWciXBp5CiFs8sem90IWlw76FV4oi6QEWfQwyeREVwUy39VSeSqjAT7X0Qw650yAimYW5gkl2Gd871N5SQg==
    dependencies:
      postcss-value-parser "^4.2.0"
  
  postcss-normalize-unicode@^5.1.1:
    version "5.1.1"
    resolved "https://registry.yarnpkg.com/postcss-normalize-unicode/-/postcss-normalize-unicode-5.1.1.tgz#f67297fca3fea7f17e0d2caa40769afc487aa030"
    integrity sha512-qnCL5jzkNUmKVhZoENp1mJiGNPcsJCs1aaRmURmeJGES23Z/ajaln+EPTD+rBeNkSryI+2WTdW+lwcVdOikrpA==
    dependencies:
      browserslist "^4.21.4"
      postcss-value-parser "^4.2.0"
  
  postcss-normalize-unicode@^6.0.0:
    version "6.0.0"
    resolved "https://registry.yarnpkg.com/postcss-normalize-unicode/-/postcss-normalize-unicode-6.0.0.tgz#741b3310f874616bdcf07764f5503695d3604730"
    integrity sha512-ui5crYkb5ubEUDugDc786L/Me+DXp2dLg3fVJbqyAl0VPkAeALyAijF2zOsnZyaS1HyfPuMH0DwyY18VMFVNkg==
    dependencies:
      browserslist "^4.21.4"
      postcss-value-parser "^4.2.0"
  
  postcss-normalize-url@^5.1.0:
    version "5.1.0"
    resolved "https://registry.yarnpkg.com/postcss-normalize-url/-/postcss-normalize-url-5.1.0.tgz#ed9d88ca82e21abef99f743457d3729a042adcdc"
    integrity sha512-5upGeDO+PVthOxSmds43ZeMeZfKH+/DKgGRD7TElkkyS46JXAUhMzIKiCa7BabPeIy3AQcTkXwVVN7DbqsiCew==
    dependencies:
      normalize-url "^6.0.1"
      postcss-value-parser "^4.2.0"
  
  postcss-normalize-url@^6.0.0:
    version "6.0.0"
    resolved "https://registry.yarnpkg.com/postcss-normalize-url/-/postcss-normalize-url-6.0.0.tgz#d0a31e962a16401fb7deb7754b397a323fb650b4"
    integrity sha512-98mvh2QzIPbb02YDIrYvAg4OUzGH7s1ZgHlD3fIdTHLgPLRpv1ZTKJDnSAKr4Rt21ZQFzwhGMXxpXlfrUBKFHw==
    dependencies:
      postcss-value-parser "^4.2.0"
  
  postcss-normalize-whitespace@^5.1.1:
    version "5.1.1"
    resolved "https://registry.yarnpkg.com/postcss-normalize-whitespace/-/postcss-normalize-whitespace-5.1.1.tgz#08a1a0d1ffa17a7cc6efe1e6c9da969cc4493cfa"
    integrity sha512-83ZJ4t3NUDETIHTa3uEg6asWjSBYL5EdkVB0sDncx9ERzOKBVJIUeDO9RyA9Zwtig8El1d79HBp0JEi8wvGQnA==
    dependencies:
      postcss-value-parser "^4.2.0"
  
  postcss-normalize-whitespace@^6.0.0:
    version "6.0.0"
    resolved "https://registry.yarnpkg.com/postcss-normalize-whitespace/-/postcss-normalize-whitespace-6.0.0.tgz#accb961caa42e25ca4179b60855b79b1f7129d4d"
    integrity sha512-7cfE1AyLiK0+ZBG6FmLziJzqQCpTQY+8XjMhMAz8WSBSCsCNNUKujgIgjCAmDT3cJ+3zjTXFkoD15ZPsckArVw==
    dependencies:
      postcss-value-parser "^4.2.0"
  
  postcss-ordered-values@^5.1.3:
    version "5.1.3"
    resolved "https://registry.yarnpkg.com/postcss-ordered-values/-/postcss-ordered-values-5.1.3.tgz#b6fd2bd10f937b23d86bc829c69e7732ce76ea38"
    integrity sha512-9UO79VUhPwEkzbb3RNpqqghc6lcYej1aveQteWY+4POIwlqkYE21HKWaLDF6lWNuqCobEAyTovVhtI32Rbv2RQ==
    dependencies:
      cssnano-utils "^3.1.0"
      postcss-value-parser "^4.2.0"
  
  postcss-ordered-values@^6.0.0:
    version "6.0.0"
    resolved "https://registry.yarnpkg.com/postcss-ordered-values/-/postcss-ordered-values-6.0.0.tgz#374704cdff25560d44061d17ba3c6308837a3218"
    integrity sha512-K36XzUDpvfG/nWkjs6d1hRBydeIxGpKS2+n+ywlKPzx1nMYDYpoGbcjhj5AwVYJK1qV2/SDoDEnHzlPD6s3nMg==
    dependencies:
      cssnano-utils "^4.0.0"
      postcss-value-parser "^4.2.0"
  
  postcss-reduce-initial@^5.1.2:
    version "5.1.2"
    resolved "https://registry.yarnpkg.com/postcss-reduce-initial/-/postcss-reduce-initial-5.1.2.tgz#798cd77b3e033eae7105c18c9d371d989e1382d6"
    integrity sha512-dE/y2XRaqAi6OvjzD22pjTUQ8eOfc6m/natGHgKFBK9DxFmIm69YmaRVQrGgFlEfc1HePIurY0TmDeROK05rIg==
    dependencies:
      browserslist "^4.21.4"
      caniuse-api "^3.0.0"
  
  postcss-reduce-initial@^6.0.0:
    version "6.0.0"
    resolved "https://registry.yarnpkg.com/postcss-reduce-initial/-/postcss-reduce-initial-6.0.0.tgz#7d16e83e60e27e2fa42f56ec0b426f1da332eca7"
    integrity sha512-s2UOnidpVuXu6JiiI5U+fV2jamAw5YNA9Fdi/GRK0zLDLCfXmSGqQtzpUPtfN66RtCbb9fFHoyZdQaxOB3WxVA==
    dependencies:
      browserslist "^4.21.4"
      caniuse-api "^3.0.0"
  
  postcss-reduce-transforms@^5.1.0:
    version "5.1.0"
    resolved "https://registry.yarnpkg.com/postcss-reduce-transforms/-/postcss-reduce-transforms-5.1.0.tgz#333b70e7758b802f3dd0ddfe98bb1ccfef96b6e9"
    integrity sha512-2fbdbmgir5AvpW9RLtdONx1QoYG2/EtqpNQbFASDlixBbAYuTcJ0dECwlqNqH7VbaUnEnh8SrxOe2sRIn24XyQ==
    dependencies:
      postcss-value-parser "^4.2.0"
  
  postcss-reduce-transforms@^6.0.0:
    version "6.0.0"
    resolved "https://registry.yarnpkg.com/postcss-reduce-transforms/-/postcss-reduce-transforms-6.0.0.tgz#28ff2601a6d9b96a2f039b3501526e1f4d584a46"
    integrity sha512-FQ9f6xM1homnuy1wLe9lP1wujzxnwt1EwiigtWwuyf8FsqqXUDUp2Ulxf9A5yjlUOTdCJO6lonYjg1mgqIIi2w==
    dependencies:
      postcss-value-parser "^4.2.0"
  
  postcss-selector-parser@^6.0.2, postcss-selector-parser@^6.0.4, postcss-selector-parser@^6.0.5, postcss-selector-parser@^6.0.9:
    version "6.0.11"
    resolved "https://registry.yarnpkg.com/postcss-selector-parser/-/postcss-selector-parser-6.0.11.tgz#2e41dc39b7ad74046e1615185185cd0b17d0c8dc"
    integrity sha512-zbARubNdogI9j7WY4nQJBiNqQf3sLS3wCP4WfOidu+p28LofJqDH1tcXypGrcmMHhDk2t9wGhCsYe/+szLTy1g==
    dependencies:
      cssesc "^3.0.0"
      util-deprecate "^1.0.2"
  
  postcss-svgo@^5.1.0:
    version "5.1.0"
    resolved "https://registry.yarnpkg.com/postcss-svgo/-/postcss-svgo-5.1.0.tgz#0a317400ced789f233a28826e77523f15857d80d"
    integrity sha512-D75KsH1zm5ZrHyxPakAxJWtkyXew5qwS70v56exwvw542d9CRtTo78K0WeFxZB4G7JXKKMbEZtZayTGdIky/eA==
    dependencies:
      postcss-value-parser "^4.2.0"
      svgo "^2.7.0"
  
  postcss-svgo@^6.0.0:
    version "6.0.0"
    resolved "https://registry.yarnpkg.com/postcss-svgo/-/postcss-svgo-6.0.0.tgz#7b18742d38d4505a0455bbe70d52b49f00eaf69d"
    integrity sha512-r9zvj/wGAoAIodn84dR/kFqwhINp5YsJkLoujybWG59grR/IHx+uQ2Zo+IcOwM0jskfYX3R0mo+1Kip1VSNcvw==
    dependencies:
      postcss-value-parser "^4.2.0"
      svgo "^3.0.2"
  
  postcss-unique-selectors@^5.1.1:
    version "5.1.1"
    resolved "https://registry.yarnpkg.com/postcss-unique-selectors/-/postcss-unique-selectors-5.1.1.tgz#a9f273d1eacd09e9aa6088f4b0507b18b1b541b6"
    integrity sha512-5JiODlELrz8L2HwxfPnhOWZYWDxVHWL83ufOv84NrcgipI7TaeRsatAhK4Tr2/ZiYldpK/wBvw5BD3qfaK96GA==
    dependencies:
      postcss-selector-parser "^6.0.5"
  
  postcss-unique-selectors@^6.0.0:
    version "6.0.0"
    resolved "https://registry.yarnpkg.com/postcss-unique-selectors/-/postcss-unique-selectors-6.0.0.tgz#c94e9b0f7bffb1203894e42294b5a1b3fb34fbe1"
    integrity sha512-EPQzpZNxOxP7777t73RQpZE5e9TrnCrkvp7AH7a0l89JmZiPnS82y216JowHXwpBCQitfyxrof9TK3rYbi7/Yw==
    dependencies:
      postcss-selector-parser "^6.0.5"
  
  postcss-value-parser@^4.1.0, postcss-value-parser@^4.2.0:
    version "4.2.0"
    resolved "https://registry.yarnpkg.com/postcss-value-parser/-/postcss-value-parser-4.2.0.tgz#723c09920836ba6d3e5af019f92bc0971c02e514"
    integrity sha512-1NNCs6uurfkVbeXG4S8JFT9t19m45ICnif8zWLd5oPSZ50QnwMfK+H3jv408d4jw/7Bttv5axS5IiHoLaVNHeQ==
  
  postcss@^8.1.10, postcss@^8.3.11, postcss@^8.4.5:
    version "8.4.21"
    resolved "https://registry.yarnpkg.com/postcss/-/postcss-8.4.21.tgz#c639b719a57efc3187b13a1d765675485f4134f4"
    integrity sha512-tP7u/Sn/dVxK2NnruI4H9BG+x+Wxz6oeZ1cJ8P6G/PZY0IKk4k/63TDsQf2kQq3+qoJeLm2kIBUNlZe3zgb4Zg==
    dependencies:
      nanoid "^3.3.4"
      picocolors "^1.0.0"
      source-map-js "^1.0.2"
  
  postgres-array@~2.0.0:
    version "2.0.0"
    resolved "https://registry.yarnpkg.com/postgres-array/-/postgres-array-2.0.0.tgz#48f8fce054fbc69671999329b8834b772652d82e"
    integrity sha512-VpZrUqU5A69eQyW2c5CA1jtLecCsN2U/bD6VilrFDWq5+5UIEVO7nazS3TEcHf1zuPYO/sqGvUvW62g86RXZuA==
  
  postgres-bytea@~1.0.0:
    version "1.0.0"
    resolved "https://registry.yarnpkg.com/postgres-bytea/-/postgres-bytea-1.0.0.tgz#027b533c0aa890e26d172d47cf9ccecc521acd35"
    integrity sha512-xy3pmLuQqRBZBXDULy7KbaitYqLcmxigw14Q5sj8QBVLqEwXfeybIKVWiqAXTlcvdvb0+xkOtDbfQMOf4lST1w==
  
  postgres-date@~1.0.4:
    version "1.0.7"
    resolved "https://registry.yarnpkg.com/postgres-date/-/postgres-date-1.0.7.tgz#51bc086006005e5061c591cee727f2531bf641a8"
    integrity sha512-suDmjLVQg78nMK2UZ454hAG+OAW+HQPZ6n++TNDUX+L0+uUlLywnoxJKDou51Zm+zTCjrCl0Nq6J9C5hP9vK/Q==
  
  postgres-interval@^1.1.0:
    version "1.2.0"
    resolved "https://registry.yarnpkg.com/postgres-interval/-/postgres-interval-1.2.0.tgz#b460c82cb1587507788819a06aa0fffdb3544695"
    integrity sha512-9ZhXKM/rw350N1ovuWHbGxnGh/SNJ4cnxHiM0rxE4VN41wsg8P8zWn9hv/buK00RP4WvlOyr/RBDiptyxVbkZQ==
    dependencies:
      xtend "^4.0.0"
  
  prebuild-install@^6.0.1:
    version "6.1.4"
    resolved "https://registry.yarnpkg.com/prebuild-install/-/prebuild-install-6.1.4.tgz#ae3c0142ad611d58570b89af4986088a4937e00f"
    integrity sha512-Z4vpywnK1lBg+zdPCVCsKq0xO66eEV9rWo2zrROGGiRS4JtueBOdlB1FnY8lcy7JsUud/Q3ijUxyWN26Ika0vQ==
    dependencies:
      detect-libc "^1.0.3"
      expand-template "^2.0.3"
      github-from-package "0.0.0"
      minimist "^1.2.3"
      mkdirp-classic "^0.5.3"
      napi-build-utils "^1.0.1"
      node-abi "^2.21.0"
      npmlog "^4.0.1"
      pump "^3.0.0"
      rc "^1.2.7"
      simple-get "^3.0.3"
      tar-fs "^2.0.0"
      tunnel-agent "^0.6.0"
  
  prebuild-install@^7.0.1, prebuild-install@^7.1.1:
    version "7.1.1"
    resolved "https://registry.yarnpkg.com/prebuild-install/-/prebuild-install-7.1.1.tgz#de97d5b34a70a0c81334fd24641f2a1702352e45"
    integrity sha512-jAXscXWMcCK8GgCoHOfIr0ODh5ai8mj63L2nWrjuAgXE6tDyYGnx4/8o/rCgU+B4JSyZBKbeZqzhtwtC3ovxjw==
    dependencies:
      detect-libc "^2.0.0"
      expand-template "^2.0.3"
      github-from-package "0.0.0"
      minimist "^1.2.3"
      mkdirp-classic "^0.5.3"
      napi-build-utils "^1.0.1"
      node-abi "^3.3.0"
      pump "^3.0.0"
      rc "^1.2.7"
      simple-get "^4.0.0"
      tar-fs "^2.0.0"
      tunnel-agent "^0.6.0"
  
  precond@0.2:
    version "0.2.3"
    resolved "https://registry.yarnpkg.com/precond/-/precond-0.2.3.tgz#aa9591bcaa24923f1e0f4849d240f47efc1075ac"
    integrity sha512-QCYG84SgGyGzqJ/vlMsxeXd/pgL/I94ixdNFyh1PusWmTCyVfPJjZ1K1jvHtsbfnXQs2TSkEP2fR7QiMZAnKFQ==
  
  prettier-bytes@^1.0.3:
    version "1.0.4"
    resolved "https://registry.yarnpkg.com/prettier-bytes/-/prettier-bytes-1.0.4.tgz#994b02aa46f699c50b6257b5faaa7fe2557e62d6"
    integrity sha512-dLbWOa4xBn+qeWeIF60qRoB6Pk2jX5P3DIVgOQyMyvBpu931Q+8dXz8X0snJiFkQdohDDLnZQECjzsAj75hgZQ==
  
  pretty-ms@^5.0.0:
    version "5.1.0"
    resolved "https://registry.yarnpkg.com/pretty-ms/-/pretty-ms-5.1.0.tgz#b906bdd1ec9e9799995c372e2b1c34f073f95384"
    integrity sha512-4gaK1skD2gwscCfkswYQRmddUb2GJZtzDGRjHWadVHtK/DIKFufa12MvES6/xu1tVbUYeia5bmLcwJtZJQUqnw==
    dependencies:
      parse-ms "^2.1.0"
  
  prismjs@^1.29.0:
    version "1.29.0"
    resolved "https://registry.yarnpkg.com/prismjs/-/prismjs-1.29.0.tgz#f113555a8fa9b57c35e637bba27509dcf802dd12"
    integrity sha512-Kx/1w86q/epKcmte75LNrEoT+lX8pBpavuAbvJWRXar7Hz8jrtF+e3vY751p0R8H9HdArwaCTNDDzHg/ScJK1Q==
  
  process-nextick-args@~1.0.6:
    version "1.0.7"
    resolved "https://registry.yarnpkg.com/process-nextick-args/-/process-nextick-args-1.0.7.tgz#150e20b756590ad3f91093f25a4f2ad8bff30ba3"
    integrity sha512-yN0WQmuCX63LP/TMvAg31nvT6m4vDqJEiiv2CAZqWOGNWutc9DfDk1NPYYmKUFmaVM2UwDowH4u5AHWYP/jxKw==
  
  process-nextick-args@~2.0.0:
    version "2.0.1"
    resolved "https://registry.yarnpkg.com/process-nextick-args/-/process-nextick-args-2.0.1.tgz#7820d9b16120cc55ca9ae7792680ae7dba6d7fe2"
    integrity sha512-3ouUOpQhtgrbOa17J7+uxOTpITYWaGP7/AhoR3+A+/1e9skrzelGi/dXzEYyvbxubEF6Wn2ypscTKiKJFFn1ag==
  
  process-warning@^1.0.0:
    version "1.0.0"
    resolved "https://registry.yarnpkg.com/process-warning/-/process-warning-1.0.0.tgz#980a0b25dc38cd6034181be4b7726d89066b4616"
    integrity sha512-du4wfLyj4yCZq1VupnVSZmRsPJsNuxoDQFdCFHLaYiEbFBD7QE0a+I4D7hOxrVnh78QE/YipFAj9lXHiXocV+Q==
  
  process@=0.11.10, process@^0.11.10:
    version "0.11.10"
    resolved "https://registry.yarnpkg.com/process/-/process-0.11.10.tgz#7332300e840161bda3e69a1d1d91a7d4bc16f182"
    integrity sha512-cdGef/drWFoydD1JsMzuFf8100nZl+GT+yacc2bEced5f9Rjk4z+WtFUTBu9PhOi9j/jfmBPu0mMEY4wIdAF8A==
  
  progress@2.0.0:
    version "2.0.0"
    resolved "https://registry.yarnpkg.com/progress/-/progress-2.0.0.tgz#8a1be366bf8fc23db2bd23f10c6fe920b4389d1f"
    integrity sha512-TRNLrLfTyjKMs865PwLv6WM5TTMRvzqcZTkKaMVd0ooNM0fnMM8aEp0/7IpnGo295TAiI13Ju30zBZK0rdWZUg==
  
  progressbar@^1.3.0:
    version "1.3.0"
    resolved "https://registry.yarnpkg.com/progressbar/-/progressbar-1.3.0.tgz#18cf61618dc7508cbc7b3c2578c0c4665e838e9c"
    integrity sha512-lOncE1DwVI/ioINInGrR0hsFG8I82H9RzMY1bghVAhoU3f+S/JurtfFLpNoEZTnjQ5FS9ZpHSoeZlxig8uyJtw==
    dependencies:
      editions "^1.3.3"
      progress "2.0.0"
  
  promise-inflight@^1.0.1:
    version "1.0.1"
    resolved "https://registry.yarnpkg.com/promise-inflight/-/promise-inflight-1.0.1.tgz#98472870bf228132fcbdd868129bad12c3c029e3"
    integrity sha512-6zWPyEOFaQBJYcGMHBKTKJ3u6TBsnMFOIZSa6ce1e/ZrrsOlnHRHbabMjLiBYKp+n44X9eUI6VUPaukCXHuG4g==
  
  promise-retry@^2.0.1:
    version "2.0.1"
    resolved "https://registry.yarnpkg.com/promise-retry/-/promise-retry-2.0.1.tgz#ff747a13620ab57ba688f5fc67855410c370da22"
    integrity sha512-y+WKFlBR8BGXnsNlIHFGPZmyDf3DFMoLhaflAnyZgV6rG6xu+JwesTo2Q9R6XwYmtmwAFCkAk3e35jEdoeh/3g==
    dependencies:
      err-code "^2.0.2"
      retry "^0.12.0"
  
  proxy-addr@~2.0.7:
    version "2.0.7"
    resolved "https://registry.yarnpkg.com/proxy-addr/-/proxy-addr-2.0.7.tgz#f19fe69ceab311eeb94b42e70e8c2070f9ba1025"
    integrity sha512-llQsMLSUDUPT44jdrU/O37qlnifitDP+ZwrmmZcoSKyLKvtZxpyV0n2/bD/N4tBAAZ/gJEdZU7KMraoK1+XYAg==
    dependencies:
      forwarded "0.2.0"
      ipaddr.js "1.9.1"
  
  proxy-from-env@^1.1.0:
    version "1.1.0"
    resolved "https://registry.yarnpkg.com/proxy-from-env/-/proxy-from-env-1.1.0.tgz#e102f16ca355424865755d2c9e8ea4f24d58c3e2"
    integrity sha512-D+zkORCbA9f1tdWRK0RaCR3GPv50cMxcrz4X8k5LTSUD1Dkw47mKJEZQNunItRTkWwgtaUSo1RVFRIG9ZXiFYg==
  
  psl@^1.1.28:
    version "1.9.0"
    resolved "https://registry.yarnpkg.com/psl/-/psl-1.9.0.tgz#d0df2a137f00794565fcaf3b2c00cd09f8d5a5a7"
    integrity sha512-E/ZsdU4HLs/68gYzgGTkMicWTLPdAftJLfJFlLUAAKZGkStNU72sZjT66SnMDVOfOWY/YAoiD7Jxa9iHvngcag==
  
  pump@^3.0.0:
    version "3.0.0"
    resolved "https://registry.yarnpkg.com/pump/-/pump-3.0.0.tgz#b4a2116815bde2f4e1ea602354e8c75565107a64"
    integrity sha512-LwZy+p3SFs1Pytd/jYct4wpv49HiYCqd9Rlc5ZVdk0V+8Yzv6jR5Blk3TRmPL1ft69TxP0IMZGJ+WPFU2BFhww==
    dependencies:
      end-of-stream "^1.1.0"
      once "^1.3.1"
  
  pumpify@^2.0.0:
    version "2.0.1"
    resolved "https://registry.yarnpkg.com/pumpify/-/pumpify-2.0.1.tgz#abfc7b5a621307c728b551decbbefb51f0e4aa1e"
    integrity sha512-m7KOje7jZxrmutanlkS1daj1dS6z6BgslzOXmcSEpIlCxM3VJH7lG5QLeck/6hgF6F4crFf01UtQmNsJfweTAw==
    dependencies:
      duplexify "^4.1.1"
      inherits "^2.0.3"
      pump "^3.0.0"
  
  punycode@1.3.2:
    version "1.3.2"
    resolved "https://registry.yarnpkg.com/punycode/-/punycode-1.3.2.tgz#9653a036fb7c1ee42342f2325cceefea3926c48d"
    integrity sha512-RofWgt/7fL5wP1Y7fxE7/EmTLzQVnB0ycyibJ0OOHIlJqTNzglYFxVwETOcIoJqJmpDXJ9xImDv+Fq34F/d4Dw==
  
  punycode@^1.3.2:
    version "1.4.1"
    resolved "https://registry.yarnpkg.com/punycode/-/punycode-1.4.1.tgz#c0d5a63b2718800ad8e1eb0fa5269c84dd41845e"
    integrity sha512-jmYNElW7yvO7TV33CjSmvSiE2yco3bV2czu/OzDKdMNVZQWfxCblURLhf+47syQRBntjfLdd/H0egrzIG+oaFQ==
  
  punycode@^2.1.0, punycode@^2.1.1:
    version "2.3.0"
    resolved "https://registry.yarnpkg.com/punycode/-/punycode-2.3.0.tgz#f67fa67c94da8f4d0cfff981aee4118064199b8f"
    integrity sha512-rRV+zQD8tVFys26lAGR9WUuS4iUAngJScM+ZRSKtvl5tKeZ2t5bvdNFdNHBW9FWR4guGHlgmsZ1G7BSm2wTbuA==
  
  qs@6.11.0:
    version "6.11.0"
    resolved "https://registry.yarnpkg.com/qs/-/qs-6.11.0.tgz#fd0d963446f7a65e1367e01abd85429453f0c37a"
    integrity sha512-MvjoMCJwEarSbUYk5O+nmoSzSutSsTwF85zcHPQ9OrlFoZOYIjaqBAJIqIXjptyD5vThxGq52Xu/MaJzRkIk4Q==
    dependencies:
      side-channel "^1.0.4"
  
  qs@^6.10.2, qs@^6.11.0, qs@^6.7.0, qs@^6.9.4:
    version "6.11.1"
    resolved "https://registry.yarnpkg.com/qs/-/qs-6.11.1.tgz#6c29dff97f0c0060765911ba65cbc9764186109f"
    integrity sha512-0wsrzgTz/kAVIeuxSjnpGC56rzYtr6JT/2BwEvMaPhFIoYa1aGO8LbzuU1R0uUYQkLpWBTOj0l/CLAJB64J6nQ==
    dependencies:
      side-channel "^1.0.4"
  
  query-string@^7.1.0:
    version "7.1.3"
    resolved "https://registry.yarnpkg.com/query-string/-/query-string-7.1.3.tgz#a1cf90e994abb113a325804a972d98276fe02328"
    integrity sha512-hh2WYhq4fi8+b+/2Kg9CEge4fDPvHS534aOOvOZeQ3+Vf2mCFsaFBYj0i+iXcAq6I9Vzp5fjMFBlONvayDC1qg==
    dependencies:
      decode-uri-component "^0.2.2"
      filter-obj "^1.1.0"
      split-on-first "^1.0.0"
      strict-uri-encode "^2.0.0"
  
  querystring@0.2.0:
    version "0.2.0"
    resolved "https://registry.yarnpkg.com/querystring/-/querystring-0.2.0.tgz#b209849203bb25df820da756e747005878521620"
    integrity sha512-X/xY82scca2tau62i9mDyU9K+I+djTMUsvwf7xnUX5GLvVzgJybOJf4Y6o9Zx3oJK/LSXg5tTZBjwzqVPaPO2g==
  
  queue-microtask@^1.2.2:
    version "1.2.3"
    resolved "https://registry.yarnpkg.com/queue-microtask/-/queue-microtask-1.2.3.tgz#4929228bbc724dfac43e0efb058caf7b6cfb6243"
    integrity sha512-NuaNSa6flKT5JaSYQzJok04JzTL1CA6aGhv5rfLW3PgqA+M2ChpZQnAC8h8i4ZFkBS8X5RqkDBHA7r4hej3K9A==
  
  quick-format-unescaped@^4.0.3:
    version "4.0.4"
    resolved "https://registry.yarnpkg.com/quick-format-unescaped/-/quick-format-unescaped-4.0.4.tgz#93ef6dd8d3453cbc7970dd614fad4c5954d6b5a7"
    integrity sha512-tYC1Q1hgyRuHgloV/YXs2w15unPVh8qfu/qCTfhTYamaw7fyhumKa2yGpdSo87vY32rIclj+4fWYQXUMs9EHvg==
  
  ramda-adjunct@=3.4.0:
    version "3.4.0"
    resolved "https://registry.yarnpkg.com/ramda-adjunct/-/ramda-adjunct-3.4.0.tgz#3b07f4d879406b8cbb5415b165bea48d2fe0ab06"
    integrity sha512-qKRgqwZzJUZmPJfGK8/uLVxQXkiftKhW6FW9NUCUlQrzsBUZBvFAZUxwH7nTRwDMg+ChRU69rVVuS/4EUgtuIg==
  
  ramda@=0.28.0:
    version "0.28.0"
    resolved "https://registry.yarnpkg.com/ramda/-/ramda-0.28.0.tgz#acd785690100337e8b063cab3470019be427cc97"
    integrity sha512-9QnLuG/kPVgWvMQ4aODhsBUFKOUmnbUnsSXACv+NCQZcHbeb+v8Lodp8OVxtRULN1/xOyYLLaL6npE6dMq5QTA==
  
  randombytes@^2.1.0:
    version "2.1.0"
    resolved "https://registry.yarnpkg.com/randombytes/-/randombytes-2.1.0.tgz#df6f84372f0270dc65cdf6291349ab7a473d4f2a"
    integrity sha512-vYl3iOX+4CKUWuxGi9Ukhie6fsqXqS9FE2Zaic4tNFD2N2QQaXOMFbuKK4QmDHC0JO6B1Zp41J0LpT0oR68amQ==
    dependencies:
      safe-buffer "^5.1.0"
  
  range-parser@~1.2.1:
    version "1.2.1"
    resolved "https://registry.yarnpkg.com/range-parser/-/range-parser-1.2.1.tgz#3cf37023d199e1c24d1a55b84800c2f3e6468031"
    integrity sha512-Hrgsx+orqoygnmhFbKaHE6c296J+HTAQXoxEF6gNupROmmGJRoyzfG3ccAveqCBrwr/2yxQ5BVd/GTl5agOwSg==
  
  rapidoc@^9.3.2, rapidoc@^9.3.3:
    version "9.3.4"
    resolved "https://registry.yarnpkg.com/rapidoc/-/rapidoc-9.3.4.tgz#65f0c754d478c36aefaaa00ff787cefe3f8eb3c0"
    integrity sha512-kqNuOSmjlf12SpSfPQaIMuehj7w8JWFFr9/l2zieG7/gCJr1NG2XL920uoqNlXzku1DO8NeHRkSXCmyaZxEOew==
    dependencies:
      "@apitools/openapi-parser" "0.0.30"
      base64-arraybuffer "^1.0.2"
      buffer "^6.0.3"
      lit "^2.6.1"
      marked "^4.2.12"
      prismjs "^1.29.0"
      xml-but-prettier "^1.0.1"
  
  rate-limiter-flexible@^2.2.2:
    version "2.4.1"
    resolved "https://registry.yarnpkg.com/rate-limiter-flexible/-/rate-limiter-flexible-2.4.1.tgz#c74cfe36ac2cbfe56f68ded9a3b4b2fde1963c41"
    integrity sha512-dgH4T44TzKVO9CLArNto62hJOwlWJMLUjVVr/ii0uUzZXEXthDNr7/yefW5z/1vvHAfycc1tnuiYyNJ8CTRB3g==
  
  raw-body@2.5.1:
    version "2.5.1"
    resolved "https://registry.yarnpkg.com/raw-body/-/raw-body-2.5.1.tgz#fe1b1628b181b700215e5fd42389f98b71392857"
    integrity sha512-qqJBtEyVgS0ZmPGdCFPWJ3FreoqvG4MVQln/kCgF7Olq95IbOp0/BWyMwbdtn4VTvkM8Y7khCQ2Xgk/tcrCXig==
    dependencies:
      bytes "3.1.2"
      http-errors "2.0.0"
      iconv-lite "0.4.24"
      unpipe "1.0.0"
  
  rc@^1.0.1, rc@^1.1.6, rc@^1.2.7:
    version "1.2.8"
    resolved "https://registry.yarnpkg.com/rc/-/rc-1.2.8.tgz#cd924bf5200a075b83c188cd6b9e211b7fc0d3ed"
    integrity sha512-y3bGgqKj3QBdxLbLkomlohkvsA8gdAiUQlSBJnBhfn+BPxg4bc62d8TcBW15wavDfgexCgccckhcZvywyQYPOw==
    dependencies:
      deep-extend "^0.6.0"
      ini "~1.3.0"
      minimist "^1.2.0"
      strip-json-comments "~2.0.1"
  
  readable-stream@2.3.7:
    version "2.3.7"
    resolved "https://registry.yarnpkg.com/readable-stream/-/readable-stream-2.3.7.tgz#1eca1cf711aef814c04f62252a36a62f6cb23b57"
    integrity sha512-Ebho8K4jIbHAxnuxi7o42OrZgF/ZTNcsZj6nRKyUmkhLFq8CHItp/fy6hQZuZmP/n3yZ9VBUbp4zz/mX8hmYPw==
    dependencies:
      core-util-is "~1.0.0"
      inherits "~2.0.3"
      isarray "~1.0.0"
      process-nextick-args "~2.0.0"
      safe-buffer "~5.1.1"
      string_decoder "~1.1.1"
      util-deprecate "~1.0.1"
  
  readable-stream@3, readable-stream@^3.0.0, readable-stream@^3.1.1, readable-stream@^3.4.0, readable-stream@^3.6.0:
    version "3.6.2"
    resolved "https://registry.yarnpkg.com/readable-stream/-/readable-stream-3.6.2.tgz#56a9b36ea965c00c5a93ef31eb111a0f11056967"
    integrity sha512-9u/sniCrY3D5WdsERHzHE4G2YCXqoG5FTHUiCC4SIbr6XcLZBY05ya9EKjYek9O5xOAwjGq+1JdGBAS7Q9ScoA==
    dependencies:
      inherits "^2.0.3"
      string_decoder "^1.1.1"
      util-deprecate "^1.0.1"
  
  readable-stream@^2.0.6:
    version "2.3.8"
    resolved "https://registry.yarnpkg.com/readable-stream/-/readable-stream-2.3.8.tgz#91125e8042bba1b9887f49345f6277027ce8be9b"
    integrity sha512-8p0AUk4XODgIewSi0l8Epjs+EVnWiK7NoDIEGU0HhE7+ZyY8D1IMY7odu5lRrFXGg71L15KG8QrPmum45RTtdA==
    dependencies:
      core-util-is "~1.0.0"
      inherits "~2.0.3"
      isarray "~1.0.0"
      process-nextick-args "~2.0.0"
      safe-buffer "~5.1.1"
      string_decoder "~1.1.1"
      util-deprecate "~1.0.1"
  
  readable-stream@~2.0.0:
    version "2.0.6"
    resolved "https://registry.yarnpkg.com/readable-stream/-/readable-stream-2.0.6.tgz#8f90341e68a53ccc928788dacfcd11b36eb9b78e"
    integrity sha512-TXcFfb63BQe1+ySzsHZI/5v1aJPCShfqvWJ64ayNImXMsN1Cd0YGk/wm8KB7/OeessgPc9QvS9Zou8QTkFzsLw==
    dependencies:
      core-util-is "~1.0.0"
      inherits "~2.0.1"
      isarray "~1.0.0"
      process-nextick-args "~1.0.6"
      string_decoder "~0.10.x"
      util-deprecate "~1.0.1"
  
  readable-web-to-node-stream@^3.0.0:
    version "3.0.2"
    resolved "https://registry.yarnpkg.com/readable-web-to-node-stream/-/readable-web-to-node-stream-3.0.2.tgz#5d52bb5df7b54861fd48d015e93a2cb87b3ee0bb"
    integrity sha512-ePeK6cc1EcKLEhJFt/AebMCLL+GgSKhuygrZ/GLaKZYEecIgIECf4UaUuaByiGtzckwR4ain9VzUh95T1exYGw==
    dependencies:
      readable-stream "^3.6.0"
  
  readdirp@~3.6.0:
    version "3.6.0"
    resolved "https://registry.yarnpkg.com/readdirp/-/readdirp-3.6.0.tgz#74a370bd857116e245b29cc97340cd431a02a6c7"
    integrity sha512-hOS089on8RduqdbhvQ5Z37A0ESjsqz6qnRcffsMU3495FuTdqSm+7bhJ29JvIOsBDEEnan5DPu9t3To9VRlMzA==
    dependencies:
      picomatch "^2.2.1"
  
  rechoir@^0.8.0:
    version "0.8.0"
    resolved "https://registry.yarnpkg.com/rechoir/-/rechoir-0.8.0.tgz#49f866e0d32146142da3ad8f0eff352b3215ff22"
    integrity sha512-/vxpCXddiX8NGfGO/mTafwjq4aFa/71pvamip0++IQk3zG8cbCj0fifNPrjjF1XMXUne91jL9OoxmdykoEtifQ==
    dependencies:
      resolve "^1.20.0"
  
  redis-commands@1.7.0:
    version "1.7.0"
    resolved "https://registry.yarnpkg.com/redis-commands/-/redis-commands-1.7.0.tgz#15a6fea2d58281e27b1cd1acfb4b293e278c3a89"
    integrity sha512-nJWqw3bTFy21hX/CPKHth6sfhZbdiHP6bTawSgQBlKOVRG7EZkfHbbHwQJnrE4vsQf0CMNE+3gJ4Fmm16vdVlQ==
  
  redis-errors@^1.0.0, redis-errors@^1.2.0:
    version "1.2.0"
    resolved "https://registry.yarnpkg.com/redis-errors/-/redis-errors-1.2.0.tgz#eb62d2adb15e4eaf4610c04afe1529384250abad"
    integrity sha512-1qny3OExCf0UvUV/5wpYKf2YwPcOqXzkwKKSmKHiE6ZMQs5heeE/c8eXK+PNllPvmjgAbfnsbpkGZWy8cBpn9w==
  
  redis-parser@^3.0.0:
    version "3.0.0"
    resolved "https://registry.yarnpkg.com/redis-parser/-/redis-parser-3.0.0.tgz#b66d828cdcafe6b4b8a428a7def4c6bcac31c8b4"
    integrity sha512-DJnGAeenTdpMEH6uAJRK/uiyEIH9WVsUmoLwzudwGJUwZPp80PDBWPHXSAGNPwNvIXAbe7MSUB1zQFugFml66A==
    dependencies:
      redis-errors "^1.0.0"
  
  reflect-metadata@^0.1.13:
    version "0.1.13"
    resolved "https://registry.yarnpkg.com/reflect-metadata/-/reflect-metadata-0.1.13.tgz#67ae3ca57c972a2aa1642b10fe363fe32d49dc08"
    integrity sha512-Ts1Y/anZELhSsjMcU605fU9RE4Oi3p5ORujwbIKXfWa+0Zxs510Qrmrce5/Jowq3cHSZSJqBjypxmHarc+vEWg==
  
  regenerator-runtime@^0.13.11:
    version "0.13.11"
    resolved "https://registry.yarnpkg.com/regenerator-runtime/-/regenerator-runtime-0.13.11.tgz#f6dca3e7ceec20590d07ada785636a90cdca17f9"
    integrity sha512-kY1AZVr2Ra+t+piVaJ4gxaFaReZVH40AKNo7UCX6W+dEwBo/2oZJzqfuN1qLq1oL45o56cPaTXELwrTh8Fpggg==
  
  registry-auth-token@3.3.2:
    version "3.3.2"
    resolved "https://registry.yarnpkg.com/registry-auth-token/-/registry-auth-token-3.3.2.tgz#851fd49038eecb586911115af845260eec983f20"
    integrity sha512-JL39c60XlzCVgNrO+qq68FoNb56w/m7JYvGR2jT5iR1xBrUA3Mfx5Twk5rqTThPmQKMWydGmq8oFtDlxfrmxnQ==
    dependencies:
      rc "^1.1.6"
      safe-buffer "^5.0.1"
  
  registry-url@3.1.0:
    version "3.1.0"
    resolved "https://registry.yarnpkg.com/registry-url/-/registry-url-3.1.0.tgz#3d4ef870f73dde1d77f0cf9a381432444e174942"
    integrity sha512-ZbgR5aZEdf4UKZVBPYIgaglBmSF2Hi94s2PcIHhRGFjKYu+chjJdYfHn4rt3hB6eCKLJ8giVIIfgMa1ehDfZKA==
    dependencies:
      rc "^1.0.1"
  
  repeat-string@^1.5.2:
    version "1.6.1"
    resolved "https://registry.yarnpkg.com/repeat-string/-/repeat-string-1.6.1.tgz#8dcae470e1c88abc2d600fff4a776286da75e637"
    integrity sha512-PV0dzCYDNfRi1jCDbJzpW7jNNDRuCOG/jI5ctQcGKt/clZD+YcPS3yIlWuTJMmESC8aevCFmWJy5wjAFgNqN6w==
  
  resolve-cwd@^3.0.0:
    version "3.0.0"
    resolved "https://registry.yarnpkg.com/resolve-cwd/-/resolve-cwd-3.0.0.tgz#0f0075f1bb2544766cf73ba6a6e2adfebcb13f2d"
    integrity sha512-OrZaX2Mb+rJCpH/6CpSqt9xFVpN++x01XnN2ie9g6P5/3xelLAkXWVADpdz1IHD/KFfEXyE6V0U01OQ3UO2rEg==
    dependencies:
      resolve-from "^5.0.0"
  
  resolve-from@^4.0.0:
    version "4.0.0"
    resolved "https://registry.yarnpkg.com/resolve-from/-/resolve-from-4.0.0.tgz#4abcd852ad32dd7baabfe9b40e00a36db5f392e6"
    integrity sha512-pb/MYmXstAkysRFx8piNI1tGFNQIFA3vkE3Gq4EuA1dF6gHp/+vgZqsCGJapvy8N3Q+4o7FwvquPJcnZ7RYy4g==
  
  resolve-from@^5.0.0:
    version "5.0.0"
    resolved "https://registry.yarnpkg.com/resolve-from/-/resolve-from-5.0.0.tgz#c35225843df8f776df21c57557bc087e9dfdfc69"
    integrity sha512-qYg9KP24dD5qka9J47d0aVky0N+b4fTU89LN9iDnjB5waksiC49rvMB0PrUJQGoTmH50XPiqOvAjDfaijGxYZw==
  
  resolve@^1.17.0, resolve@^1.19.0, resolve@^1.20.0, resolve@^1.21.0:
    version "1.22.2"
    resolved "https://registry.yarnpkg.com/resolve/-/resolve-1.22.2.tgz#0ed0943d4e301867955766c9f3e1ae6d01c6845f"
    integrity sha512-Sb+mjNHOULsBv818T40qSPeRiuWLyaGMa5ewydRLFimneixmVy2zdivRl+AF6jaYPC8ERxGDmFSiqui6SfPd+g==
    dependencies:
      is-core-module "^2.11.0"
      path-parse "^1.0.7"
      supports-preserve-symlinks-flag "^1.0.0"
  
  restore-cursor@^3.1.0:
    version "3.1.0"
    resolved "https://registry.yarnpkg.com/restore-cursor/-/restore-cursor-3.1.0.tgz#39f67c54b3a7a58cea5236d95cf0034239631f7e"
    integrity sha512-l+sSefzHpj5qimhFSE5a8nufZYAM3sBSVMAPtYkmC+4EH2anSGaEMXSD0izRQbu9nfyQ9y5JrVmp7E8oZrUjvA==
    dependencies:
      onetime "^5.1.0"
      signal-exit "^3.0.2"
  
  retry-request@^4.2.2:
    version "4.2.2"
    resolved "https://registry.yarnpkg.com/retry-request/-/retry-request-4.2.2.tgz#b7d82210b6d2651ed249ba3497f07ea602f1a903"
    integrity sha512-xA93uxUD/rogV7BV59agW/JHPGXeREMWiZc9jhcwY4YdZ7QOtC7qbomYg0n4wyk2lJhggjvKvhNX8wln/Aldhg==
    dependencies:
      debug "^4.1.1"
      extend "^3.0.2"
  
  retry@0.13.1:
    version "0.13.1"
    resolved "https://registry.yarnpkg.com/retry/-/retry-0.13.1.tgz#185b1587acf67919d63b357349e03537b2484658"
    integrity sha512-XQBQ3I8W1Cge0Seh+6gjj03LbmRFWuoszgK9ooCpwYIrhhoO80pfq4cUkU5DkknwfOfFteRwlZ56PYOGYyFWdg==
  
  retry@0.6.0:
    version "0.6.0"
    resolved "https://registry.yarnpkg.com/retry/-/retry-0.6.0.tgz#1c010713279a6fd1e8def28af0c3ff1871caa537"
    integrity sha512-RgncoxLF1GqwAzTZs/K2YpZkWrdIYbXsmesdomi+iPilSzjUyr/wzNIuteoTVaWokzdwZIJ9NHRNQa/RUiOB2g==
  
  retry@^0.12.0:
    version "0.12.0"
    resolved "https://registry.yarnpkg.com/retry/-/retry-0.12.0.tgz#1b42a6266a21f07421d1b0b54b7dc167b01c013b"
    integrity sha512-9LkiTwjUh6rT555DtE9rTX+BKByPfrMzEAtnlEtdEwr3Nkffwiihqe2bWADg+OQRjt9gl6ICdmB/ZFDCGAtSow==
  
  reusify@^1.0.4:
    version "1.0.4"
    resolved "https://registry.yarnpkg.com/reusify/-/reusify-1.0.4.tgz#90da382b1e126efc02146e90845a88db12925d76"
    integrity sha512-U9nH88a3fc/ekCF1l0/UP1IosiuIjyTh7hBvXVMHYgVcfGvt897Xguj2UOLDeI5BG2m7/uwyaLVT6fbtCwTyzw==
  
  rfdc@^1.3.0:
    version "1.3.0"
    resolved "https://registry.yarnpkg.com/rfdc/-/rfdc-1.3.0.tgz#d0b7c441ab2720d05dc4cf26e01c89631d9da08b"
    integrity sha512-V2hovdzFbOi77/WajaSMXk2OLm+xNIeQdMMuB7icj7bk6zi2F8GGAxigcnDFpJHbNyNcgyJDiP+8nOrY5cZGrA==
  
  rimraf@^3.0.0, rimraf@^3.0.2:
    version "3.0.2"
    resolved "https://registry.yarnpkg.com/rimraf/-/rimraf-3.0.2.tgz#f1a5402ba6220ad52cc1282bac1ae3aa49fd061a"
    integrity sha512-JZkJMZkAGFFPP2YqXZXPbMlMBgsxzE8ILs4lMIX/2o0L9UBw9O/Y3o6wFw/i9YLapcUJWwqbi3kdxIPdC62TIA==
    dependencies:
      glob "^7.1.3"
  
  rollup-plugin-styles@^4.0.0:
    version "4.0.0"
    resolved "https://registry.yarnpkg.com/rollup-plugin-styles/-/rollup-plugin-styles-4.0.0.tgz#472f104d33edda27fb089b63a315e31531611826"
    integrity sha512-A2K2sao84OsTmDxXG83JTCdXWrmgvQkkI38XDat46rdtpGMRm9tSYqeCdlwwGDJF4kKIafhV1mUidqu8MxUGig==
    dependencies:
      "@rollup/pluginutils" "^4.1.2"
      "@types/cssnano" "^5.0.0"
      cosmiconfig "^7.0.1"
      cssnano "^5.0.15"
      fs-extra "^10.0.0"
      icss-utils "^5.1.0"
      mime-types "^2.1.34"
      p-queue "^6.6.2"
      postcss "^8.4.5"
      postcss-modules-extract-imports "^3.0.0"
      postcss-modules-local-by-default "^4.0.0"
      postcss-modules-scope "^3.0.0"
      postcss-modules-values "^4.0.0"
      postcss-value-parser "^4.2.0"
      query-string "^7.1.0"
      resolve "^1.21.0"
      source-map-js "^1.0.1"
      tslib "^2.3.1"
  
  rollup-plugin-terser@^7.0.2:
    version "7.0.2"
    resolved "https://registry.yarnpkg.com/rollup-plugin-terser/-/rollup-plugin-terser-7.0.2.tgz#e8fbba4869981b2dc35ae7e8a502d5c6c04d324d"
    integrity sha512-w3iIaU4OxcF52UUXiZNsNeuXIMDvFrr+ZXK6bFZ0Q60qyVfq4uLptoS4bbq3paG3x216eQllFZX7zt6TIImguQ==
    dependencies:
      "@babel/code-frame" "^7.10.4"
      jest-worker "^26.2.1"
      serialize-javascript "^4.0.0"
      terser "^5.0.0"
  
  rollup-plugin-typescript2@^0.31.2:
    version "0.31.2"
    resolved "https://registry.yarnpkg.com/rollup-plugin-typescript2/-/rollup-plugin-typescript2-0.31.2.tgz#463aa713a7e2bf85b92860094b9f7fb274c5a4d8"
    integrity sha512-hRwEYR1C8xDGVVMFJQdEVnNAeWRvpaY97g5mp3IeLnzhNXzSVq78Ye/BJ9PAaUfN4DXa/uDnqerifMOaMFY54Q==
    dependencies:
      "@rollup/pluginutils" "^4.1.2"
      "@yarn-tool/resolve-package" "^1.0.40"
      find-cache-dir "^3.3.2"
      fs-extra "^10.0.0"
      resolve "^1.20.0"
      tslib "^2.3.1"
  
  rollup-plugin-vue@^6.0.0:
    version "6.0.0"
    resolved "https://registry.yarnpkg.com/rollup-plugin-vue/-/rollup-plugin-vue-6.0.0.tgz#e379e93e5ae9a8648522f698be2e452e8672aaf2"
    integrity sha512-oVvUd84d5u73M2HYM3XsMDLtZRIA/tw2U0dmHlXU2UWP5JARYHzh/U9vcxaN/x/9MrepY7VH3pHFeOhrWpxs/Q==
    dependencies:
      debug "^4.1.1"
      hash-sum "^2.0.0"
      rollup-pluginutils "^2.8.2"
  
  rollup-pluginutils@^2.8.2:
    version "2.8.2"
    resolved "https://registry.yarnpkg.com/rollup-pluginutils/-/rollup-pluginutils-2.8.2.tgz#72f2af0748b592364dbd3389e600e5a9444a351e"
    integrity sha512-EEp9NhnUkwY8aif6bxgovPHMoMoNr2FulJziTndpt5H9RdwC47GSGuII9XxpSdzVGM0GWrNPHV6ie1LTNJPaLQ==
    dependencies:
      estree-walker "^0.6.1"
  
  rollup@^2.67.3:
    version "2.79.1"
    resolved "https://registry.yarnpkg.com/rollup/-/rollup-2.79.1.tgz#bedee8faef7c9f93a2647ac0108748f497f081c7"
    integrity sha512-uKxbd0IhMZOhjAiD5oAFp7BqvkA4Dv47qpOCtaNvng4HBwdbWtdOh8f5nZNuk2rp51PMGk3bzfWu5oayNEuYnw==
    optionalDependencies:
      fsevents "~2.3.2"
  
  run-async@^2.4.0:
    version "2.4.1"
    resolved "https://registry.yarnpkg.com/run-async/-/run-async-2.4.1.tgz#8440eccf99ea3e70bd409d49aab88e10c189a455"
    integrity sha512-tvVnVv01b8c1RrA6Ep7JkStj85Guv/YrMcwqYQnwjsAS2cTmmPGBBjAjpCW7RrSodNSoE2/qg9O4bceNvUuDgQ==
  
  run-parallel@^1.1.9:
    version "1.2.0"
    resolved "https://registry.yarnpkg.com/run-parallel/-/run-parallel-1.2.0.tgz#66d1368da7bdf921eb9d95bd1a9229e7f21a43ee"
    integrity sha512-5l4VyZR86LZ/lDxZTR6jqL8AFE2S0IFLMP26AbjsLVADxHdhB/c0GUsH+y39UfCi3dzz8OlQuPmnaJOMoDHQBA==
    dependencies:
      queue-microtask "^1.2.2"
  
  rxjs@^7.5.5:
    version "7.8.0"
    resolved "https://registry.yarnpkg.com/rxjs/-/rxjs-7.8.0.tgz#90a938862a82888ff4c7359811a595e14e1e09a4"
    integrity sha512-F2+gxDshqmIub1KdvZkaEfGDwLNpPvk9Fs6LD/MyQxNgMds/WH9OdDDXOmxUZpME+iSK3rQCctkL0DYyytUqMg==
    dependencies:
      tslib "^2.1.0"
  
  safe-buffer@5.1.2, safe-buffer@~5.1.0, safe-buffer@~5.1.1:
    version "5.1.2"
    resolved "https://registry.yarnpkg.com/safe-buffer/-/safe-buffer-5.1.2.tgz#991ec69d296e0313747d59bdfd2b745c35f8828d"
    integrity sha512-Gd2UZBJDkXlY7GbJxfsE8/nvKkUEU1G38c1siN6QP6a9PT9MmHB8GnpscSmMJSoF8LOIrt8ud/wPtojys4G6+g==
  
  safe-buffer@5.2.1, safe-buffer@^5.0.1, safe-buffer@^5.1.0, safe-buffer@~5.2.0:
    version "5.2.1"
    resolved "https://registry.yarnpkg.com/safe-buffer/-/safe-buffer-5.2.1.tgz#1eaf9fa9bdb1fdd4ec75f58f9cdb4e6b7827eec6"
    integrity sha512-rp3So07KcdmmKbGvgaNxQSJr7bGVSVk5S9Eq1F+ppbRo70+YeaDxkw5Dd8NPN+GD6bjnYm2VuPuCXmpuYvmCXQ==
  
  "safer-buffer@>= 2.1.2 < 3", "safer-buffer@>= 2.1.2 < 3.0.0", safer-buffer@~2.1.0:
    version "2.1.2"
    resolved "https://registry.yarnpkg.com/safer-buffer/-/safer-buffer-2.1.2.tgz#44fa161b0187b9549dd84bb91802f9bd8385cd6a"
    integrity sha512-YZo3K82SD7Riyi0E1EQPojLz7kpepnSQI9IyPbHHg1XXXevb5dJI7tpyN2ADxGcQbHG7vcyRHk0cbwqcQriUtg==
  
  sanitize-html@^2.6.0:
    version "2.10.0"
    resolved "https://registry.yarnpkg.com/sanitize-html/-/sanitize-html-2.10.0.tgz#74d28848dfcf72c39693139131895c78900ab452"
    integrity sha512-JqdovUd81dG4k87vZt6uA6YhDfWkUGruUu/aPmXLxXi45gZExnt9Bnw/qeQU8oGf82vPyaE0vO4aH0PbobB9JQ==
    dependencies:
      deepmerge "^4.2.2"
      escape-string-regexp "^4.0.0"
      htmlparser2 "^8.0.0"
      is-plain-object "^5.0.0"
      parse-srcset "^1.0.2"
      postcss "^8.3.11"
  
  saslprep@^1.0.3:
    version "1.0.3"
    resolved "https://registry.yarnpkg.com/saslprep/-/saslprep-1.0.3.tgz#4c02f946b56cf54297e347ba1093e7acac4cf226"
    integrity sha512-/MY/PEMbk2SuY5sScONwhUDsV2p77Znkb/q3nSVstq/yQzYJOH/Azh29p9oJLsl3LnQwSvZDKagDGBsBwSooag==
    dependencies:
      sparse-bitfield "^3.0.3"
  
  sax@1.2.1:
    version "1.2.1"
    resolved "https://registry.yarnpkg.com/sax/-/sax-1.2.1.tgz#7b8e656190b228e81a66aea748480d828cd2d37a"
    integrity sha512-8I2a3LovHTOpm7NV5yOyO8IHqgVsfK4+UuySrXU8YXkSRX7k6hCV9b3HrkKCr3nMpgj+0bmocaJJWpvp1oc7ZA==
  
  sax@>=0.6.0:
    version "1.2.4"
    resolved "https://registry.yarnpkg.com/sax/-/sax-1.2.4.tgz#2816234e2378bddc4e5354fab5caa895df7100d9"
    integrity sha512-NqVDv9TpANUjFm0N8uM5GxL36UgKi9/atZw+x7YFnQ8ckwFGKrl4xX4yWtrey3UJm5nP1kUbnYgLopqWNSRhWw==
  
  semver@^5.4.1, semver@^5.6.0:
    version "5.7.1"
    resolved "https://registry.yarnpkg.com/semver/-/semver-5.7.1.tgz#a954f931aeba508d307bbf069eff0c01c96116f7"
    integrity sha512-sauaDf/PZdVgrLTNYHRtpXa1iRiKcaebiKQ1BJdpQlWH2lCvexQdX55snPFyK7QzpudqbCI0qXFfOasHdyNDGQ==
  
  semver@^6.0.0:
    version "6.3.0"
    resolved "https://registry.yarnpkg.com/semver/-/semver-6.3.0.tgz#ee0a64c8af5e8ceea67687b133761e1becbd1d3d"
    integrity sha512-b39TBaTSfV6yBrapU89p5fKekE2m/NwnDocOVruQFS1/veMgdzuPcnOM34M6CwxW8jH/lxEa5rBoDeUwu5HHTw==
  
  semver@^7.3.2, semver@^7.3.5, semver@^7.3.7, semver@^7.3.8:
    version "7.4.0"
    resolved "https://registry.yarnpkg.com/semver/-/semver-7.4.0.tgz#8481c92feffc531ab1e012a8ffc15bdd3a0f4318"
    integrity sha512-RgOxM8Mw+7Zus0+zcLEUn8+JfoLpj/huFTItQy2hsM4khuC1HYRDp0cU482Ewn/Fcy6bCjufD8vAj7voC66KQw==
    dependencies:
      lru-cache "^6.0.0"
  
  send@0.18.0:
    version "0.18.0"
    resolved "https://registry.yarnpkg.com/send/-/send-0.18.0.tgz#670167cc654b05f5aa4a767f9113bb371bc706be"
    integrity sha512-qqWzuOjSFOuqPjFe4NOsMLafToQQwBSOEpS+FwEt3A2V3vKubTquT3vmLTQpFgMXp8AlFWFuP1qKaJZOtPpVXg==
    dependencies:
      debug "2.6.9"
      depd "2.0.0"
      destroy "1.2.0"
      encodeurl "~1.0.2"
      escape-html "~1.0.3"
      etag "~1.8.1"
      fresh "0.5.2"
      http-errors "2.0.0"
      mime "1.6.0"
      ms "2.1.3"
      on-finished "2.4.1"
      range-parser "~1.2.1"
      statuses "2.0.1"
  
  serialize-javascript@^4.0.0:
    version "4.0.0"
    resolved "https://registry.yarnpkg.com/serialize-javascript/-/serialize-javascript-4.0.0.tgz#b525e1238489a5ecfc42afacc3fe99e666f4b1aa"
    integrity sha512-GaNA54380uFefWghODBWEGisLZFj00nS5ACs6yHa9nLqlLpVLO8ChDGeKRjZnV4Nh4n0Qi7nhYZD/9fCPzEqkw==
    dependencies:
      randombytes "^2.1.0"
  
  serve-static@1.15.0:
    version "1.15.0"
    resolved "https://registry.yarnpkg.com/serve-static/-/serve-static-1.15.0.tgz#faaef08cffe0a1a62f60cad0c4e513cff0ac9540"
    integrity sha512-XGuRDNjXUijsUL0vl6nSD7cwURuzEgglbOaFuZM9g3kwDXOWVTck0jLzjPzGD+TazWbboZYu52/9/XPdUgne9g==
    dependencies:
      encodeurl "~1.0.2"
      escape-html "~1.0.3"
      parseurl "~1.3.3"
      send "0.18.0"
  
  set-blocking@^2.0.0, set-blocking@~2.0.0:
    version "2.0.0"
    resolved "https://registry.yarnpkg.com/set-blocking/-/set-blocking-2.0.0.tgz#045f9782d011ae9a6803ddd382b24392b3d890f7"
    integrity sha512-KiKBS8AnWGEyLzofFfmvKwpdPzqiy16LvQfK3yv/fVH7Bj13/wl3JSR1J+rfgRE9q7xUJK4qvgS8raSOeLUehw==
  
  setprototypeof@1.2.0:
    version "1.2.0"
    resolved "https://registry.yarnpkg.com/setprototypeof/-/setprototypeof-1.2.0.tgz#66c9a24a73f9fc28cbe66b09fed3d33dcaf1b424"
    integrity sha512-E5LDX7Wrp85Kil5bhZv46j8jOeboKq5JMmYM3gVGdGH8xFpPWXUMsNrlODCrkoxMEeNi/XZIwuRvY4XNwYMJpw==
  
  sharp@^0.30.3:
    version "0.30.7"
    resolved "https://registry.yarnpkg.com/sharp/-/sharp-0.30.7.tgz#7862bda98804fdd1f0d5659c85e3324b90d94c7c"
    integrity sha512-G+MY2YW33jgflKPTXXptVO28HvNOo9G3j0MybYAHeEmby+QuD2U98dT6ueht9cv/XDqZspSpIhoSW+BAKJ7Hig==
    dependencies:
      color "^4.2.3"
      detect-libc "^2.0.1"
      node-addon-api "^5.0.0"
      prebuild-install "^7.1.1"
      semver "^7.3.7"
      simple-get "^4.0.1"
      tar-fs "^2.1.1"
      tunnel-agent "^0.6.0"
  
  shebang-command@^2.0.0:
    version "2.0.0"
    resolved "https://registry.yarnpkg.com/shebang-command/-/shebang-command-2.0.0.tgz#ccd0af4f8835fbdc265b82461aaf0c36663f34ea"
    integrity sha512-kHxr2zZpYtdmrN1qDjrrX/Z1rR1kG8Dx+gkpK1G4eXmvXswmcE1hTWBWYUzlraYw1/yZp6YuDY77YtvbN0dmDA==
    dependencies:
      shebang-regex "^3.0.0"
  
  shebang-regex@^3.0.0:
    version "3.0.0"
    resolved "https://registry.yarnpkg.com/shebang-regex/-/shebang-regex-3.0.0.tgz#ae16f1644d873ecad843b0307b143362d4c42172"
    integrity sha512-7++dFhtcx3353uBaq8DDR4NuxBetBzC7ZQOhmTQInHEd6bSrXdiEyzCvG07Z44UYdLShWUyXt5M/yhz8ekcb1A==
  
  short-unique-id@=4.4.4:
    version "4.4.4"
    resolved "https://registry.yarnpkg.com/short-unique-id/-/short-unique-id-4.4.4.tgz#a45df68303bbd2dbb5785ed7708e891809c9cb7a"
    integrity sha512-oLF1NCmtbiTWl2SqdXZQbo5KM1b7axdp0RgQLq8qCBBLoq+o3A5wmLrNM6bZIh54/a8BJ3l69kTXuxwZ+XCYuw==
  
  side-channel@^1.0.4:
    version "1.0.4"
    resolved "https://registry.yarnpkg.com/side-channel/-/side-channel-1.0.4.tgz#efce5c8fdc104ee751b25c58d4290011fa5ea2cf"
    integrity sha512-q5XPytqFEIKHkGdiMIrY10mvLRvnQh42/+GoBlFW3b2LXLE2xxJpZFdm94we0BaoV3RwJyGqg5wS7epxTv0Zvw==
    dependencies:
      call-bind "^1.0.0"
      get-intrinsic "^1.0.2"
      object-inspect "^1.9.0"
  
  signal-exit@^3.0.0, signal-exit@^3.0.2, signal-exit@^3.0.3, signal-exit@^3.0.7:
    version "3.0.7"
    resolved "https://registry.yarnpkg.com/signal-exit/-/signal-exit-3.0.7.tgz#a9a1767f8af84155114eaabd73f99273c8f59ad9"
    integrity sha512-wnD2ZE+l+SPC/uoS0vXeE9L1+0wuaMqKlfz9AMUo38JsyLSBWSFcHR1Rri62LZc12vLr1gb3jl7iwQhgwpAbGQ==
  
  simple-concat@^1.0.0:
    version "1.0.1"
    resolved "https://registry.yarnpkg.com/simple-concat/-/simple-concat-1.0.1.tgz#f46976082ba35c2263f1c8ab5edfe26c41c9552f"
    integrity sha512-cSFtAPtRhljv69IK0hTVZQ+OfE9nePi/rtJmw5UjHeVyVroEqJXP1sFztKUy1qU+xvz3u/sfYJLa947b7nAN2Q==
  
  simple-get@^3.0.3:
    version "3.1.1"
    resolved "https://registry.yarnpkg.com/simple-get/-/simple-get-3.1.1.tgz#cc7ba77cfbe761036fbfce3d021af25fc5584d55"
    integrity sha512-CQ5LTKGfCpvE1K0n2us+kuMPbk/q0EKl82s4aheV9oXjFEz6W/Y7oQFVJuU6QG77hRT4Ghb5RURteF5vnWjupA==
    dependencies:
      decompress-response "^4.2.0"
      once "^1.3.1"
      simple-concat "^1.0.0"
  
  simple-get@^4.0.0, simple-get@^4.0.1:
    version "4.0.1"
    resolved "https://registry.yarnpkg.com/simple-get/-/simple-get-4.0.1.tgz#4a39db549287c979d352112fa03fd99fd6bc3543"
    integrity sha512-brv7p5WgH0jmQJr1ZDDfKDOSeWWg+OVypG99A/5vYGPqJ6pxiaHLy8nxtFjBA7oMa01ebA9gfh1uMCFqOuXxvA==
    dependencies:
      decompress-response "^6.0.0"
      once "^1.3.1"
      simple-concat "^1.0.0"
  
  simple-lru-cache@0.0.x:
    version "0.0.2"
    resolved "https://registry.yarnpkg.com/simple-lru-cache/-/simple-lru-cache-0.0.2.tgz#d59cc3a193c1a5d0320f84ee732f6e4713e511dd"
    integrity sha512-uEv/AFO0ADI7d99OHDmh1QfYzQk/izT1vCmu/riQfh7qjBVUUgRT87E5s5h7CxWCA/+YoZerykpEthzVrW3LIw==
  
  simple-swizzle@^0.2.2:
    version "0.2.2"
    resolved "https://registry.yarnpkg.com/simple-swizzle/-/simple-swizzle-0.2.2.tgz#a4da6b635ffcccca33f70d17cb92592de95e557a"
    integrity sha512-JA//kQgZtbuY83m+xT+tXJkmJncGMTFT+C+g2h2R9uxkYIrE2yy9sgmcLhCnw57/WSD+Eh3J97FPEDFnbXnDUg==
    dependencies:
      is-arrayish "^0.3.1"
  
  slash@^3.0.0:
    version "3.0.0"
    resolved "https://registry.yarnpkg.com/slash/-/slash-3.0.0.tgz#6539be870c165adbd5240220dbe361f1bc4d4634"
    integrity sha512-g9Q1haeby36OSStwb4ntCGGGaKsaVSjQ68fBxoQcutl5fS1vuY18H3wSt3jFyFtrkx+Kz0V1G85A4MyAdDMi2Q==
  
  smart-buffer@^4.2.0:
    version "4.2.0"
    resolved "https://registry.yarnpkg.com/smart-buffer/-/smart-buffer-4.2.0.tgz#6e1d71fa4f18c05f7d0ff216dd16a481d0e8d9ae"
    integrity sha512-94hK0Hh8rPqQl2xXc3HsaBoOXKV20MToPkcXvwbISWLEs+64sBq5kFgn2kJDHb1Pry9yrP0dxrCI9RRci7RXKg==
  
  socket.io-adapter@~2.5.2:
    version "2.5.2"
    resolved "https://registry.yarnpkg.com/socket.io-adapter/-/socket.io-adapter-2.5.2.tgz#5de9477c9182fdc171cd8c8364b9a8894ec75d12"
    integrity sha512-87C3LO/NOMc+eMcpcxUBebGjkpMDkNBS9tf7KJqcDsmL936EChtVva71Dw2q4tQcuVC+hAUy4an2NO/sYXmwRA==
    dependencies:
      ws "~8.11.0"
  
  socket.io-parser@~4.2.1:
    version "4.2.2"
    resolved "https://registry.yarnpkg.com/socket.io-parser/-/socket.io-parser-4.2.2.tgz#1dd384019e25b7a3d374877f492ab34f2ad0d206"
    integrity sha512-DJtziuKypFkMMHCm2uIshOYC7QaylbtzQwiMYDuCKy3OPkjLzu4B2vAhTlqipRHHzrI0NJeBAizTK7X+6m1jVw==
    dependencies:
      "@socket.io/component-emitter" "~3.1.0"
      debug "~4.3.1"
  
  socket.io@^4.5.1:
    version "4.6.1"
    resolved "https://registry.yarnpkg.com/socket.io/-/socket.io-4.6.1.tgz#62ec117e5fce0692fa50498da9347cfb52c3bc70"
    integrity sha512-KMcaAi4l/8+xEjkRICl6ak8ySoxsYG+gG6/XfRCPJPQ/haCRIJBTL4wIl8YCsmtaBovcAXGLOShyVWQ/FG8GZA==
    dependencies:
      accepts "~1.3.4"
      base64id "~2.0.0"
      debug "~4.3.2"
      engine.io "~6.4.1"
      socket.io-adapter "~2.5.2"
      socket.io-parser "~4.2.1"
  
  socks-proxy-agent@^6.0.0:
    version "6.2.1"
    resolved "https://registry.yarnpkg.com/socks-proxy-agent/-/socks-proxy-agent-6.2.1.tgz#2687a31f9d7185e38d530bef1944fe1f1496d6ce"
    integrity sha512-a6KW9G+6B3nWZ1yB8G7pJwL3ggLy1uTzKAgCb7ttblwqdz9fMGJUuTy3uFzEP48FAs9FLILlmzDlE2JJhVQaXQ==
    dependencies:
      agent-base "^6.0.2"
      debug "^4.3.3"
      socks "^2.6.2"
  
  socks@^2.6.2, socks@^2.7.1:
    version "2.7.1"
    resolved "https://registry.yarnpkg.com/socks/-/socks-2.7.1.tgz#d8e651247178fde79c0663043e07240196857d55"
    integrity sha512-7maUZy1N7uo6+WVEX6psASxtNlKaNVMlGQKkG/63nEDdLOWNbiUMoLK7X4uYoLhQstau72mLgfEWcXcwsaHbYQ==
    dependencies:
      ip "^2.0.0"
      smart-buffer "^4.2.0"
  
  sonic-boom@^1.0.2:
    version "1.4.1"
    resolved "https://registry.yarnpkg.com/sonic-boom/-/sonic-boom-1.4.1.tgz#d35d6a74076624f12e6f917ade7b9d75e918f53e"
    integrity sha512-LRHh/A8tpW7ru89lrlkU4AszXt1dbwSjVWguGrmlxE7tawVmDBlI1PILMkXAxJTwqhgsEeTHzj36D5CmHgQmNg==
    dependencies:
      atomic-sleep "^1.0.0"
      flatstr "^1.0.12"
  
  source-map-js@^1.0.1, source-map-js@^1.0.2:
    version "1.0.2"
    resolved "https://registry.yarnpkg.com/source-map-js/-/source-map-js-1.0.2.tgz#adbc361d9c62df380125e7f161f71c826f1e490c"
    integrity sha512-R0XvVJ9WusLiqTCEiGCmICCMplcCkIwwR11mOSD9CR5u+IXYdiseeEuXCVAjS54zqwkLcPNnmU4OeJ6tUrWhDw==
  
  source-map-support@~0.5.20:
    version "0.5.21"
    resolved "https://registry.yarnpkg.com/source-map-support/-/source-map-support-0.5.21.tgz#04fe7c7f9e1ed2d662233c28cb2b35b9f63f6e4f"
    integrity sha512-uBHU3L3czsIyYXKX88fdrGovxdSCoTGDRZ6SYXtSRxLZUzHg5P/66Ht6uoUlHu9EZod+inXhKo3qQgwXUT/y1w==
    dependencies:
      buffer-from "^1.0.0"
      source-map "^0.6.0"
  
  source-map@0.6.1, source-map@^0.6.0, source-map@^0.6.1:
    version "0.6.1"
    resolved "https://registry.yarnpkg.com/source-map/-/source-map-0.6.1.tgz#74722af32e9614e9c287a8d0bbde48b5e2f1a263"
    integrity sha512-UjgapumWlbMhkBgzT7Ykc5YXUT46F0iKu8SGXq0bcwP5dz/h0Plj6enJqjz1Zbq2l5WaqYnrVbwWOWMyF3F47g==
  
  sourcemap-codec@^1.4.8:
    version "1.4.8"
    resolved "https://registry.yarnpkg.com/sourcemap-codec/-/sourcemap-codec-1.4.8.tgz#ea804bd94857402e6992d05a38ef1ae35a9ab4c4"
    integrity sha512-9NykojV5Uih4lgo5So5dtw+f0JgJX30KCNI8gwhz2J9A15wD0Ml6tjHKwf6fTSa6fAdVBdZeNOs9eJ71qCk8vA==
  
  sparse-bitfield@^3.0.3:
    version "3.0.3"
    resolved "https://registry.yarnpkg.com/sparse-bitfield/-/sparse-bitfield-3.0.3.tgz#ff4ae6e68656056ba4b3e792ab3334d38273ca11"
    integrity sha512-kvzhi7vqKTfkh0PZU+2D2PIllw2ymqJKujUcyPMd9Y75Nv4nPbGJZXNhxsgdQab2BmlDct1YnfQCguEvHr7VsQ==
    dependencies:
      memory-pager "^1.0.2"
  
  split-on-first@^1.0.0:
    version "1.1.0"
    resolved "https://registry.yarnpkg.com/split-on-first/-/split-on-first-1.1.0.tgz#f610afeee3b12bce1d0c30425e76398b78249a5f"
    integrity sha512-43ZssAJaMusuKWL8sKUBQXHWOpq8d6CfN/u1p4gUzfJkM05C8rxTmYrkIPTXapZpORA6LkkzcUulJ8FqA7Uudw==
  
  split2@^3.0.0:
    version "3.2.2"
    resolved "https://registry.yarnpkg.com/split2/-/split2-3.2.2.tgz#bf2cf2a37d838312c249c89206fd7a17dd12365f"
    integrity sha512-9NThjpgZnifTkJpzTZ7Eue85S49QwpNhZTq6GRJwObb6jnLFNGB7Qm73V5HewTROPyxD0C29xqmaI68bQtV+hg==
    dependencies:
      readable-stream "^3.0.0"
  
  split2@^4.1.0:
    version "4.2.0"
    resolved "https://registry.yarnpkg.com/split2/-/split2-4.2.0.tgz#c9c5920904d148bab0b9f67145f245a86aadbfa4"
    integrity sha512-UcjcJOWknrNkF6PLX83qcHM6KHgVKNkV62Y8a5uYDVv9ydGQVwAHMKqHdJje1VTWpljG0WYpCDhrCdAOYH4TWg==
  
  sprintf-js@^1.1.2:
    version "1.1.2"
    resolved "https://registry.yarnpkg.com/sprintf-js/-/sprintf-js-1.1.2.tgz#da1765262bf8c0f571749f2ad6c26300207ae673"
    integrity sha512-VE0SOVEHCk7Qc8ulkWw3ntAzXuqf7S2lvwQaDLRnUeIEaKNQJzV6BwmLKhOqT61aGhfUMrXeaBk+oDGCzvhcug==
  
  sqlite3@^5.0.6:
    version "5.1.6"
    resolved "https://registry.yarnpkg.com/sqlite3/-/sqlite3-5.1.6.tgz#1d4fbc90fe4fbd51e952e0a90fd8f6c2b9098e97"
    integrity sha512-olYkWoKFVNSSSQNvxVUfjiVbz3YtBwTJj+mfV5zpHmqW3sELx2Cf4QCdirMelhM5Zh+KDVaKgQHqCxrqiWHybw==
    dependencies:
      "@mapbox/node-pre-gyp" "^1.0.0"
      node-addon-api "^4.2.0"
      tar "^6.1.11"
    optionalDependencies:
      node-gyp "8.x"
  
  sqlstring@2.3.1:
    version "2.3.1"
    resolved "https://registry.yarnpkg.com/sqlstring/-/sqlstring-2.3.1.tgz#475393ff9e91479aea62dcaf0ca3d14983a7fb40"
    integrity sha512-ooAzh/7dxIG5+uDik1z/Rd1vli0+38izZhGzSa34FwR7IbelPWCCKSNIl8jlL/F7ERvy8CB2jNeM1E9i9mXMAQ==
  
  ssri@^8.0.0, ssri@^8.0.1:
    version "8.0.1"
    resolved "https://registry.yarnpkg.com/ssri/-/ssri-8.0.1.tgz#638e4e439e2ffbd2cd289776d5ca457c4f51a2af"
    integrity sha512-97qShzy1AiyxvPNIkLWoGua7xoQzzPjQ0HAH4B0rWKo7SZ6USuPcrUiAFrws0UH8RrbWmgq3LMTObhPIHbbBeQ==
    dependencies:
      minipass "^3.1.1"
  
  stable@^0.1.8:
    version "0.1.8"
    resolved "https://registry.yarnpkg.com/stable/-/stable-0.1.8.tgz#836eb3c8382fe2936feaf544631017ce7d47a3cf"
    integrity sha512-ji9qxRnOVfcuLDySj9qzhGSEFVobyt1kIOSkj1qZzYLzq7Tos/oUUWvotUPQLlrsidqsK6tBH89Bc9kL5zHA6w==
  
  stampit@=4.3.2:
    version "4.3.2"
    resolved "https://registry.yarnpkg.com/stampit/-/stampit-4.3.2.tgz#cfd3f607dd628a161ce6305621597994b4d56573"
    integrity sha512-pE2org1+ZWQBnIxRPrBM2gVupkuDD0TTNIo1H6GdT/vO82NXli2z8lRE8cu/nBIHrcOCXFBAHpb9ZldrB2/qOA==
  
  standard-as-callback@^2.1.0:
    version "2.1.0"
    resolved "https://registry.yarnpkg.com/standard-as-callback/-/standard-as-callback-2.1.0.tgz#8953fc05359868a77b5b9739a665c5977bb7df45"
    integrity sha512-qoRRSyROncaz1z0mvYqIE4lCd9p2R90i6GxW3uZv5ucSu8tU7B5HXUP1gG8pVZsYNVaXjk8ClXHPttLyxAL48A==
  
  statuses@2.0.1:
    version "2.0.1"
    resolved "https://registry.yarnpkg.com/statuses/-/statuses-2.0.1.tgz#55cb000ccf1d48728bd23c685a063998cf1a1b63"
    integrity sha512-RwNA9Z/7PrK06rYLIzFMlaF+l73iwpzsqRIFgbMLbTcLD6cOao82TaWefPXQvB2fOC4AjuYSEndS7N/mTCbkdQ==
  
  stoppable@^1.1.0:
    version "1.1.0"
    resolved "https://registry.yarnpkg.com/stoppable/-/stoppable-1.1.0.tgz#32da568e83ea488b08e4d7ea2c3bcc9d75015d5b"
    integrity sha512-KXDYZ9dszj6bzvnEMRYvxgeTHU74QBFL54XKtP3nyMuJ81CFYtABZ3bAzL2EdFUaEwJOBOgENyFj3R7oTzDyyw==
  
  stream-chain@^2.2.5:
    version "2.2.5"
    resolved "https://registry.yarnpkg.com/stream-chain/-/stream-chain-2.2.5.tgz#b30967e8f14ee033c5b9a19bbe8a2cba90ba0d09"
    integrity sha512-1TJmBx6aSWqZ4tx7aTpBDXK0/e2hhcNSTV8+CbFJtDjbb+I1mZ8lHit0Grw9GRT+6JbIrrDd8esncgBi8aBXGA==
  
  stream-events@^1.0.4, stream-events@^1.0.5:
    version "1.0.5"
    resolved "https://registry.yarnpkg.com/stream-events/-/stream-events-1.0.5.tgz#bbc898ec4df33a4902d892333d47da9bf1c406d5"
    integrity sha512-E1GUzBSgvct8Jsb3v2X15pjzN1tYebtbLaMg+eBOUOAxgbLoSbT2NS91ckc5lJD1KfLjId+jXJRgo0qnV5Nerg==
    dependencies:
      stubs "^3.0.0"
  
  stream-head@^2.0.1:
    version "2.0.2"
    resolved "https://registry.yarnpkg.com/stream-head/-/stream-head-2.0.2.tgz#41df8d3eebfaf088799390112c73a4db684c3531"
    integrity sha512-aRkUMcmgbDl2Yjd5LqsB1LKB58Ot3JZ4ffuFMkFuvkPQT5X5XFMr4YK2dctApc+d3o52CXU1KUFisYaF/4zjAQ==
    dependencies:
      through2 "4.0.2"
  
  stream-json@^1.7.1:
    version "1.7.5"
    resolved "https://registry.yarnpkg.com/stream-json/-/stream-json-1.7.5.tgz#2ff0563011f22cea4f6a28dbfc0344a53c761fe4"
    integrity sha512-NSkoVduGakxZ8a+pTPUlcGEeAGQpWL9rKJhOFCV+J/QtdQUEU5vtBgVg6eJXn8JB8RZvpbJWZGvXkhz70MLWoA==
    dependencies:
      stream-chain "^2.2.5"
  
  stream-mime-type@^1.0.2:
    version "1.0.2"
    resolved "https://registry.yarnpkg.com/stream-mime-type/-/stream-mime-type-1.0.2.tgz#32dfe256f6efb5955d6470197c17de6a1f278d08"
    integrity sha512-80GzRn7JICPDEPBhSyqJjbztqX66+3DpkuUUcgDHtRBQlZRTkbCz0BsISggUl7AnyinJk9zyHVnd2lftlZXDdg==
    dependencies:
      file-type "^16.0.1"
      mime-types "^2.1.27"
      stream-head "^2.0.1"
  
  stream-shift@^1.0.0:
    version "1.0.1"
    resolved "https://registry.yarnpkg.com/stream-shift/-/stream-shift-1.0.1.tgz#d7088281559ab2778424279b0877da3c392d5a3d"
    integrity sha512-AiisoFqQ0vbGcZgQPY1cdP2I76glaVA/RauYR4G4thNFgkTqr90yXTo4LYX60Jl+sIlPNHHdGSwo01AvbKUSVQ==
  
  streamsearch@0.1.2:
    version "0.1.2"
    resolved "https://registry.yarnpkg.com/streamsearch/-/streamsearch-0.1.2.tgz#808b9d0e56fc273d809ba57338e929919a1a9f1a"
    integrity sha512-jos8u++JKm0ARcSUTAZXOVC0mSox7Bhn6sBgty73P1f3JGf7yG2clTbBNHUdde/kdvP2FESam+vM6l8jBrNxHA==
  
  strict-uri-encode@^2.0.0:
    version "2.0.0"
    resolved "https://registry.yarnpkg.com/strict-uri-encode/-/strict-uri-encode-2.0.0.tgz#b9c7330c7042862f6b142dc274bbcc5866ce3546"
    integrity sha512-QwiXZgpRcKkhTj2Scnn++4PKtWsH0kpzZ62L2R6c/LUVYv7hVnZqcg2+sMuT6R7Jusu1vviK/MFsu6kNJfWlEQ==
  
  string-width@^1.0.1:
    version "1.0.2"
    resolved "https://registry.yarnpkg.com/string-width/-/string-width-1.0.2.tgz#118bdf5b8cdc51a2a7e70d211e07e2b0b9b107d3"
    integrity sha512-0XsVpQLnVCXHJfyEs8tC0zpTVIr5PKKsQtkT29IwupnPTjtPmQ3xT/4yCREF9hYkV/3M3kzcUTSAZT6a6h81tw==
    dependencies:
      code-point-at "^1.0.0"
      is-fullwidth-code-point "^1.0.0"
      strip-ansi "^3.0.0"
  
  "string-width@^1.0.2 || 2 || 3 || 4", string-width@^4.1.0, string-width@^4.2.3:
    version "4.2.3"
    resolved "https://registry.yarnpkg.com/string-width/-/string-width-4.2.3.tgz#269c7117d27b05ad2e536830a8ec895ef9c6d010"
    integrity sha512-wKyQRQpjJ0sIp62ErSZdGsjMJWsap5oRNihHhu6G7JVO/9jIB6UyevL+tXuOqrng8j/cxKTWyWUwvSTriiZz/g==
    dependencies:
      emoji-regex "^8.0.0"
      is-fullwidth-code-point "^3.0.0"
      strip-ansi "^6.0.1"
  
  string_decoder@^1.1.1:
    version "1.3.0"
    resolved "https://registry.yarnpkg.com/string_decoder/-/string_decoder-1.3.0.tgz#42f114594a46cf1a8e30b0a84f56c78c3edac21e"
    integrity sha512-hkRX8U1WjJFd8LsDJ2yQ/wWWxaopEsABU1XfkM8A+j0+85JAGppt16cr1Whg6KIbb4okU6Mql6BOj+uup/wKeA==
    dependencies:
      safe-buffer "~5.2.0"
  
  string_decoder@~0.10.x:
    version "0.10.31"
    resolved "https://registry.yarnpkg.com/string_decoder/-/string_decoder-0.10.31.tgz#62e203bc41766c6c28c9fc84301dab1c5310fa94"
    integrity sha512-ev2QzSzWPYmy9GuqfIVildA4OdcGLeFZQrq5ys6RtiuF+RQQiZWr8TZNyAcuVXyQRYfEO+MsoB/1BuQVhOJuoQ==
  
  string_decoder@~1.1.1:
    version "1.1.1"
    resolved "https://registry.yarnpkg.com/string_decoder/-/string_decoder-1.1.1.tgz#9cf1611ba62685d7030ae9e4ba34149c3af03fc8"
    integrity sha512-n/ShnvDi6FHbbVfviro+WojiFzv+s8MPMHBczVePfUpDJLwoLT0ht1l4YwBCbi8pJAveEEdnkHyPyTP/mzRfwg==
    dependencies:
      safe-buffer "~5.1.0"
  
  strip-ansi@^3.0.0, strip-ansi@^3.0.1:
    version "3.0.1"
    resolved "https://registry.yarnpkg.com/strip-ansi/-/strip-ansi-3.0.1.tgz#6a385fb8853d952d5ff05d0e8aaf94278dc63dcf"
    integrity sha512-VhumSSbBqDTP8p2ZLKj40UjBCV4+v8bUSEpUb4KjRgWk9pbqGF4REFj6KEagidb2f/M6AzC0EmFyDNGaw9OCzg==
    dependencies:
      ansi-regex "^2.0.0"
  
  strip-ansi@^6.0.0, strip-ansi@^6.0.1:
    version "6.0.1"
    resolved "https://registry.yarnpkg.com/strip-ansi/-/strip-ansi-6.0.1.tgz#9e26c63d30f53443e9489495b2105d37b67a85d9"
    integrity sha512-Y38VPSHcqkFrCpFnQ9vuSXmquuv5oXOKpGeT6aGrr3o3Gc9AlVa6JBfUSOCnbxGGZF+/0ooI7KrPuUSztUdU5A==
    dependencies:
      ansi-regex "^5.0.1"
  
  strip-bom-buf@^2.0.0:
    version "2.0.0"
    resolved "https://registry.yarnpkg.com/strip-bom-buf/-/strip-bom-buf-2.0.0.tgz#ff9c223937f8e7154b77e9de9bde094186885c15"
    integrity sha512-gLFNHucd6gzb8jMsl5QmZ3QgnUJmp7qn4uUSHNwEXumAp7YizoGYw19ZUVfuq4aBOQUtyn2k8X/CwzWB73W2lQ==
    dependencies:
      is-utf8 "^0.2.1"
  
  strip-bom-stream@^4.0.0:
    version "4.0.0"
    resolved "https://registry.yarnpkg.com/strip-bom-stream/-/strip-bom-stream-4.0.0.tgz#4d21a651e723ef743a0a8b0d4534471805330cbb"
    integrity sha512-0ApK3iAkHv6WbgLICw/J4nhwHeDZsBxIIsOD+gHgZICL6SeJ0S9f/WZqemka9cjkTyMN5geId6e8U5WGFAn3cQ==
    dependencies:
      first-chunk-stream "^3.0.0"
      strip-bom-buf "^2.0.0"
  
  strip-final-newline@^2.0.0:
    version "2.0.0"
    resolved "https://registry.yarnpkg.com/strip-final-newline/-/strip-final-newline-2.0.0.tgz#89b852fb2fcbe936f6f4b3187afb0a12c1ab58ad"
    integrity sha512-BrpvfNAE3dcvq7ll3xVumzjKjZQ5tI1sEUIKr3Uoks0XUl45St3FlatVqef9prk4jRDzhW6WZg+3bk93y6pLjA==
  
  strip-json-comments@~2.0.1:
    version "2.0.1"
    resolved "https://registry.yarnpkg.com/strip-json-comments/-/strip-json-comments-2.0.1.tgz#3c531942e908c2697c0ec344858c286c7ca0a60a"
    integrity sha512-4gB8na07fecVVkOI6Rs4e7T6NOTki5EmL7TUduTs6bu3EdnSycntVJ4re8kgZA+wx9IueI2Y11bfbgwtzuE0KQ==
  
  strnum@^1.0.5:
    version "1.0.5"
    resolved "https://registry.yarnpkg.com/strnum/-/strnum-1.0.5.tgz#5c4e829fe15ad4ff0d20c3db5ac97b73c9b072db"
    integrity sha512-J8bbNyKKXl5qYcR36TIO8W3mVGVHrmmxsd5PAItGkmyzwJvybiw2IVq5nqd0i4LSNSkB/sx9VHllbfFdr9k1JA==
  
  strtok3@^6.2.4:
    version "6.3.0"
    resolved "https://registry.yarnpkg.com/strtok3/-/strtok3-6.3.0.tgz#358b80ffe6d5d5620e19a073aa78ce947a90f9a0"
    integrity sha512-fZtbhtvI9I48xDSywd/somNqgUHl2L2cstmXCCif0itOf96jeW18MBSyrLuNicYQVkvpOxkZtkzujiTJ9LW5Jw==
    dependencies:
      "@tokenizer/token" "^0.3.0"
      peek-readable "^4.1.0"
  
  stubs@^3.0.0:
    version "3.0.0"
    resolved "https://registry.yarnpkg.com/stubs/-/stubs-3.0.0.tgz#e8d2ba1fa9c90570303c030b6900f7d5f89abe5b"
    integrity sha512-PdHt7hHUJKxvTCgbKX9C1V/ftOcjJQgz8BZwNfV5c4B6dcGqlpelTbJ999jBGZ2jYiPAwcX5dP6oBwVlBlUbxw==
  
  stylehacks@^5.1.1:
    version "5.1.1"
    resolved "https://registry.yarnpkg.com/stylehacks/-/stylehacks-5.1.1.tgz#7934a34eb59d7152149fa69d6e9e56f2fc34bcc9"
    integrity sha512-sBpcd5Hx7G6seo7b1LkpttvTz7ikD0LlH5RmdcBNb6fFR0Fl7LQwHDFr300q4cwUqi+IYrFGmsIHieMBfnN/Bw==
    dependencies:
      browserslist "^4.21.4"
      postcss-selector-parser "^6.0.4"
  
  stylehacks@^6.0.0:
    version "6.0.0"
    resolved "https://registry.yarnpkg.com/stylehacks/-/stylehacks-6.0.0.tgz#9fdd7c217660dae0f62e14d51c89f6c01b3cb738"
    integrity sha512-+UT589qhHPwz6mTlCLSt/vMNTJx8dopeJlZAlBMJPWA3ORqu6wmQY7FBXf+qD+FsqoBJODyqNxOUP3jdntFRdw==
    dependencies:
      browserslist "^4.21.4"
      postcss-selector-parser "^6.0.4"
  
  superagent@^8.0.5:
    version "8.0.9"
    resolved "https://registry.yarnpkg.com/superagent/-/superagent-8.0.9.tgz#2c6fda6fadb40516515f93e9098c0eb1602e0535"
    integrity sha512-4C7Bh5pyHTvU33KpZgwrNKh/VQnvgtCSqPRfJAUdmrtSYePVzVg4E4OzsrbkhJj9O7SO6Bnv75K/F8XVZT8YHA==
    dependencies:
      component-emitter "^1.3.0"
      cookiejar "^2.1.4"
      debug "^4.3.4"
      fast-safe-stringify "^2.1.1"
      form-data "^4.0.0"
      formidable "^2.1.2"
      methods "^1.1.2"
      mime "2.6.0"
      qs "^6.11.0"
      semver "^7.3.8"
  
  supertest@^6.1.6:
    version "6.3.3"
    resolved "https://registry.yarnpkg.com/supertest/-/supertest-6.3.3.tgz#42f4da199fee656106fd422c094cf6c9578141db"
    integrity sha512-EMCG6G8gDu5qEqRQ3JjjPs6+FYT1a7Hv5ApHvtSghmOFJYtsU5S+pSb6Y2EUeCEY3CmEL3mmQ8YWlPOzQomabA==
    dependencies:
      methods "^1.1.2"
      superagent "^8.0.5"
  
  supports-color@^5.3.0:
    version "5.5.0"
    resolved "https://registry.yarnpkg.com/supports-color/-/supports-color-5.5.0.tgz#e2e69a44ac8772f78a1ec0b35b689df6530efc8f"
    integrity sha512-QjVjwdXIt408MIiAqCX4oUKsgU2EqAGzs2Ppkm4aQYbjm+ZEWEcW4SfFNTr4uMNZma0ey4f5lgLrkB0aX0QMow==
    dependencies:
      has-flag "^3.0.0"
  
  supports-color@^7.0.0, supports-color@^7.1.0:
    version "7.2.0"
    resolved "https://registry.yarnpkg.com/supports-color/-/supports-color-7.2.0.tgz#1b7dcdcb32b8138801b3e478ba6a51caa89648da"
    integrity sha512-qpCAvRl9stuOHveKsn7HncJRvv501qIacKzQlO/+Lwxc9+0q2wLyv4Dfvt80/DPn2pqOBsJdDiogXGR9+OvwRw==
    dependencies:
      has-flag "^4.0.0"
  
  supports-preserve-symlinks-flag@^1.0.0:
    version "1.0.0"
    resolved "https://registry.yarnpkg.com/supports-preserve-symlinks-flag/-/supports-preserve-symlinks-flag-1.0.0.tgz#6eda4bd344a3c94aea376d4cc31bc77311039e09"
    integrity sha512-ot0WnXS9fgdkgIcePe6RHNk1WA8+muPa6cSjeR3V8K27q9BB1rTE3R1p7Hv0z1ZyAc8s6Vvv8DIyWf681MAt0w==
  
  svgo@^2.7.0:
    version "2.8.0"
    resolved "https://registry.yarnpkg.com/svgo/-/svgo-2.8.0.tgz#4ff80cce6710dc2795f0c7c74101e6764cfccd24"
    integrity sha512-+N/Q9kV1+F+UeWYoSiULYo4xYSDQlTgb+ayMobAXPwMnLvop7oxKMo9OzIrX5x3eS4L4f2UHhc9axXwY8DpChg==
    dependencies:
      "@trysound/sax" "0.2.0"
      commander "^7.2.0"
      css-select "^4.1.3"
      css-tree "^1.1.3"
      csso "^4.2.0"
      picocolors "^1.0.0"
      stable "^0.1.8"
  
  svgo@^3.0.2:
    version "3.0.2"
    resolved "https://registry.yarnpkg.com/svgo/-/svgo-3.0.2.tgz#5e99eeea42c68ee0dc46aa16da093838c262fe0a"
    integrity sha512-Z706C1U2pb1+JGP48fbazf3KxHrWOsLme6Rv7imFBn5EnuanDW1GPaA/P1/dvObE670JDePC3mnj0k0B7P0jjQ==
    dependencies:
      "@trysound/sax" "0.2.0"
      commander "^7.2.0"
      css-select "^5.1.0"
      css-tree "^2.2.1"
      csso "^5.0.5"
      picocolors "^1.0.0"
  
  swagger-client@^3.18.5:
    version "3.19.6"
    resolved "https://registry.yarnpkg.com/swagger-client/-/swagger-client-3.19.6.tgz#ca27831b57669194540afa4bf9488d5fe5b0f519"
    integrity sha512-fd0XaoKz3lgs6viKkqK+o8QyrOOZULD4tLcUd8wEfsVBjJIAks2Qa1AhGUr87mfCWZw0Z9OXItWF9T477rRXzw==
    dependencies:
      "@babel/runtime-corejs3" "^7.20.13"
      "@swagger-api/apidom-core" ">=0.69.2 <1.0.0"
      "@swagger-api/apidom-json-pointer" ">=0.69.2 <1.0.0"
      "@swagger-api/apidom-ns-openapi-3-1" ">=0.69.2 <1.0.0"
      "@swagger-api/apidom-reference" ">=0.69.2 <1.0.0"
      cookie "~0.5.0"
      cross-fetch "^3.1.5"
      deepmerge "~4.3.0"
      fast-json-patch "^3.0.0-1"
      form-data-encoder "^1.4.3"
      formdata-node "^4.0.0"
      is-plain-object "^5.0.0"
      js-yaml "^4.1.0"
      lodash "^4.17.21"
      qs "^6.10.2"
      traverse "~0.6.6"
      url "~0.11.0"
  
  swagger-ui-dist@>=4.11.0:
    version "4.18.2"
    resolved "https://registry.yarnpkg.com/swagger-ui-dist/-/swagger-ui-dist-4.18.2.tgz#323308f1c1d87a7c22ce3e273c31835eb680a71b"
    integrity sha512-oVBoBl9Dg+VJw8uRWDxlyUyHoNEDC0c1ysT6+Boy6CTgr2rUcLcfPon4RvxgS2/taNW6O0+US+Z/dlAsWFjOAQ==
  
  swagger-ui-express@^4.3.0, swagger-ui-express@^4.4.0:
    version "4.6.2"
    resolved "https://registry.yarnpkg.com/swagger-ui-express/-/swagger-ui-express-4.6.2.tgz#61b2cb9fd7932cdccff99e0efdf700a5459e493c"
    integrity sha512-MHIOaq9JrTTB3ygUJD+08PbjM5Tt/q7x80yz9VTFIatw8j5uIWKcr90S0h5NLMzFEDC6+eVprtoeA5MDZXCUKQ==
    dependencies:
      swagger-ui-dist ">=4.11.0"
  
  tar-fs@^2.0.0, tar-fs@^2.1.1:
    version "2.1.1"
    resolved "https://registry.yarnpkg.com/tar-fs/-/tar-fs-2.1.1.tgz#489a15ab85f1f0befabb370b7de4f9eb5cbe8784"
    integrity sha512-V0r2Y9scmbDRLCNex/+hYzvp/zyYjvFbHPNgVTKfQvVrb6guiE/fxP+XblDNR011utopbkex2nM4dHNV6GDsng==
    dependencies:
      chownr "^1.1.1"
      mkdirp-classic "^0.5.2"
      pump "^3.0.0"
      tar-stream "^2.1.4"
  
  tar-stream@^2.1.4:
    version "2.2.0"
    resolved "https://registry.yarnpkg.com/tar-stream/-/tar-stream-2.2.0.tgz#acad84c284136b060dc3faa64474aa9aebd77287"
    integrity sha512-ujeqbceABgwMZxEJnk2HDY2DlnUZ+9oEcb1KzTVfYHio0UE6dG71n60d8D2I4qNvleWrrXpmjpt7vZeF1LnMZQ==
    dependencies:
      bl "^4.0.3"
      end-of-stream "^1.4.1"
      fs-constants "^1.0.0"
      inherits "^2.0.3"
      readable-stream "^3.1.1"
  
  tar@^6.0.2, tar@^6.1.11, tar@^6.1.2:
    version "6.1.13"
    resolved "https://registry.yarnpkg.com/tar/-/tar-6.1.13.tgz#46e22529000f612180601a6fe0680e7da508847b"
    integrity sha512-jdIBIN6LTIe2jqzay/2vtYLlBHa3JF42ot3h1dW8Q0PaAG4v8rm0cvpVePtau5C6OKXGGcgO9q2AMNSWxiLqKw==
    dependencies:
      chownr "^2.0.0"
      fs-minipass "^2.0.0"
      minipass "^4.0.0"
      minizlib "^2.1.1"
      mkdirp "^1.0.3"
      yallist "^4.0.0"
  
  tarn@^3.0.1, tarn@^3.0.2:
    version "3.0.2"
    resolved "https://registry.yarnpkg.com/tarn/-/tarn-3.0.2.tgz#73b6140fbb881b71559c4f8bfde3d9a4b3d27693"
    integrity sha512-51LAVKUSZSVfI05vjPESNc5vwqqZpbXCsU+/+wxlOrUjk2SnFTt97v9ZgQrD4YmxYW1Px6w2KjaDitCfkvgxMQ==
  
  tedious@^11.4.0:
    version "11.8.0"
    resolved "https://registry.yarnpkg.com/tedious/-/tedious-11.8.0.tgz#e42fd85db2df99695555a4d569f7c7140e3c4f50"
    integrity sha512-GtFrO694x/7CRiUBt0AI4jrMtrkXV+ywifiOrDy4K0ufJLeKB4rgmPjy5Ws366fCaBaKlqQ9RnJ+sCJ1Jbd1lw==
    dependencies:
      "@azure/identity" "^1.3.0"
      "@azure/keyvault-keys" "^4.1.0"
      "@azure/ms-rest-nodeauth" "^3.0.6"
      "@js-joda/core" "^3.2.0"
      adal-node "^0.2.1"
      bl "^5.0.0"
      depd "^2.0.0"
      iconv-lite "^0.6.3"
      jsbi "^3.1.5"
      native-duplexpair "^1.0.0"
      node-abort-controller "^2.0.0"
      punycode "^2.1.0"
      sprintf-js "^1.1.2"
  
  tedious@^13.0.0:
    version "13.2.0"
    resolved "https://registry.yarnpkg.com/tedious/-/tedious-13.2.0.tgz#8fef44fbb8c3ef8d951beb60b2d5bf62201be769"
    integrity sha512-MC6BsOV5uXeYj4vHvU22N4VHZeFtqmqHAPvDuvfpojnOq/DDd9VfyT4e6vyQ/yTpdSMHWIB06eEJp8u3qEWSHg==
    dependencies:
      "@azure/identity" "^1.5.2"
      "@azure/keyvault-keys" "^4.3.0"
      "@js-joda/core" "^4.0.0"
      bl "^5.0.0"
      iconv-lite "^0.6.3"
      jsbi "^3.2.1"
      native-duplexpair "^1.0.0"
      node-abort-controller "^3.0.0"
      punycode "^2.1.0"
      sprintf-js "^1.1.2"
  
  teeny-request@^7.1.3:
    version "7.2.0"
    resolved "https://registry.yarnpkg.com/teeny-request/-/teeny-request-7.2.0.tgz#41347ece068f08d741e7b86df38a4498208b2633"
    integrity sha512-SyY0pek1zWsi0LRVAALem+avzMLc33MKW/JLLakdP4s9+D7+jHcy5x6P+h94g2QNZsAqQNfX5lsbd3WSeJXrrw==
    dependencies:
      http-proxy-agent "^5.0.0"
      https-proxy-agent "^5.0.0"
      node-fetch "^2.6.1"
      stream-events "^1.0.5"
      uuid "^8.0.0"
  
  terser@^5.0.0:
    version "5.16.9"
    resolved "https://registry.yarnpkg.com/terser/-/terser-5.16.9.tgz#7a28cb178e330c484369886f2afd623d9847495f"
    integrity sha512-HPa/FdTB9XGI2H1/keLFZHxl6WNvAI4YalHGtDQTlMnJcoqSab1UwL4l1hGEhs6/GmLHBZIg/YgB++jcbzoOEg==
    dependencies:
      "@jridgewell/source-map" "^0.3.2"
      acorn "^8.5.0"
      commander "^2.20.0"
      source-map-support "~0.5.20"
  
  thirty-two@^1.0.2:
    version "1.0.2"
    resolved "https://registry.yarnpkg.com/thirty-two/-/thirty-two-1.0.2.tgz#4ca2fffc02a51290d2744b9e3f557693ca6b627a"
    integrity sha512-OEI0IWCe+Dw46019YLl6V10Us5bi574EvlJEOcAkB29IzQ/mYD1A6RyNHLjZPiHCmuodxvgF6U+vZO1L15lxVA==
  
  through2@4.0.2:
    version "4.0.2"
    resolved "https://registry.yarnpkg.com/through2/-/through2-4.0.2.tgz#a7ce3ac2a7a8b0b966c80e7c49f0484c3b239764"
    integrity sha512-iOqSav00cVxEEICeD7TjLB1sueEL+81Wpzp2bY17uZjZN0pWZPuo4suZ/61VujxmqSGFfgOcNuTZ85QJwNZQpw==
    dependencies:
      readable-stream "3"
  
  through@^2.3.6:
    version "2.3.8"
    resolved "https://registry.yarnpkg.com/through/-/through-2.3.8.tgz#0dd4c9ffaabc357960b1b724115d7e0e86a2e1f5"
    integrity sha512-w89qg7PI8wAdvX60bMDP+bFoD5Dvhm9oLheFp5O4a2QF0cSBGsBX4qZmadPMvVqlLJBBci+WqGGOAPvcDeNSVg==
  
  tildify@2.0.0:
    version "2.0.0"
    resolved "https://registry.yarnpkg.com/tildify/-/tildify-2.0.0.tgz#f205f3674d677ce698b7067a99e949ce03b4754a"
    integrity sha512-Cc+OraorugtXNfs50hU9KS369rFXCfgGLpfCfvlc+Ud5u6VWmUQsOAa9HbTvheQdYnrdJqqv1e5oIqXppMYnSw==
  
  tmp-promise@^3.0.3:
    version "3.0.3"
    resolved "https://registry.yarnpkg.com/tmp-promise/-/tmp-promise-3.0.3.tgz#60a1a1cc98c988674fcbfd23b6e3367bdeac4ce7"
    integrity sha512-RwM7MoPojPxsOBYnyd2hy0bxtIlVrihNs9pj5SUvY8Zz1sQcQG2tG1hSr8PDxfgEB8RNKDhqbIlroIarSNDNsQ==
    dependencies:
      tmp "^0.2.0"
  
  tmp@^0.0.33:
    version "0.0.33"
    resolved "https://registry.yarnpkg.com/tmp/-/tmp-0.0.33.tgz#6d34335889768d21b2bcda0aa277ced3b1bfadf9"
    integrity sha512-jRCJlojKnZ3addtTOjdIqoRuPEKBvNXcGYqzO6zWZX8KfKEpnGY5jfggJQ3EjKuu8D4bJRr0y+cYJFmYbImXGw==
    dependencies:
      os-tmpdir "~1.0.2"
  
  tmp@^0.2.0:
    version "0.2.1"
    resolved "https://registry.yarnpkg.com/tmp/-/tmp-0.2.1.tgz#8457fc3037dcf4719c251367a1af6500ee1ccf14"
    integrity sha512-76SUhtfqR2Ijn+xllcI5P1oyannHNHByD80W1q447gU3mp9G9PSpGdWmjUOHRDPiHYacIk66W7ubDTuPF3BEtQ==
    dependencies:
      rimraf "^3.0.0"
  
  to-regex-range@^5.0.1:
    version "5.0.1"
    resolved "https://registry.yarnpkg.com/to-regex-range/-/to-regex-range-5.0.1.tgz#1648c44aae7c8d988a326018ed72f5b4dd0392e4"
    integrity sha512-65P7iz6X5yEr1cwcgvQxbbIw7Uk3gOy5dIdtZ4rDveLqhrdJP+Li/Hx6tyK0NEb+2GCyneCMJiGqrADCSNk8sQ==
    dependencies:
      is-number "^7.0.0"
  
  toidentifier@1.0.1:
    version "1.0.1"
    resolved "https://registry.yarnpkg.com/toidentifier/-/toidentifier-1.0.1.tgz#3be34321a88a820ed1bd80dfaa33e479fbb8dd35"
    integrity sha512-o5sSPKEkg/DIQNmH43V0/uerLrpzVedkUh8tGNvaeXpfpuwjKenlSox/2O/BTlZUtEe+JG7s5YhEz608PlAHRA==
  
  token-types@^4.1.1:
    version "4.2.1"
    resolved "https://registry.yarnpkg.com/token-types/-/token-types-4.2.1.tgz#0f897f03665846982806e138977dbe72d44df753"
    integrity sha512-6udB24Q737UD/SDsKAHI9FCRP7Bqc9D/MQUV02ORQg5iskjtLJlZJNdN4kKtcdtwCeWIwIHDGaUsTsCCAa8sFQ==
    dependencies:
      "@tokenizer/token" "^0.3.0"
      ieee754 "^1.2.1"
  
  tough-cookie@^3.0.1:
    version "3.0.1"
    resolved "https://registry.yarnpkg.com/tough-cookie/-/tough-cookie-3.0.1.tgz#9df4f57e739c26930a018184887f4adb7dca73b2"
    integrity sha512-yQyJ0u4pZsv9D4clxO69OEjLWYw+jbgspjTue4lTQZLfV0c5l1VmK2y1JK8E9ahdpltPOaAThPcp5nKPUgSnsg==
    dependencies:
      ip-regex "^2.1.0"
      psl "^1.1.28"
      punycode "^2.1.1"
  
  tr46@^3.0.0:
    version "3.0.0"
    resolved "https://registry.yarnpkg.com/tr46/-/tr46-3.0.0.tgz#555c4e297a950617e8eeddef633c87d4d9d6cbf9"
    integrity sha512-l7FvfAHlcmulp8kr+flpQZmVwtu7nfRV7NZujtN0OqES8EL4O4e0qqzL0DC5gAvx/ZC/9lk6rhcUwYvkBnBnYA==
    dependencies:
      punycode "^2.1.1"
  
  tr46@~0.0.3:
    version "0.0.3"
    resolved "https://registry.yarnpkg.com/tr46/-/tr46-0.0.3.tgz#8184fd347dac9cdc185992f3a6622e14b9d9ab6a"
    integrity sha512-N3WMsuqV66lT30CrXNbEjx4GEwlow3v6rr4mCcv6prnfwhS01rkgyFdjPNBYd9br7LpXV1+Emh01fHnq2Gdgrw==
  
  traverse@~0.6.6:
    version "0.6.7"
    resolved "https://registry.yarnpkg.com/traverse/-/traverse-0.6.7.tgz#46961cd2d57dd8706c36664acde06a248f1173fe"
    integrity sha512-/y956gpUo9ZNCb99YjxG7OaslxZWHfCHAUUfshwqOXmxUIvqLjVO581BT+gM59+QV9tFe6/CGG53tsA1Y7RSdg==
  
  tree-sitter-json@=0.20.0:
    version "0.20.0"
    resolved "https://registry.yarnpkg.com/tree-sitter-json/-/tree-sitter-json-0.20.0.tgz#e17bb4917e8d5fe9f2f0d5eaec603e2d3552b07c"
    integrity sha512-PteOLH+Tx6Bz4ZA/d40/DbkiSXXRM/gKahhHI8hQ1lWNfFvdknnz9k3Mz84ol5srRyLboJ8wp8GSkhZ6ht9EGQ==
    dependencies:
      nan "^2.14.1"
  
  tree-sitter-yaml@=0.5.0:
    version "0.5.0"
    resolved "https://registry.yarnpkg.com/tree-sitter-yaml/-/tree-sitter-yaml-0.5.0.tgz#c617ba72837399d8105ec10cdb4c360e1ed76076"
    integrity sha512-POJ4ZNXXSWIG/W4Rjuyg36MkUD4d769YRUGKRqN+sVaj/VCo6Dh6Pkssn1Rtewd5kybx+jT1BWMyWN0CijXnMA==
    dependencies:
      nan "^2.14.0"
  
  tree-sitter@=0.20.1:
    version "0.20.1"
    resolved "https://registry.yarnpkg.com/tree-sitter/-/tree-sitter-0.20.1.tgz#1ebed9e22f4d488d74f8f5ce10bfc1953daf37bc"
    integrity sha512-Cmb8V0ocamHbgWMVhZIa+78k/7r8VCQ6+ePG8eYEAO7AccwWi06Ct4ATNiI94KwhIkRl0+OwZ42/5nk3GnEMpQ==
    dependencies:
      nan "^2.14.0"
      prebuild-install "^6.0.1"
  
  ts-toolbelt@^6.15.1:
    version "6.15.5"
    resolved "https://registry.yarnpkg.com/ts-toolbelt/-/ts-toolbelt-6.15.5.tgz#cb3b43ed725cb63644782c64fbcad7d8f28c0a83"
    integrity sha512-FZIXf1ksVyLcfr7M317jbB67XFJhOO1YqdTcuGaq9q5jLUoTikukZ+98TPjKiP2jC5CgmYdWWYs0s2nLSU0/1A==
  
  tslib@^1.10.0, tslib@^1.11.1, tslib@^1.6.0, tslib@^1.9.3:
    version "1.14.1"
    resolved "https://registry.yarnpkg.com/tslib/-/tslib-1.14.1.tgz#cf2d38bdc34a134bcaf1091c41f6619e2f672d00"
    integrity sha512-Xni35NKzjgMrwevysHTCArtLDpPvye8zV/0E4EyYn43P7/7qvQwPh9BGkHewbMulVntbigmcT7rdX3BNo9wRJg==
  
  tslib@^2, tslib@^2.0.0, tslib@^2.1.0, tslib@^2.2.0, tslib@^2.3.1, tslib@^2.5.0:
    version "2.5.0"
    resolved "https://registry.yarnpkg.com/tslib/-/tslib-2.5.0.tgz#42bfed86f5787aeb41d031866c8f402429e0fddf"
    integrity sha512-336iVw3rtn2BUK7ORdIAHTyxHGRIHVReokCR3XjbckJMK7ms8FysBfhLR8IXnAgy7T0PTPNBWKiH514FOW/WSg==
  
  tunnel-agent@^0.6.0:
    version "0.6.0"
    resolved "https://registry.yarnpkg.com/tunnel-agent/-/tunnel-agent-0.6.0.tgz#27a5dea06b36b04a0a9966774b290868f0fc40fd"
    integrity sha512-McnNiV1l8RYeY8tBgEpuodCC1mLUdbSN+CYBL7kJsJNInOP8UjDDEwdk6Mw60vdLLrr5NHKZhMAOSrR2NZuQ+w==
    dependencies:
      safe-buffer "^5.0.1"
  
  tunnel@0.0.6, tunnel@^0.0.6:
    version "0.0.6"
    resolved "https://registry.yarnpkg.com/tunnel/-/tunnel-0.0.6.tgz#72f1314b34a5b192db012324df2cc587ca47f92c"
    integrity sha512-1h/Lnq9yajKY2PEbBadPXj3VxsDDu844OnaAo52UVmIzIvwwtBPIuNvkjuzBlTWpfJyUbG3ez0KSBibQkj4ojg==
  
  type-fest@^0.21.3:
    version "0.21.3"
    resolved "https://registry.yarnpkg.com/type-fest/-/type-fest-0.21.3.tgz#d260a24b0198436e133fa26a524a6d65fa3b2e37"
    integrity sha512-t0rzBq87m3fVcduHDUFhKmyyX+9eo6WQjZvf51Ea/M0Q7+T374Jp1aUiyUl0GKxp8M/OETVHSDvmkyPgvX+X2w==
  
  type-is@~1.6.18:
    version "1.6.18"
    resolved "https://registry.yarnpkg.com/type-is/-/type-is-1.6.18.tgz#4e552cd05df09467dcbc4ef739de89f2cf37c131"
    integrity sha512-TkRKr9sUTxEH8MdfuCSP7VizJyzRNMjj2J2do2Jr3Kym598JVdEksuzPQCnlFPW4ky9Q+iA+ma9BGm06XQBy8g==
    dependencies:
      media-typer "0.3.0"
      mime-types "~2.1.24"
  
  typedarray-to-buffer@^3.1.5:
    version "3.1.5"
    resolved "https://registry.yarnpkg.com/typedarray-to-buffer/-/typedarray-to-buffer-3.1.5.tgz#a97ee7a9ff42691b9f783ff1bc5112fe3fca9080"
    integrity sha512-zdu8XMNEDepKKR+XYOXAVPtWui0ly0NtohUscw+UmaHiAWT8hrV1rr//H6V+0DvJ3OQ19S979M0laLfX8rm82Q==
    dependencies:
      is-typedarray "^1.0.0"
  
  typedarray@~0.0.5:
    version "0.0.7"
    resolved "https://registry.yarnpkg.com/typedarray/-/typedarray-0.0.7.tgz#799207136a37f3b3efb8c66c40010d032714dc73"
    integrity sha512-ueeb9YybpjhivjbHP2LdFDAjbS948fGEPj+ACAMs4xCMmh72OCOMQWBQKlaN4ZNQ04yfLSDLSx1tGRIoWimObQ==
  
  typical@^4.0.0:
    version "4.0.0"
    resolved "https://registry.yarnpkg.com/typical/-/typical-4.0.0.tgz#cbeaff3b9d7ae1e2bbfaf5a4e6f11eccfde94fc4"
    integrity sha512-VAH4IvQ7BDFYglMd7BPRDfLgxZZX4O4TFcRDA6EN5X7erNJJq+McIEp8np9aVtxrCJ6qx4GTYVfOWNjcqwZgRw==
  
  "underscore@>= 1.3.1":
    version "1.13.6"
    resolved "https://registry.yarnpkg.com/underscore/-/underscore-1.13.6.tgz#04786a1f589dc6c09f761fc5f45b89e935136441"
    integrity sha512-+A5Sja4HP1M08MaXya7p5LvjuM7K6q/2EaC0+iovj/wOcMsTzMvDFbasi/oSapiwOlt252IqsKqPjCl7huKS0A==
  
  unique-filename@^1.1.1:
    version "1.1.1"
    resolved "https://registry.yarnpkg.com/unique-filename/-/unique-filename-1.1.1.tgz#1d69769369ada0583103a1e6ae87681b56573230"
    integrity sha512-Vmp0jIp2ln35UTXuryvjzkjGdRyf9b2lTXuSYUiPmzRcl3FDtYqAwOnTJkAngD9SWhnoJzDbTKwaOrZ+STtxNQ==
    dependencies:
      unique-slug "^2.0.0"
  
  unique-slug@^2.0.0:
    version "2.0.2"
    resolved "https://registry.yarnpkg.com/unique-slug/-/unique-slug-2.0.2.tgz#baabce91083fc64e945b0f3ad613e264f7cd4e6c"
    integrity sha512-zoWr9ObaxALD3DOPfjPSqxt4fnZiWblxHIgeWqW8x7UqDzEtHEQLzji2cuJYQFCU6KmoJikOYAZlrTHHebjx2w==
    dependencies:
      imurmurhash "^0.1.4"
  
  unique-string@^2.0.0:
    version "2.0.0"
    resolved "https://registry.yarnpkg.com/unique-string/-/unique-string-2.0.0.tgz#39c6451f81afb2749de2b233e3f7c5e8843bd89d"
    integrity sha512-uNaeirEPvpZWSgzwsPGtU2zVSTrn/8L5q/IexZmH0eH6SA73CmAA5U4GwORTxQAZs95TAXLNqeLoPPNO5gZfWg==
    dependencies:
      crypto-random-string "^2.0.0"
  
  universalify@^2.0.0:
    version "2.0.0"
    resolved "https://registry.yarnpkg.com/universalify/-/universalify-2.0.0.tgz#75a4984efedc4b08975c5aeb73f530d02df25717"
    integrity sha512-hAZsKq7Yy11Zu1DE0OzWjw7nnLZmJZYTDZZyEFHZdUhV8FkH5MCfoU1XMaxXovpyW5nq5scPqq0ZDP9Zyl04oQ==
  
  unpipe@1.0.0, unpipe@~1.0.0:
    version "1.0.0"
    resolved "https://registry.yarnpkg.com/unpipe/-/unpipe-1.0.0.tgz#b2bf4ee8514aae6165b4817829d21b2ef49904ec"
    integrity sha512-pjy2bYhSsufwWlKwPc+l3cN7+wuJlK6uz0YdJEOlQDbl6jo/YlPi4mb8agUkVC8BF7V8NuzeyPNqRksA3hztKQ==
  
  unraw@=2.0.1:
    version "2.0.1"
    resolved "https://registry.yarnpkg.com/unraw/-/unraw-2.0.1.tgz#7b51dcdfb1e43d59d5e52cdb44d349d029edbaba"
    integrity sha512-tdOvLfRzHolwYcHS6HIX860MkK9LQ4+oLuNwFYL7bpgTEO64PZrcQxkisgwJYCfF8sKiWLwwu1c83DvMkbefIQ==
  
  upath2@^3.1.13:
    version "3.1.19"
    resolved "https://registry.yarnpkg.com/upath2/-/upath2-3.1.19.tgz#d987d34a62b2daad1c54a692fd5a720a30c9a786"
    integrity sha512-d23dQLi8nDWSRTIQwXtaYqMrHuca0As53fNiTLLFDmsGBbepsZepISaB2H1x45bDFN/n3Qw9bydvyZEacTrEWQ==
    dependencies:
      "@types/node" "*"
      path-is-network-drive "^1.0.20"
      path-strip-sep "^1.0.17"
      tslib "^2"
  
  update-browserslist-db@^1.0.10:
    version "1.0.10"
    resolved "https://registry.yarnpkg.com/update-browserslist-db/-/update-browserslist-db-1.0.10.tgz#0f54b876545726f17d00cd9a2561e6dade943ff3"
    integrity sha512-OztqDenkfFkbSG+tRxBeAnCVPckDBcvibKd35yDONx6OU8N7sqgwc7rCbkJ/WcYtVRZ4ba68d6byhC21GFh7sQ==
    dependencies:
      escalade "^3.1.1"
      picocolors "^1.0.0"
  
  update-check@^1.5.4:
    version "1.5.4"
    resolved "https://registry.yarnpkg.com/update-check/-/update-check-1.5.4.tgz#5b508e259558f1ad7dbc8b4b0457d4c9d28c8743"
    integrity sha512-5YHsflzHP4t1G+8WGPlvKbJEbAJGCgw+Em+dGR1KmBUbr1J36SJBqlHLjR7oob7sco5hWHGQVcr9B2poIVDDTQ==
    dependencies:
      registry-auth-token "3.3.2"
      registry-url "3.1.0"
  
  url-join@^4.0.1:
    version "4.0.1"
    resolved "https://registry.yarnpkg.com/url-join/-/url-join-4.0.1.tgz#b642e21a2646808ffa178c4c5fda39844e12cde7"
    integrity sha512-jk1+QP6ZJqyOiuEI9AEWQfju/nB2Pw466kbA0LEZljHwKeMgd9WrAEgEGxjPDD2+TNbbb37rTyhEfrCXfuKXnA==
  
  url@0.10.3:
    version "0.10.3"
    resolved "https://registry.yarnpkg.com/url/-/url-0.10.3.tgz#021e4d9c7705f21bbf37d03ceb58767402774c64"
    integrity sha512-hzSUW2q06EqL1gKM/a+obYHLIO6ct2hwPuviqTTOcfFVc61UbfJ2Q32+uGL/HCPxKqrdGB5QUwIe7UqlDgwsOQ==
    dependencies:
      punycode "1.3.2"
      querystring "0.2.0"
  
  url@~0.11.0:
    version "0.11.0"
    resolved "https://registry.yarnpkg.com/url/-/url-0.11.0.tgz#3838e97cfc60521eb73c525a8e55bfdd9e2e28f1"
    integrity sha512-kbailJa29QrtXnxgq+DdCEGlbTeYM2eJUxsz6vjZavrCYPMIFHMKQmSKYAIuUK2i7hgPm28a8piX5NTUtM/LKQ==
    dependencies:
      punycode "1.3.2"
      querystring "0.2.0"
  
  util-deprecate@^1.0.1, util-deprecate@^1.0.2, util-deprecate@~1.0.1:
    version "1.0.2"
    resolved "https://registry.yarnpkg.com/util-deprecate/-/util-deprecate-1.0.2.tgz#450d4dc9fa70de732762fbd2d4a28981419a0ccf"
    integrity sha512-EPD5q1uXyFxJpCrLnCc1nHnq3gOa6DZBocAIiI2TaSCA7VCJ1UJDMagCzIkXNsUYfD1daK//LTEQ8xiIbrHtcw==
  
  util@^0.12.4:
    version "0.12.5"
    resolved "https://registry.yarnpkg.com/util/-/util-0.12.5.tgz#5f17a6059b73db61a875668781a1c2b136bd6fbc"
    integrity sha512-kZf/K6hEIrWHI6XqOFUiiMa+79wE/D8Q+NCNAWclkyg3b4d2k7s0QGepNjiABc+aR3N1PAyHL7p6UcLY6LmrnA==
    dependencies:
      inherits "^2.0.3"
      is-arguments "^1.0.4"
      is-generator-function "^1.0.7"
      is-typed-array "^1.1.3"
      which-typed-array "^1.1.2"
  
  utils-merge@1.0.1:
    version "1.0.1"
    resolved "https://registry.yarnpkg.com/utils-merge/-/utils-merge-1.0.1.tgz#9f95710f50a267947b2ccc124741c1028427e713"
    integrity sha512-pMZTvIkT1d+TFGvDOqodOclx0QWkkgi6Tdoa8gC8ffGAAqz9pzPTZWAybbsHHoED/ztMtkv/VoYTYyShUn81hA==
  
  uuid-validate@0.0.3:
    version "0.0.3"
    resolved "https://registry.yarnpkg.com/uuid-validate/-/uuid-validate-0.0.3.tgz#e30617f75dc742a0e4f95012a11540faf9d39ab4"
    integrity sha512-Fykw5U4eZESbq739BeLvEBFRuJODfrlmjx5eJux7W817LjRaq4b7/i4t2zxQmhcX+fAj4nMfRdTzO4tmwLKn0w==
  
  uuid@8.0.0:
    version "8.0.0"
    resolved "https://registry.yarnpkg.com/uuid/-/uuid-8.0.0.tgz#bc6ccf91b5ff0ac07bbcdbf1c7c4e150db4dbb6c"
    integrity sha512-jOXGuXZAWdsTH7eZLtyXMqUb9EcWMGZNbL9YcGBJl4MH4nrxHmZJhEHvyLFrkxo+28uLb/NYRcStH48fnD0Vzw==
  
  uuid@8.3.2, uuid@^8.0.0, uuid@^8.3.0, uuid@^8.3.2:
    version "8.3.2"
    resolved "https://registry.yarnpkg.com/uuid/-/uuid-8.3.2.tgz#80d5b5ced271bb9af6c445f21a1a04c606cefbe2"
    integrity sha512-+NYs2QeMWy+GWFOEm9xnn6HCDp0l7QBD7ml8zLUmJ+93Q5NF0NocErnwkTkXVFNiX3/fpC6afS8Dhb/gz7R7eg==
  
  uuid@^3.1.0:
    version "3.4.0"
    resolved "https://registry.yarnpkg.com/uuid/-/uuid-3.4.0.tgz#b23e4358afa8a202fe7a100af1f5f883f02007ee"
    integrity sha512-HjSDRw6gZE5JMggctHBcjVak08+KEVhSIiDzFnT9S9aegmp85S/bReBVTb4QTFaRNptJ9kuYaNhnbNEOkbKb/A==
  
  v-viewer@^3.0.10:
    version "3.0.11"
    resolved "https://registry.yarnpkg.com/v-viewer/-/v-viewer-3.0.11.tgz#c03855eb56436bd0f5323c34a61c10fa8fd05026"
    integrity sha512-E8LOdAxhzuktt4HB3PswVCccQ1Q1sYHYnLsS6zaJISpb5EvmAFs5sYNfXnDLFxVb5DQ82v4ZlGxkYlseXwWRJw==
    dependencies:
      lodash "^4.17.21"
      viewerjs "^1.9.0"
  
  vary@^1, vary@~1.1.2:
    version "1.1.2"
    resolved "https://registry.yarnpkg.com/vary/-/vary-1.1.2.tgz#2299f02c6ded30d4a5961b0b9f74524a18f634fc"
    integrity sha512-BNGbWLfd0eUPabhkXUVm0j8uuvREyTh5ovRa/dyow/BqAbZJyC+5fU+IzQOzmAKzYqYRAISoRhdQr3eIZ/PXqg==
  
  vasync@^2.2.0:
    version "2.2.1"
    resolved "https://registry.yarnpkg.com/vasync/-/vasync-2.2.1.tgz#d881379ff3685e4affa8e775cf0fd369262a201b"
    integrity sha512-Hq72JaTpcTFdWiNA4Y22Amej2GH3BFmBaKPPlDZ4/oC8HNn2ISHLkFrJU4Ds8R3jcUi7oo5Y9jcMHKjES+N9wQ==
    dependencies:
      verror "1.10.0"
  
  verror@1.10.0:
    version "1.10.0"
    resolved "https://registry.yarnpkg.com/verror/-/verror-1.10.0.tgz#3a105ca17053af55d6e270c1f8288682e18da400"
    integrity sha512-ZZKSmDAEFOijERBLkmYfJ+vmk3w+7hOLYDNkRCuRuMJGEmqYNCNLyBBFwWKVMhfwaEF3WOd0Zlw86U/WC/+nYw==
    dependencies:
      assert-plus "^1.0.0"
      core-util-is "1.0.2"
      extsprintf "^1.2.0"
  
  verror@^1.8.1:
    version "1.10.1"
    resolved "https://registry.yarnpkg.com/verror/-/verror-1.10.1.tgz#4bf09eeccf4563b109ed4b3d458380c972b0cdeb"
    integrity sha512-veufcmxri4e3XSrT0xwfUR7kguIkaxBeosDg00yDWhk49wdwkSUrvvsm7nc75e1PUyvIeZj6nS8VQRYz2/S4Xg==
    dependencies:
      assert-plus "^1.0.0"
      core-util-is "1.0.2"
      extsprintf "^1.2.0"
  
  viewerjs@^1.9.0:
    version "1.11.3"
    resolved "https://registry.yarnpkg.com/viewerjs/-/viewerjs-1.11.3.tgz#6569c519590776190f86b531bf43a5888a7a472f"
    integrity sha512-efG3U61Umuj/1x6JAtdvnY9m407C/RkrkFilsMcLEWKDivpjNU3/FeL+feCY1Vkur9aQeBJ+z6K4CCPP7hv6vA==
  
  vue-i18n@*:
    version "9.2.2"
    resolved "https://registry.yarnpkg.com/vue-i18n/-/vue-i18n-9.2.2.tgz#aeb49d9424923c77e0d6441e3f21dafcecd0e666"
    integrity sha512-yswpwtj89rTBhegUAv9Mu37LNznyu3NpyLQmozF3i1hYOhwpG8RjcjIFIIfnu+2MDZJGSZPXaKWvnQA71Yv9TQ==
    dependencies:
      "@intlify/core-base" "9.2.2"
      "@intlify/shared" "9.2.2"
      "@intlify/vue-devtools" "9.2.2"
      "@vue/devtools-api" "^6.2.1"
  
  vue-router@*:
    version "4.1.6"
    resolved "https://registry.yarnpkg.com/vue-router/-/vue-router-4.1.6.tgz#b70303737e12b4814578d21d68d21618469375a1"
    integrity sha512-DYWYwsG6xNPmLq/FmZn8Ip+qrhFEzA14EI12MsMgVxvHFDYvlr4NXpVF5hrRH1wVcDP8fGi5F4rxuJSl8/r+EQ==
    dependencies:
      "@vue/devtools-api" "^6.4.5"
  
  vue@*:
    version "3.2.47"
    resolved "https://registry.yarnpkg.com/vue/-/vue-3.2.47.tgz#3eb736cbc606fc87038dbba6a154707c8a34cff0"
    integrity sha512-60188y/9Dc9WVrAZeUVSDxRQOZ+z+y5nO2ts9jWXSTkMvayiWxCWOWtBQoYjLeccfXkiiPZWAHcV+WTPhkqJHQ==
    dependencies:
      "@vue/compiler-dom" "3.2.47"
      "@vue/compiler-sfc" "3.2.47"
      "@vue/runtime-dom" "3.2.47"
      "@vue/server-renderer" "3.2.47"
      "@vue/shared" "3.2.47"
  
  wcwidth@^1.0.1:
    version "1.0.1"
    resolved "https://registry.yarnpkg.com/wcwidth/-/wcwidth-1.0.1.tgz#f0b0dcf915bc5ff1528afadb2c0e17b532da2fe8"
    integrity sha512-XHPEwS0q6TaxcvG85+8EYkbiCux2XtWG2mkc47Ng2A77BQu9+DqIOJldST4HgPkuea7dvKSj5VgX3P1d4rW8Tg==
    dependencies:
      defaults "^1.0.3"
  
  web-streams-polyfill@4.0.0-beta.3:
    version "4.0.0-beta.3"
    resolved "https://registry.yarnpkg.com/web-streams-polyfill/-/web-streams-polyfill-4.0.0-beta.3.tgz#2898486b74f5156095e473efe989dcf185047a38"
    integrity sha512-QW95TCTaHmsYfHDybGMwO5IJIM93I/6vTRk+daHTWFPhwh+C8Cg7j7XyKrwrj8Ib6vYXe0ocYNrmzY4xAAN6ug==
  
  web-tree-sitter@=0.20.7:
    version "0.20.7"
    resolved "https://registry.yarnpkg.com/web-tree-sitter/-/web-tree-sitter-0.20.7.tgz#b0ddb78e8244221a3100f432c7e162516cd9cd09"
    integrity sha512-flC9JJmTII9uAeeYpWF8hxDJ7bfY+leldQryetll8Nv4WgI+MXc6h7TiyAZASWl9uC9TvmfdgOjZn1DAQecb3A==
  
  webidl-conversions@^3.0.0:
    version "3.0.1"
    resolved "https://registry.yarnpkg.com/webidl-conversions/-/webidl-conversions-3.0.1.tgz#24534275e2a7bc6be7bc86611cc16ae0a5654871"
    integrity sha512-2JAn3z8AR6rjK8Sm8orRC0h/bcl/DqL7tRPdGZ4I1CjdF+EaMLmYxBHyXuKL849eucPFhvBoxMsflfOb8kxaeQ==
  
  webidl-conversions@^7.0.0:
    version "7.0.0"
    resolved "https://registry.yarnpkg.com/webidl-conversions/-/webidl-conversions-7.0.0.tgz#256b4e1882be7debbf01d05f0aa2039778ea080a"
    integrity sha512-VwddBukDzu71offAQR975unBIGqfKZpM+8ZX6ySk8nYhVoo5CYaZyzt3YBvYtRtO+aoGlqxPg/B87NGVZ/fu6g==
  
  wellknown@^0.5.0:
    version "0.5.0"
    resolved "https://registry.yarnpkg.com/wellknown/-/wellknown-0.5.0.tgz#09ae9871fa826cf0a6ec1537ef00c379d78d7101"
    integrity sha512-za5vTLuPF9nmrVOovYQwNEWE/PwJCM+yHMAj4xN1WWUvtq9OElsvKiPL0CR9rO8xhrYqL7NpI7IknqR8r6eYOg==
    dependencies:
      concat-stream "~1.5.0"
      minimist "~1.2.0"
  
  whatwg-url@^11.0.0:
    version "11.0.0"
    resolved "https://registry.yarnpkg.com/whatwg-url/-/whatwg-url-11.0.0.tgz#0a849eebb5faf2119b901bb76fd795c2848d4018"
    integrity sha512-RKT8HExMpoYx4igMiVMY83lN6UeITKJlBQ+vR/8ZJ8OCdSiN3RwCq+9gH0+Xzj0+5IrM6i4j/6LuvzbZIQgEcQ==
    dependencies:
      tr46 "^3.0.0"
      webidl-conversions "^7.0.0"
  
  whatwg-url@^5.0.0:
    version "5.0.0"
    resolved "https://registry.yarnpkg.com/whatwg-url/-/whatwg-url-5.0.0.tgz#966454e8765462e37644d3626f6742ce8b70965d"
    integrity sha512-saE57nupxk6v3HY35+jzBwYa0rKSy0XR8JSxZPwgLr7ys0IBzhGviA1/TUGJLmSVqs8pb9AnvICXEuOHLprYTw==
    dependencies:
      tr46 "~0.0.3"
      webidl-conversions "^3.0.0"
  
  which-typed-array@^1.1.2:
    version "1.1.9"
    resolved "https://registry.yarnpkg.com/which-typed-array/-/which-typed-array-1.1.9.tgz#307cf898025848cf995e795e8423c7f337efbde6"
    integrity sha512-w9c4xkx6mPidwp7180ckYWfMmvxpjlZuIudNtDf4N/tTAUB8VJbX25qZoAsrtGuYNnGw3pa0AXgbGKRB8/EceA==
    dependencies:
      available-typed-arrays "^1.0.5"
      call-bind "^1.0.2"
      for-each "^0.3.3"
      gopd "^1.0.1"
      has-tostringtag "^1.0.0"
      is-typed-array "^1.1.10"
  
  which@^2.0.1, which@^2.0.2:
    version "2.0.2"
    resolved "https://registry.yarnpkg.com/which/-/which-2.0.2.tgz#7c6a8dd0a636a0327e10b59c9286eee93f3f51b1"
    integrity sha512-BLI3Tl1TW3Pvl70l3yq3Y64i+awpwXqsGBYWkkqMtnbXgrMD+yj7rhW0kuEDxzJaYXGjEW5ogapKNMEKNMjibA==
    dependencies:
      isexe "^2.0.0"
  
  wide-align@^1.1.0, wide-align@^1.1.2, wide-align@^1.1.5:
    version "1.1.5"
    resolved "https://registry.yarnpkg.com/wide-align/-/wide-align-1.1.5.tgz#df1d4c206854369ecf3c9a4898f1b23fbd9d15d3"
    integrity sha512-eDMORYaPNZ4sQIuuYPDHdQvf4gyCF9rEEV/yPxGfwPkRodwEgiMUUXTx/dex+Me0wxx53S+NgUHaP7y3MGlDmg==
    dependencies:
      string-width "^1.0.2 || 2 || 3 || 4"
  
  wrap-ansi@^7.0.0:
    version "7.0.0"
    resolved "https://registry.yarnpkg.com/wrap-ansi/-/wrap-ansi-7.0.0.tgz#67e145cff510a6a6984bdf1152911d69d2eb9e43"
    integrity sha512-YVGIj2kamLSTxw6NsZjoBxfSwsn0ycdesmc4p+Q21c5zPuZ1pl+NfxVdxPtdHvmNVOQ6XSYG4AUtyt/Fi7D16Q==
    dependencies:
      ansi-styles "^4.0.0"
      string-width "^4.1.0"
      strip-ansi "^6.0.0"
  
  wrappy@1:
    version "1.0.2"
    resolved "https://registry.yarnpkg.com/wrappy/-/wrappy-1.0.2.tgz#b5243d8f3ec1aa35f1364605bc0d1036e30ab69f"
    integrity sha512-l4Sp/DRseor9wL6EvV2+TuQn63dMkPjZ/sp9XkghTEbV9KlPS1xUsZ3u7/IQO4wxtcFB4bgpQPRcR3QCvezPcQ==
  
  write-file-atomic@^3.0.0:
    version "3.0.3"
    resolved "https://registry.yarnpkg.com/write-file-atomic/-/write-file-atomic-3.0.3.tgz#56bd5c5a5c70481cd19c571bd39ab965a5de56e8"
    integrity sha512-AvHcyZ5JnSfq3ioSyjrBkH9yW4m7Ayk8/9My/DD9onKeu/94fwrMocemO2QAJFAlnnDN+ZDS+ZjAR5ua1/PV/Q==
    dependencies:
      imurmurhash "^0.1.4"
      is-typedarray "^1.0.0"
      signal-exit "^3.0.2"
      typedarray-to-buffer "^3.1.5"
  
  ws@~8.11.0:
    version "8.11.0"
    resolved "https://registry.yarnpkg.com/ws/-/ws-8.11.0.tgz#6a0d36b8edfd9f96d8b25683db2f8d7de6e8e143"
    integrity sha512-HPG3wQd9sNQoT9xHyNCXoDUa+Xw/VevmY9FoHyQ+g+rrMn4j6FB4np7Z0OhdTgjx6MgQLK7jwSy1YecU1+4Asg==
  
  xdg-basedir@^4.0.0:
    version "4.0.0"
    resolved "https://registry.yarnpkg.com/xdg-basedir/-/xdg-basedir-4.0.0.tgz#4bc8d9984403696225ef83a1573cbbcb4e79db13"
    integrity sha512-PSNhEJDejZYV7h50BohL09Er9VaIefr2LMAf3OEmpCkjOi34eYyQYAXUTjEQtZJTKcF0E2UKTh+osDLsgNim9Q==
  
  xml-but-prettier@^1.0.1:
    version "1.0.1"
    resolved "https://registry.yarnpkg.com/xml-but-prettier/-/xml-but-prettier-1.0.1.tgz#f5a33267ed42ccd4e355c62557a5e39b01fb40f3"
    integrity sha512-C2CJaadHrZTqESlH03WOyw0oZTtoy2uEg6dSDF6YRg+9GnYNub53RRemLpnvtbHDFelxMx4LajiFsYeR6XJHgQ==
    dependencies:
      repeat-string "^1.5.2"
  
  xml2js@0.5.0, xml2js@^0.5.0:
    version "0.5.0"
    resolved "https://registry.yarnpkg.com/xml2js/-/xml2js-0.5.0.tgz#d9440631fbb2ed800203fad106f2724f62c493b7"
    integrity sha512-drPFnkQJik/O+uPKpqSgr22mpuFHqKdbS835iAQrUC73L2F5WkboIRd63ai/2Yg6I1jzifPFKH2NTK+cfglkIA==
    dependencies:
      sax ">=0.6.0"
      xmlbuilder "~11.0.0"
  
  xmlbuilder@~11.0.0:
    version "11.0.1"
    resolved "https://registry.yarnpkg.com/xmlbuilder/-/xmlbuilder-11.0.1.tgz#be9bae1c8a046e76b31127726347d0ad7002beb3"
    integrity sha512-fDlsI/kFEx7gLvbecc0/ohLG50fugQp8ryHzMTuW9vSa1GJ0XYWKnhsUx7oie3G98+r56aTQIUB4kht42R3JvA==
  
  xmlcreate@^2.0.4:
    version "2.0.4"
    resolved "https://registry.yarnpkg.com/xmlcreate/-/xmlcreate-2.0.4.tgz#0c5ab0f99cdd02a81065fa9cd8f8ae87624889be"
    integrity sha512-nquOebG4sngPmGPICTS5EnxqhKbCmz5Ox5hsszI2T6U5qdrJizBc+0ilYSEjTSzU0yZcmvppztXe/5Al5fUwdg==
  
  xpath.js@~1.1.0:
    version "1.1.0"
    resolved "https://registry.yarnpkg.com/xpath.js/-/xpath.js-1.1.0.tgz#3816a44ed4bb352091083d002a383dd5104a5ff1"
    integrity sha512-jg+qkfS4K8E7965sqaUl8mRngXiKb3WZGfONgE18pr03FUQiuSV6G+Ej4tS55B+rIQSFEIw3phdVAQ4pPqNWfQ==
  
  xtend@^4.0.0:
    version "4.0.2"
    resolved "https://registry.yarnpkg.com/xtend/-/xtend-4.0.2.tgz#bb72779f5fa465186b1f438f674fa347fdb5db54"
    integrity sha512-LKYU1iAXJXUgAXn9URjiu+MWhyUXHsvfp7mcuYm9dSUKK0/CjtrUwFAxD82/mCWbtLsGjFIad0wIsod4zrTAEQ==
  
  yallist@^4.0.0:
    version "4.0.0"
    resolved "https://registry.yarnpkg.com/yallist/-/yallist-4.0.0.tgz#9bb92790d9c0effec63be73519e11a35019a3a72"
    integrity sha512-3wdGidZyq5PB084XLES5TpOSRA3wjXAlIWMhum2kRcv/41Sn2emQ0dycQW4uZXLejwKvg6EsvbdlVL+FYEct7A==
  
  yaml@^1.10.0, yaml@^1.10.2:
    version "1.10.2"
    resolved "https://registry.yarnpkg.com/yaml/-/yaml-1.10.2.tgz#2301c5ffbf12b467de8da2333a459e29e7920e4b"
    integrity sha512-r3vXyErRCYJ7wg28yvBY5VSoAF8ZvlcW9/BwUzEtUsjvX/DKs24dIkuwjtuprwJJHsbyUbLApepYTR1BN4uHrg==
  
  yocto-queue@^0.1.0:
    version "0.1.0"
    resolved "https://registry.yarnpkg.com/yocto-queue/-/yocto-queue-0.1.0.tgz#0294eb3dee05028d31ee1a5fa2c556a6aaf10a1b"
    integrity sha512-rVksvsnNCdJ/ohGc6xgPwyN8eheCxsiLM8mxuE/t/mOVqJewPuO1miLpTHQiRgTKCLexL4MeAFVagts7HmNZ2Q==
